Latitude,Longitude,Year,Month,Ocean,Sample_Method,Concentration_pieces_m3,Risk_Label
-31.696,-48.56,2015,8,Atlantic Ocean,Grab sample,0.018,Low
6.35,-121.85,2002,12,Pacific Ocean,Neuston net,0.0,Low
0.5,-95.35,2006,10,Pacific Ocean,Manta net,0.013,Low
16.623,-99.6978,2015,1,Pacific Ocean,Grab sample,0.001,Low
19.77,-81.06,2007,3,Atlantic Ocean,Neuston net,0.0,Low
19.3403,-156.087,2007,11,Pacific Ocean,Neuston net,0.631646,High
33.47,-151.63,2011,12,Pacific Ocean,Neuston net,0.00864,Low
32.6775,34.920833,2013,10,Atlantic Ocean,Manta net,1.956425,High
58.034333,-3.627833,2019,1,Atlantic Ocean,Neuston net,0.004425,Low
55.997,-4.888,2018,11,Atlantic Ocean,Neuston net,0.0,Low
81.1909,12.8995,2016,9,Arctic Ocean,Intake seawater pump,0.0,Low
12.95,-156.94,2005,10,Pacific Ocean,Neuston net,0.0216,Low
15.25,-157.55,2010,11,Pacific Ocean,Neuston net,0.0,Low
37.47,-66.97,1991,10,Atlantic Ocean,Neuston net,0.0,Low
38.617833,-20.686667,2019,6,Atlantic Ocean,Manta net,0.138471,High
43.11,-64.37,2001,6,Atlantic Ocean,Neuston net,0.009968,Low
43.61,-67.0,2005,6,Atlantic Ocean,Neuston net,0.0,Low
44.240431,8.469206,2018,9,Atlantic Ocean,Manta net,0.709184,High
57.22,-136.23,2002,7,Pacific Ocean,Neuston net,0.0,Low
39.69,-72.06,2008,9,Atlantic Ocean,Neuston net,0.0,Low
41.05,-70.67,1998,6,Atlantic Ocean,Neuston net,0.003088,Low
41.49,-70.9,1996,7,Atlantic Ocean,Neuston net,0.00216,Low
40.06,-71.16,1995,7,Atlantic Ocean,Neuston net,0.01296,Low
39.84,-68.3,2001,9,Atlantic Ocean,Neuston net,0.0048,Low
40.21,-68.1,1989,7,Atlantic Ocean,Neuston net,0.00648,Low
31.89,-71.22,2000,4,Atlantic Ocean,Neuston net,0.01944,Low
32.14,-64.73,2000,6,Atlantic Ocean,Neuston net,0.047516,Low
32.67,-64.48,1992,5,Atlantic Ocean,Neuston net,0.00432,Low
25.164051,-18.900932,2015,11,Atlantic Ocean,Intake seawater pump,0.5,High
33.06,-148.13,2007,7,Pacific Ocean,Neuston net,0.0,Low
31.790833,-143.96,2019,12,Pacific Ocean,Manta net,8.294709,High
31.99426,-135.652,2015,8,Pacific Ocean,Manta net,4.532856,High
24.28,-82.18,1997,1,Atlantic Ocean,Neuston net,0.00864,Low
21.84,-59.34,1998,10,Atlantic Ocean,Neuston net,0.01296,Low
20.18,-70.07,2008,4,Atlantic Ocean,Neuston net,0.00648,Low
25.38,-18.59,2014,11,Atlantic Ocean,Grab sample,0.0,Low
29.98,-140.0,2004,8,Pacific Ocean,Neuston net,0.0,Low
29.2323,-143.8742,2010,10,Pacific Ocean,Manta net,0.143,High
26.42,-77.91,1993,5,Atlantic Ocean,Neuston net,0.0,Low
27.9237,-82.4807,2016,8,Atlantic Ocean,Van Dorn sampler,0.0,Low
15.28,-64.43,1994,12,Atlantic Ocean,Neuston net,0.0,Low
15.65,-59.37,2001,11,Atlantic Ocean,Neuston net,0.008096,Low
12.73,-61.7,1992,12,Atlantic Ocean,Neuston net,0.0,Low
28.0315,-131.4227,2015,9,Pacific Ocean,Manta net,0.64902,High
25.35,-141.11,2009,2,Pacific Ocean,Neuston net,0.0,Low
22.76,-141.69,2004,4,Pacific Ocean,Neuston net,0.0,Low
12.77,-79.83,1992,3,Atlantic Ocean,Neuston net,0.0,Low
11.17,-67.28,1999,12,Atlantic Ocean,Neuston net,0.00432,Low
11.82,-66.38,2003,12,Atlantic Ocean,Neuston net,0.00216,Low
11.94,-68.26,1987,12,Atlantic Ocean,Neuston net,0.0,Low
17.27,-76.03,1993,2,Atlantic Ocean,Neuston net,0.043196,Low
16.73,-81.21,2000,3,Atlantic Ocean,Neuston net,0.0,Low
16.5,-80.97,1998,2,Atlantic Ocean,Neuston net,0.0,Low
11.38,-63.34,1998,12,Atlantic Ocean,Neuston net,0.0,Low
11.22,-62.23,1996,12,Atlantic Ocean,Neuston net,0.0,Low
33.38,-156.38,2005,10,Pacific Ocean,Neuston net,0.0,Low
40.16,-157.42,2010,12,Pacific Ocean,Neuston net,0.0,Low
31.746667,34.593,2014,2,Atlantic Ocean,Manta net,0.78064,High
35.742,26.212,2019,3,Atlantic Ocean,Manta net,0.9,High
42.637833,-9.14315,2018,9,Atlantic Ocean,Manta net,0.057342,Low
55.901,-4.909167,2018,10,Atlantic Ocean,Neuston net,0.041614,Low
-40.3233,-9.8962,2017,1,Atlantic Ocean,Grab sample,0.001,Low
16.88,-159.15,2004,4,Pacific Ocean,Neuston net,0.0,Low
19.95,-156.16,2009,3,Pacific Ocean,Neuston net,0.0,Low
24.21,-149.32,2007,8,Pacific Ocean,Neuston net,0.0,Low
46.29,-57.62,1989,7,Atlantic Ocean,Neuston net,0.002088,Low
42.58,-65.77,1992,5,Atlantic Ocean,Neuston net,0.0,Low
42.83,-69.38,2008,7,Atlantic Ocean,Neuston net,0.0,Low
42.86,-69.74,2000,8,Atlantic Ocean,Neuston net,0.009256,Low
50.3247,-5.1998,2016,10,Atlantic Ocean,Grab sample,0.0,Low
37.23,-64.5,2001,6,Atlantic Ocean,Neuston net,0.037788,Low
38.2729,-0.27666,2014,10,Atlantic Ocean,Manta net,2.381713,High
36.42,-4.343333,2014,8,Atlantic Ocean,Manta net,0.090741,High
35.016,-141.7381,2009,8,Pacific Ocean,Manta net,10.282,High
34.37,-143.7072,2009,9,Pacific Ocean,Neuston net,5.903267,High
38.967,-140.983,1972,10,Pacific Ocean,Neuston net,0.003,Low
37.2045,-133.865,2007,9,Pacific Ocean,Neuston net,0.425735,High
20.68,-71.58,1991,12,Atlantic Ocean,Neuston net,0.0,Low
25.93,-73.38,1995,5,Atlantic Ocean,Neuston net,0.00864,Low
29.13,-64.94,2001,5,Atlantic Ocean,Neuston net,0.030236,Low
24.2317,-21.2217,2014,11,Atlantic Ocean,Grab sample,0.033,Low
30.0497,-16.0541,2015,9,Atlantic Ocean,Grab sample,0.0,Low
32.000648,-142.5855,2015,8,Pacific Ocean,Manta net,3.964016,High
25.67,-76.07,1993,1,Atlantic Ocean,Neuston net,0.00432,Low
24.8,-75.65,1996,2,Atlantic Ocean,Neuston net,0.00432,Low
28.78,-57.3,1991,10,Atlantic Ocean,Neuston net,0.120952,High
23.95,-57.68,1999,11,Atlantic Ocean,Neuston net,0.0,Low
21.72,-64.54,2005,5,Atlantic Ocean,Neuston net,0.134988,High
26.25,-78.95,1996,3,Atlantic Ocean,Neuston net,0.030236,Low
25.89,-79.64,2007,2,Atlantic Ocean,Neuston net,0.0,Low
25.7429,-80.0865,2015,6,Atlantic Ocean,Grab sample,0.003,Low
27.9899,-82.6316,2016,6,Atlantic Ocean,Van Dorn sampler,0.0,Low
16.02,-58.47,1996,11,Atlantic Ocean,Neuston net,0.0,Low
13.7395,-44.58,2014,12,Atlantic Ocean,Grab sample,0.002,Low
16.8667,-49.25,2015,2,Atlantic Ocean,Grab sample,0.017,Low
30.09175,-133.8008,2015,9,Pacific Ocean,Manta net,2.206101,High
23.35,-144.31,2012,1,Pacific Ocean,Neuston net,0.0,Low
24.1633,-110.3172,2013,12,Pacific Ocean,Grab sample,0.007,Low
13.9,-65.93,1994,12,Atlantic Ocean,Neuston net,0.0,Low
17.34,-73.36,2001,12,Atlantic Ocean,Neuston net,0.0,Low
19.5,-74.05,1998,4,Atlantic Ocean,Neuston net,0.00648,Low
17.02,-63.43,1993,12,Atlantic Ocean,Neuston net,0.00216,Low
16.34,-62.91,2003,12,Atlantic Ocean,Neuston net,0.0,Low
15.26,-62.65,1987,12,Atlantic Ocean,Neuston net,0.004152,Low
-30.5678,-22.9272,2011,1,Atlantic Ocean,Neuston net,3.218619,High
-34.96585,13.93202,2017,7,Atlantic Ocean,Neuston net,0.0,Low
5.79,-147.72,2009,4,Pacific Ocean,Neuston net,0.0,Low
3.48,-143.62,2011,4,Pacific Ocean,Neuston net,0.0,Low
19.73,-146.63,2007,11,Pacific Ocean,Neuston net,0.0,Low
19.24,-143.41,2012,2,Pacific Ocean,Neuston net,0.0,Low
32.840167,34.951833,2014,7,Atlantic Ocean,Manta net,1.513241,High
37.5,26.3,2015,6,Atlantic Ocean,Manta net,0.066667,Low
85.575,11.2663,2016,8,Arctic Ocean,Intake seawater pump,1.0,High
-15.27,-148.78,2003,3,Pacific Ocean,Neuston net,0.0,Low
20.61,-155.0,2004,11,Pacific Ocean,Neuston net,0.0,Low
20.14,-148.94,2009,6,Pacific Ocean,Neuston net,0.0,Low
26.61,-153.31,2019,6,Pacific Ocean,Manta net,0.63396,High
40.58,-157.79,2006,3,Pacific Ocean,Neuston net,0.043748,Low
41.753333,3.063333,2015,6,Atlantic Ocean,Manta net,0.335,High
49.4856,-124.3535,2015,8,Pacific Ocean,Grab sample,0.0,Low
42.696733,10.32925,2018,6,Atlantic Ocean,Manta net,0.020988,Low
60.797,-148.093,2016,9,Pacific Ocean,Grab sample,0.0,Low
56.423167,-2.472833,2018,1,Atlantic Ocean,Neuston net,0.0,Low
31.3751,-41.7579,2013,6,Atlantic Ocean,Neuston net,1.120481,High
36.609833,-3.896333,2018,6,Atlantic Ocean,Manta net,0.016375,Low
31.7012,-12.288867,2013,9,Atlantic Ocean,Manta net,0.216199,High
36.156167,-23.8035,2014,7,Atlantic Ocean,Manta net,0.739937,High
37.991333,15.4615,2021,9,Atlantic Ocean,Manta net,0.046479,Low
41.3565,9.3491,2014,10,Atlantic Ocean,Manta net,0.584957,High
32.4396,-133.72655,2015,9,Pacific Ocean,Manta net,2.189049,High
42.23,-70.24,2002,7,Atlantic Ocean,Neuston net,0.0,Low
41.03,-68.58,1994,8,Atlantic Ocean,Neuston net,0.00216,Low
40.66,-69.97,2005,9,Atlantic Ocean,Neuston net,0.0,Low
41.54,-66.64,1998,9,Atlantic Ocean,Neuston net,0.0,Low
26.76,-65.67,2007,5,Atlantic Ocean,Neuston net,0.007856,Low
30.97,-66.37,1997,4,Atlantic Ocean,Neuston net,0.01512,Low
28.48,-73.48,1991,4,Atlantic Ocean,Neuston net,0.0,Low
28.6895,-14.0139,2015,3,Atlantic Ocean,Grab sample,0.008,Low
34.0587,-139.9829,2009,8,Pacific Ocean,Manta net,2.1,High
40.4037,-148.0525,2011,11,Pacific Ocean,Neuston net,1.162565,High
20.4494,-86.9901,2014,2,Atlantic Ocean,Grab sample,0.002,Low
30.03,-59.88,1992,10,Atlantic Ocean,Neuston net,0.097192,High
24.84,-71.45,2004,2,Atlantic Ocean,Neuston net,0.00324,Low
28.54,-116.09,2001,10,Pacific Ocean,Neuston net,0.0,Low
25.73,-77.08,1996,4,Atlantic Ocean,Neuston net,0.140388,High
27.897,-82.4382,2017,7,Atlantic Ocean,Van Dorn sampler,1000.0,High
24.59,-143.47,2008,4,Pacific Ocean,Neuston net,0.041396,Low
28.41,-140.21,2012,10,Pacific Ocean,Neuston net,2.818452,High
27.84,-140.77,2012,5,Pacific Ocean,Neuston net,0.0,Low
28.54,-140.09,2011,2,Pacific Ocean,Neuston net,0.0,Low
29.87705,-137.6065,2015,8,Pacific Ocean,Manta net,3.551559,High
30.993983,-139.5495,2015,8,Pacific Ocean,Manta net,5.997055,High
19.09,-77.96,2000,3,Atlantic Ocean,Neuston net,0.01512,Low
19.55,-59.93,1995,11,Atlantic Ocean,Neuston net,0.0,Low
15.1867,-54.7137,2014,11,Atlantic Ocean,Grab sample,0.004,Low
15.7974,-52.1839,2014,12,Atlantic Ocean,Grab sample,0.005,Low
17.0117,-42.6883,2014,11,Atlantic Ocean,Grab sample,0.022,Low
-27.013,-107.57014,2015,10,Pacific Ocean,AVANI net,0.085555,High
-34.3065,7.1063,2010,12,Atlantic Ocean,Neuston net,0.218032,High
-0.5,-92.0,2017,10,Pacific Ocean,Plankton net,0.49,High
18.7996,-110.9158,2016,3,Pacific Ocean,Grab sample,0.001,Low
16.23,-86.26,1987,12,Atlantic Ocean,Neuston net,0.0,Low
19.3465,-81.1861,2015,3,Atlantic Ocean,Grab sample,0.001,Low
33.02,-152.9,2008,3,Pacific Ocean,Neuston net,0.0,Low
36.956525,-150.65005,2015,8,Pacific Ocean,Manta net,2.220469,High
39.9,-157.2,2012,10,Pacific Ocean,Neuston net,0.012652,Low
32.584,34.9055,2015,2,Atlantic Ocean,Manta net,4.17,High
82.6463,-154.18,2016,9,Arctic Ocean,Intake seawater pump,1.0,High
16.13,-162.0,2006,2,Pacific Ocean,Neuston net,0.00648,Low
43.95,9.873333,2018,5,Atlantic Ocean,Manta net,0.218413,High
58.613167,-5.175333,2018,1,Atlantic Ocean,Neuston net,0.016313,Low
-37.1519,22.5079,2017,12,Indian Ocean,Intake seawater pump,46.0,High
12.25,-150.21,2003,2,Pacific Ocean,Neuston net,0.0,Low
14.71,-157.43,2012,4,Pacific Ocean,Neuston net,0.0072,Low
19.24,-156.55,2011,7,Pacific Ocean,Neuston net,0.0,Low
39.26,19.771,2015,4,Atlantic Ocean,Manta net,0.716667,High
36.5349,13.1282,2014,8,Atlantic Ocean,Manta net,2.34786,High
41.379079,2.194423,2021,1,Atlantic Ocean,Manta net,0.912,High
43.87,-58.92,2005,7,Atlantic Ocean,Neuston net,0.0,Low
44.17,-62.98,1998,7,Atlantic Ocean,Neuston net,0.0,Low
41.3,-69.03,1995,8,Atlantic Ocean,Neuston net,0.01512,Low
40.93,-70.42,1993,7,Atlantic Ocean,Neuston net,0.00864,Low
39.31,-66.02,1991,5,Atlantic Ocean,Neuston net,0.00648,Low
38.13,-65.45,2002,5,Atlantic Ocean,Neuston net,0.00216,Low
35.2107,-33.9168,2013,6,Atlantic Ocean,Neuston net,0.057574,Low
39.666667,19.366667,2013,5,Atlantic Ocean,Neuston net,11.196078,High
42.07,-69.73,1998,8,Atlantic Ocean,Neuston net,0.0,Low
22.256333,-26.314667,2020,12,Atlantic Ocean,Manta net,0.192579,High
20.9308,-27.1952,2014,11,Atlantic Ocean,Grab sample,0.002,Low
33.87,-146.33,2019,7,Pacific Ocean,Manta net,2.59128,High
35.9849,-139.9826,2009,8,Pacific Ocean,Manta net,1.894,High
33.77235,-132.7587,2015,9,Pacific Ocean,Manta net,0.605422,High
31.697,-129.0366,2014,9,Pacific Ocean,Grab sample,0.013,Low
24.24,-83.02,2004,1,Atlantic Ocean,Neuston net,0.001348,Low
25.18,-75.02,1992,4,Atlantic Ocean,Neuston net,0.00864,Low
25.97,-59.72,1994,10,Atlantic Ocean,Neuston net,0.0,Low
24.3,-59.51,2007,4,Atlantic Ocean,Neuston net,0.075988,Low
22.15,-69.15,2000,2,Atlantic Ocean,Neuston net,0.00864,Low
26.14,-73.19,2000,5,Atlantic Ocean,Neuston net,0.0,Low
30.017632,-135.489,2015,8,Pacific Ocean,Manta net,19.124298,High
24.52,-148.47,2009,10,Pacific Ocean,Neuston net,0.0,Low
25.28,-147.0,2009,5,Pacific Ocean,Neuston net,2.712124,High
26.05,-141.2,2004,10,Pacific Ocean,Neuston net,0.00216,Low
28.42,-80.09,1996,5,Atlantic Ocean,Neuston net,0.00648,Low
27.8096,-82.446,2017,4,Atlantic Ocean,Van Dorn sampler,0.0,Low
17.78,-68.15,1997,3,Atlantic Ocean,Neuston net,0.0,Low
15.66,-60.77,2008,11,Atlantic Ocean,Neuston net,0.0,Low
19.7,-59.35,1992,11,Atlantic Ocean,Neuston net,0.00432,Low
10.760339,-61.441728,2015,10,Atlantic Ocean,Hand picking,0.666667,High
18.1069,-36.717,2014,12,Atlantic Ocean,Grab sample,0.003,Low
18.2258,-45.857,2014,12,Atlantic Ocean,Grab sample,0.049,Low
-26.46396,-105.36589,2015,11,Pacific Ocean,Neuston net,0.056245,Low
-31.3878,-93.3457,2011,4,Pacific Ocean,Neuston net,0.102203,High
-11.71,-141.93,2002,2,Pacific Ocean,Neuston net,0.001384,Low
3.01,-88.1,2001,12,Pacific Ocean,Neuston net,0.0,Low
19.8,-143.03,2008,10,Pacific Ocean,Neuston net,0.0,Low
18.43,-76.23,2006,4,Atlantic Ocean,Neuston net,0.0,Low
33.1,-149.63,2004,12,Pacific Ocean,Neuston net,0.00216,Low
35.0936,34.3911,2014,8,Atlantic Ocean,Manta net,0.028537,Low
15.94,-162.49,2008,6,Pacific Ocean,Neuston net,0.0,Low
57.535333,-6.815,2022,1,Atlantic Ocean,Neuston net,0.096683,High
56.3339,-6.383,2016,5,Atlantic Ocean,Grab sample,0.0,Low
54.636833,-4.444,2016,1,Atlantic Ocean,Neuston net,0.066703,Low
66.883333,-9.15,2017,9,Arctic Ocean,Manta net,0.041683,Low
6.84,-149.44,2005,4,Pacific Ocean,Neuston net,0.0,Low
14.71,-157.43,2012,7,Pacific Ocean,Neuston net,0.0,Low
45.1215,-9.773833,2019,6,Atlantic Ocean,Manta net,0.053377,Low
43.063,5.8787,2010,7,Atlantic Ocean,Neuston net,0.0,Low
42.611,8.7088,2013,7,Atlantic Ocean,Manta net,1.14324,High
44.218833,14.168,2021,6,Atlantic Ocean,Manta net,3.203462,High
56.570583,-142.849833,2019,2,Pacific Ocean,Neuston net,0.013169,Low
60.291167,-0.618333,2021,1,Atlantic Ocean,Neuston net,0.0,Low
40.25,-66.03,1995,5,Atlantic Ocean,Neuston net,0.012344,Low
35.13,-60.98,2002,10,Atlantic Ocean,Neuston net,0.01512,Low
41.791667,9.503333,2011,9,Atlantic Ocean,Manta net,1.013376,High
41.175724,1.526081,2021,3,Atlantic Ocean,Manta net,0.436,High
32.62,-64.7,1996,5,Atlantic Ocean,Neuston net,0.079912,Low
35.07,-65.48,1996,5,Atlantic Ocean,Neuston net,0.26782,High
41.1,-68.92,1992,9,Atlantic Ocean,Neuston net,0.0,Low
40.25,-70.15,1992,10,Atlantic Ocean,Neuston net,0.097164,High
32.84,-147.81,2009,10,Pacific Ocean,Neuston net,0.0,Low
32.0309,-139.9165,2009,8,Pacific Ocean,Manta net,0.945,High
34.8762,-145.52865,2015,8,Pacific Ocean,Manta net,1.743582,High
32.8454,-118.3583,2015,3,Pacific Ocean,Grab sample,0.001,Low
24.1,-58.43,1999,11,Atlantic Ocean,Neuston net,0.00432,Low
24.34,-56.42,2005,10,Atlantic Ocean,Neuston net,0.005716,Low
25.25,-68.2,1999,2,Atlantic Ocean,Neuston net,0.0,Low
25.32,-68.45,1999,2,Atlantic Ocean,Neuston net,0.043196,Low
24.86,-74.17,2003,2,Atlantic Ocean,Neuston net,0.0,Low
24.63,-75.42,1999,4,Atlantic Ocean,Neuston net,0.019936,Low
27.14,-60.1,1996,10,Atlantic Ocean,Neuston net,0.035096,Low
22.6,-60.0,1995,11,Atlantic Ocean,Neuston net,0.00926,Low
26.12,-78.53,1992,4,Atlantic Ocean,Neuston net,0.0,Low
27.8493,-82.4314,2016,12,Atlantic Ocean,Plankton net,5.8,High
27.7084,-82.6092,2017,6,Atlantic Ocean,Van Dorn sampler,0.0,Low
27.7084,-82.6092,2017,4,Atlantic Ocean,Plankton net,3.4,High
19.04,-59.72,1999,11,Atlantic Ocean,Neuston net,0.00432,Low
14.0,-59.0,2014,12,Atlantic Ocean,Grab sample,0.012,Low
18.7792,-47.456,2014,12,Atlantic Ocean,Grab sample,0.006,Low
22.11,-141.71,2006,7,Pacific Ocean,Neuston net,0.0,Low
25.94,-146.58,2011,6,Pacific Ocean,Neuston net,0.326132,High
26.16,-77.85,2003,2,Atlantic Ocean,Neuston net,0.0,Low
17.11,-77.03,2006,4,Atlantic Ocean,Neuston net,0.0027,Low
16.24,-81.2,1992,3,Atlantic Ocean,Neuston net,0.0,Low
16.72,-83.78,1987,3,Atlantic Ocean,Neuston net,0.00432,Low
17.66,-86.0,2002,4,Atlantic Ocean,Neuston net,0.02376,Low
14.47,-62.6,1992,12,Atlantic Ocean,Neuston net,0.00648,Low
17.35,-60.2,1995,11,Atlantic Ocean,Neuston net,0.00864,Low
-26.3318,-115.7358,2011,4,Pacific Ocean,Neuston net,0.0,Low
-33.1342,-81.2382,2011,3,Pacific Ocean,Manta net,0.992036,High
5.79,-147.72,2009,7,Pacific Ocean,Neuston net,0.0,Low
3.85,-143.98,2002,3,Pacific Ocean,Neuston net,0.0,Low
1.09,-142.01,2002,3,Pacific Ocean,Neuston net,0.0,Low
19.8,-143.03,2008,5,Pacific Ocean,Neuston net,0.0,Low
36.3728,-153.6528,2015,8,Pacific Ocean,Manta net,1.550254,High
15.94,-162.49,2008,11,Pacific Ocean,Neuston net,0.0,Low
55.9465,-2.1475,2020,1,Atlantic Ocean,Neuston net,0.042147,Low
56.376517,10.94445,2019,10,Atlantic Ocean,Manta net,0.024366,Low
6.84,-149.44,2004,12,Pacific Ocean,Neuston net,0.0,Low
19.13,-154.67,2003,4,Pacific Ocean,Neuston net,0.0,Low
22.0,-149.9,2014,7,Pacific Ocean,Grab sample,0.036,Low
33.1,-149.63,2005,5,Pacific Ocean,Neuston net,0.00216,Low
42.9385,6.343833,2018,7,Atlantic Ocean,Manta net,0.236481,High
43.168167,10.2515,2021,7,Atlantic Ocean,Manta net,0.813379,High
50.402217,1.145633,2020,11,Atlantic Ocean,Manta net,0.114039,High
56.288167,-2.501667,2020,1,Atlantic Ocean,Neuston net,0.034858,Low
56.125,-4.826833,2021,9,Atlantic Ocean,Neuston net,0.0,Low
55.729,-4.9895,2017,11,Atlantic Ocean,Neuston net,0.053303,Low
45.763833,-129.340667,2019,11,Pacific Ocean,Manta net,0.451787,High
48.734,-142.846583,2019,3,Pacific Ocean,Neuston net,0.0,Low
42.62,-61.75,1996,7,Atlantic Ocean,Neuston net,0.00432,Low
47.1,-56.07,1996,7,Atlantic Ocean,Neuston net,0.0054,Low
33.43,-58.62,2005,10,Atlantic Ocean,Neuston net,0.0,Low
31.47,-55.68,1992,10,Atlantic Ocean,Neuston net,0.040816,Low
38.43987,-9.09325,2018,8,Atlantic Ocean,Neuston net,0.543901,High
38.864,12.6117,2014,7,Atlantic Ocean,Manta net,0.106896,High
41.403637,2.2193,2021,4,Atlantic Ocean,Manta net,2.192667,High
41.314,2.2465,2012,8,Atlantic Ocean,Manta net,2.505023,High
36.17,-65.3,1995,10,Atlantic Ocean,Neuston net,0.0,Low
39.0,-73.45,2006,6,Atlantic Ocean,Neuston net,0.00432,Low
41.99,-69.46,2002,8,Atlantic Ocean,Neuston net,0.00432,Low
40.85,-70.62,1992,10,Atlantic Ocean,Neuston net,0.010796,Low
37.1,-66.96,1999,10,Atlantic Ocean,Neuston net,0.323976,High
41.1499,-55.6686,2018,5,Atlantic Ocean,Intake seawater pump,37.0,High
32.2584,-127.3653,2009,8,Pacific Ocean,Manta net,0.159,High
33.87,-64.62,2002,5,Atlantic Ocean,Neuston net,0.01944,Low
34.85,-66.94,1999,4,Atlantic Ocean,Neuston net,0.007852,Low
34.03,-62.88,1995,10,Atlantic Ocean,Neuston net,0.024692,Low
28.46,-59.87,1998,10,Atlantic Ocean,Neuston net,0.253288,High
30.5477,-63.7064,2010,1,Atlantic Ocean,Neuston net,2.364218,High
21.0698,-37.076,2014,12,Atlantic Ocean,Grab sample,0.01,Low
31.72,-144.77,2011,5,Pacific Ocean,Neuston net,0.0,Low
24.27,-82.29,2006,5,Atlantic Ocean,Neuston net,0.00216,Low
24.59,-79.38,1999,3,Atlantic Ocean,Neuston net,0.194384,High
27.6934,-82.5559,2016,8,Atlantic Ocean,Van Dorn sampler,0.0,Low
16.57,-60.48,1992,11,Atlantic Ocean,Neuston net,0.0,Low
11.83,-60.83,1986,10,Atlantic Ocean,Neuston net,0.0,Low
25.94,-146.58,2011,10,Pacific Ocean,Neuston net,0.326132,High
27.33,-142.18,2006,5,Pacific Ocean,Neuston net,0.003324,Low
29.95,-80.23,1999,3,Atlantic Ocean,Neuston net,0.0,Low
26.6,-79.39,2003,3,Atlantic Ocean,Neuston net,0.0,Low
19.24,-143.41,2012,7,Pacific Ocean,Neuston net,0.452324,High
18.15,-74.89,1992,3,Atlantic Ocean,Neuston net,0.00216,Low
16.37,-76.65,1992,3,Atlantic Ocean,Neuston net,0.0,Low
16.37,-85.58,2003,3,Atlantic Ocean,Neuston net,0.0,Low
14.41,-96.5,2001,11,Pacific Ocean,Neuston net,0.00648,Low
-28.7311,-103.5486,2011,4,Pacific Ocean,Manta net,0.176073,High
-28.3865,-16.3898,2011,1,Atlantic Ocean,Neuston net,0.814427,High
-14.91,-146.58,2003,3,Pacific Ocean,Neuston net,0.0,Low
-23.0308,-30.8532,2010,8,Atlantic Ocean,Neuston net,0.303663,High
19.62,-146.5,2005,3,Pacific Ocean,Neuston net,0.00216,Low
18.24,-76.4,1998,12,Atlantic Ocean,Neuston net,0.00216,Low
28.42,-150.3,2019,7,Pacific Ocean,Manta net,2.464707,High
26.25525,-151.30095,2015,8,Pacific Ocean,Manta net,1.566289,High
33.38,-156.38,2006,4,Pacific Ocean,Neuston net,0.0,Low
40.38,-157.49,2008,12,Pacific Ocean,Neuston net,0.44862,High
32.059167,34.748333,2014,8,Atlantic Ocean,Manta net,0.812937,High
37.9,24.7,2015,6,Atlantic Ocean,Manta net,0.29,High
10.28,-160.52,2002,4,Pacific Ocean,Neuston net,0.0,Low
9.55,-155.93,2011,7,Pacific Ocean,Neuston net,0.0054,Low
19.95,-156.16,2009,7,Pacific Ocean,Neuston net,0.0,Low
20.35,-154.67,2011,10,Pacific Ocean,Neuston net,0.0,Low
23.567,-160.4192,2009,6,Pacific Ocean,Neuston net,0.164343,High
23.65,-149.74,2005,7,Pacific Ocean,Neuston net,0.0,Low
56.313667,-2.5485,2019,11,Atlantic Ocean,Neuston net,0.0,Low
56.112167,-2.881667,2018,1,Atlantic Ocean,Neuston net,0.341743,High
56.1505,-2.3865,2022,1,Atlantic Ocean,Neuston net,0.066437,Low
54.86375,12.305633,2019,5,Atlantic Ocean,Manta net,0.0,Low
42.106833,15.615167,2013,5,Atlantic Ocean,Neuston net,1.603376,High
38.5046,16.8681,2014,11,Atlantic Ocean,Grab sample,0.007,Low
38.013,12.087667,2020,11,Atlantic Ocean,Manta net,0.184805,High
38.5445,9.82533,2013,6,Atlantic Ocean,Neuston net,2.179487,High
41.397303,2.21315,2021,4,Atlantic Ocean,Manta net,0.177333,High
41.24,-68.35,1992,6,Atlantic Ocean,Neuston net,0.0,Low
40.85,-68.65,2006,7,Atlantic Ocean,Neuston net,0.0,Low
39.54,-64.31,1999,10,Atlantic Ocean,Neuston net,0.00216,Low
32.844825,-37.951367,2020,11,Atlantic Ocean,Manta net,2.175247,High
38.44652,-9.04146,2019,1,Atlantic Ocean,Neuston net,0.289436,High
39.0558,-76.2883,2015,10,Atlantic Ocean,Grab sample,0.063,Low
32.83,-64.85,1987,6,Atlantic Ocean,Neuston net,0.0234,Low
34.05,-65.32,2007,5,Atlantic Ocean,Neuston net,0.0,Low
34.1,-64.92,1992,5,Atlantic Ocean,Neuston net,0.086392,High
27.45,-58.13,2003,10,Atlantic Ocean,Neuston net,0.205184,High
25.42,-60.75,1999,4,Atlantic Ocean,Neuston net,0.111076,High
20.17,-67.97,2002,2,Atlantic Ocean,Neuston net,0.127428,High
27.9146,-64.0454,2016,5,Atlantic Ocean,Grab sample,0.041,Low
24.7292,-19.2968,2014,11,Atlantic Ocean,Grab sample,0.026,Low
33.1052,-134.4999,2018,10,Pacific Ocean,Manta net,21.788339,High
24.24,-81.83,2000,1,Atlantic Ocean,Neuston net,0.0,Low
25.27,-75.13,1993,2,Atlantic Ocean,Neuston net,0.0,Low
24.85,-75.45,1992,1,Atlantic Ocean,Neuston net,0.0,Low
23.35,-144.31,2012,5,Pacific Ocean,Neuston net,0.0,Low
28.72,-140.03,2008,7,Pacific Ocean,Neuston net,0.0,Low
20.763,-105.521,2014,10,Pacific Ocean,Grab sample,0.004,Low
25.75,-79.36,1995,3,Atlantic Ocean,Neuston net,0.0,Low
26.75,-79.78,2003,5,Atlantic Ocean,Neuston net,0.0,Low
18.5,-74.83,1996,4,Atlantic Ocean,Neuston net,0.056156,Low
13.62,-62.89,1998,12,Atlantic Ocean,Neuston net,0.0,Low
14.77,-71.25,1995,12,Atlantic Ocean,Neuston net,0.028796,Low
16.68,-62.0,1996,11,Atlantic Ocean,Neuston net,0.0,Low
14.18,-60.75,1991,10,Atlantic Ocean,Neuston net,0.0,Low
19.225,-31.6067,2014,12,Atlantic Ocean,Grab sample,0.011,Low
-24.5847,-125.7344,2011,4,Pacific Ocean,Manta net,0.018868,Low
-27.8835,-25.8982,2010,11,Atlantic Ocean,Neuston net,0.064891,Low
-4.83,-109.12,2001,12,Pacific Ocean,Neuston net,0.0,Low
5.04,-144.77,2003,2,Pacific Ocean,Neuston net,0.0,Low
19.62,-146.5,2005,7,Pacific Ocean,Neuston net,0.00216,Low
17.21,-77.51,1999,2,Atlantic Ocean,Neuston net,0.025196,Low
33.7601,-160.4152,2008,2,Pacific Ocean,Neuston net,1.090297,High
33.47,-151.63,2012,4,Pacific Ocean,Neuston net,0.0,Low
40.38,-157.49,2008,6,Pacific Ocean,Neuston net,0.44862,High
31.7495,34.5525,2015,2,Atlantic Ocean,Manta net,4.676409,High
26.8,-166.54,2002,4,Pacific Ocean,Neuston net,0.35514,High
56.01595,-4.894333,2019,11,Atlantic Ocean,Neuston net,0.0,Low
9.55,-155.93,2011,11,Pacific Ocean,Neuston net,0.0054,Low
12.95,-156.94,2006,2,Pacific Ocean,Neuston net,0.0216,Low
20.35,-154.67,2011,7,Pacific Ocean,Neuston net,0.0,Low
23.65,-149.74,2005,2,Pacific Ocean,Neuston net,0.0,Low
47.481167,-3.081333,2020,8,Atlantic Ocean,Manta net,0.003961,Low
51.807883,3.639867,2018,4,Atlantic Ocean,Manta net,0.021685,Low
60.3735,-146.2318,2015,11,Pacific Ocean,Grab sample,0.011,Low
58.323833,-6.9505,2018,1,Atlantic Ocean,Neuston net,0.0,Low
57.793333,-6.724833,2022,1,Atlantic Ocean,Neuston net,0.039852,Low
39.668,20.019,2014,10,Atlantic Ocean,Manta net,4.26,High
41.038,17.866833,2013,5,Atlantic Ocean,Neuston net,0.996134,High
43.1625,-129.18,2019,12,Pacific Ocean,Manta net,0.044416,Low
43.04,-60.92,1999,7,Atlantic Ocean,Neuston net,0.0,Low
40.30275,-130.0122,2015,9,Pacific Ocean,Manta net,0.239722,High
34.68,-66.58,1987,4,Atlantic Ocean,Neuston net,0.00864,Low
39.88,-69.7,2006,10,Atlantic Ocean,Neuston net,0.0,Low
41.03,-65.72,1992,7,Atlantic Ocean,Neuston net,0.01296,Low
25.27,-77.37,2002,4,Atlantic Ocean,Neuston net,0.015708,Low
26.37,-72.35,1995,5,Atlantic Ocean,Neuston net,0.01512,Low
26.85,-71.67,1992,4,Atlantic Ocean,Neuston net,0.043196,Low
22.39117,-20.66398,2016,11,Atlantic Ocean,Neuston net,0.004222,Low
27.1,-22.46,2014,11,Atlantic Ocean,Grab sample,0.005,Low
32.72,-144.28,2019,8,Pacific Ocean,Manta net,4.632787,High
24.53,-83.35,1993,1,Atlantic Ocean,Neuston net,0.0,Low
24.05,-81.6,2004,2,Atlantic Ocean,Neuston net,0.01296,Low
26.79615,-130.09925,2015,9,Pacific Ocean,Manta net,0.719813,High
25.35,-141.11,2009,5,Pacific Ocean,Neuston net,0.0,Low
28.72,-140.03,2008,12,Pacific Ocean,Neuston net,0.0,Low
29.467,-138.8152,2014,9,Pacific Ocean,Grab sample,0.005,Low
30.8,-79.85,1996,5,Atlantic Ocean,Neuston net,0.0,Low
27.61,-82.7832,2016,7,Atlantic Ocean,Van Dorn sampler,0.0,Low
17.54,-61.23,2007,4,Atlantic Ocean,Neuston net,0.0087,Low
14.1167,-60.9167,2014,12,Atlantic Ocean,Grab sample,0.0,Low
13.35,-59.86,2005,11,Atlantic Ocean,Neuston net,0.0043,Low
12.57,-61.64,1999,12,Atlantic Ocean,Neuston net,0.01512,Low
10.758064,-61.436573,2016,1,Atlantic Ocean,Hand picking,0.0,Low
17.4406,-38.8894,2014,11,Atlantic Ocean,Grab sample,0.01,Low
16.58,-82.21,1998,12,Atlantic Ocean,Neuston net,0.00432,Low
15.16,-72.99,2002,12,Atlantic Ocean,Neuston net,0.0,Low
17.42,-63.15,1995,12,Atlantic Ocean,Neuston net,0.0,Low
15.87,-63.85,1991,11,Atlantic Ocean,Neuston net,0.0,Low
17.35,-60.34,1996,11,Atlantic Ocean,Neuston net,0.0,Low
17.0115,-61.7824,2016,3,Atlantic Ocean,Grab sample,0.005,Low
-1.5,-89.0,2017,10,Pacific Ocean,Plankton net,0.78,High
19.62,-146.5,2005,12,Pacific Ocean,Neuston net,0.00216,Low
18.97,-143.47,2011,3,Pacific Ocean,Neuston net,0.0108,Low
17.97,-75.4,1996,2,Atlantic Ocean,Neuston net,0.043196,Low
16.58,-75.43,1992,2,Atlantic Ocean,Neuston net,0.00216,Low
16.87,-84.33,1998,4,Atlantic Ocean,Neuston net,0.0,Low
25.5686,-149.1358,2010,10,Pacific Ocean,Manta net,1.106,High
33.1,-156.49,2011,12,Pacific Ocean,Neuston net,0.0,Low
33.02,-152.9,2007,7,Pacific Ocean,Neuston net,0.0,Low
40.16,-157.42,2010,7,Pacific Ocean,Neuston net,0.0,Low
-45.15,-73.635,2016,1,Pacific Ocean,Manta net,0.004951,Low
16.13,-162.0,2005,9,Pacific Ocean,Neuston net,0.00648,Low
42.43,-70.05,1998,7,Atlantic Ocean,Neuston net,0.0,Low
48.363,-70.643,2021,9,Atlantic Ocean,Manta net,0.0,Low
42.70145,9.558117,2019,6,Atlantic Ocean,Manta net,0.335363,High
9.55,-155.93,2012,4,Pacific Ocean,Neuston net,0.0054,Low
19.2407,-155.1751,2007,11,Pacific Ocean,Neuston net,0.015673,Low
40.87,-66.34,2002,9,Atlantic Ocean,Neuston net,0.00216,Low
37.011667,-20.895667,2019,5,Atlantic Ocean,Manta net,0.209651,High
36.773149,2.820132,2018,11,Atlantic Ocean,Manta net,0.805757,High
47.8033,-122.6763,2014,11,Pacific Ocean,Grab sample,0.0,Low
42.71,-65.39,1990,8,Atlantic Ocean,Neuston net,0.0,Low
42.67,-69.68,2005,6,Atlantic Ocean,Neuston net,0.012,Low
39.02,-69.37,2000,7,Atlantic Ocean,Neuston net,0.0,Low
40.98,-70.62,1991,10,Atlantic Ocean,Neuston net,0.0,Low
42.04,-68.78,1999,7,Atlantic Ocean,Neuston net,0.0,Low
20.533562,-22.547634,2015,11,Atlantic Ocean,Intake seawater pump,1.0,High
33.666667,-141.15,2019,12,Pacific Ocean,Manta net,3.692508,High
34.1333,-137.1,2015,8,Pacific Ocean,Manta net,3.616785,High
39.3513,-76.1448,2013,10,Atlantic Ocean,Grab sample,0.002,Low
24.85,-83.55,1997,1,Atlantic Ocean,Neuston net,0.0,Low
25.35,-82.58,2000,2,Atlantic Ocean,Neuston net,0.0108,Low
24.14,-81.35,2001,3,Atlantic Ocean,Neuston net,0.003928,Low
23.84,-59.53,2006,10,Atlantic Ocean,Neuston net,0.02066,Low
25.17,-68.78,2008,4,Atlantic Ocean,Neuston net,0.0108,Low
30.86,-64.16,2000,4,Atlantic Ocean,Neuston net,0.0162,Low
27.84,-140.77,2004,9,Pacific Ocean,Neuston net,0.0024,Low
29.998968,-137.752,2015,8,Pacific Ocean,Manta net,3.457382,High
28.74,-147.03,2018,11,Pacific Ocean,Manta net,0.827634,High
29.98,-77.52,1998,4,Atlantic Ocean,Neuston net,0.051836,Low
27.48,-79.4,2007,4,Atlantic Ocean,Neuston net,0.00648,Low
17.6,-63.32,2001,11,Atlantic Ocean,Neuston net,0.0108,Low
19.97,-58.73,1993,11,Atlantic Ocean,Neuston net,0.00648,Low
15.8,-51.1,2014,12,Atlantic Ocean,Grab sample,0.011,Low
13.35,-61.38,1992,11,Atlantic Ocean,Neuston net,0.00216,Low
17.2434,-24.7659,2014,11,Atlantic Ocean,Grab sample,0.008,Low
28.51325,-132.18175,2015,9,Pacific Ocean,Manta net,0.682223,High
10.55,-64.68,1992,12,Atlantic Ocean,Neuston net,0.00648,Low
12.43,-65.48,1987,12,Atlantic Ocean,Neuston net,0.0,Low
13.18,-62.07,1991,12,Atlantic Ocean,Neuston net,0.0,Low
13.47,-63.22,1994,12,Atlantic Ocean,Neuston net,0.0,Low
15.32,-72.15,1995,12,Atlantic Ocean,Neuston net,0.0,Low
3.48,-143.62,2010,12,Pacific Ocean,Neuston net,0.0,Low
0.314,-89.9471,2015,2,Pacific Ocean,Grab sample,0.002,Low
18.45,-76.48,1993,2,Atlantic Ocean,Neuston net,0.0,Low
18.44,-75.76,2000,3,Atlantic Ocean,Neuston net,0.00864,Low
33.47,-151.63,2011,10,Pacific Ocean,Neuston net,0.00864,Low
40.38,-157.49,2009,4,Pacific Ocean,Neuston net,0.44862,High
32.823667,35.035,2014,4,Atlantic Ocean,Manta net,9.563492,High
37.471,25.159,2017,7,Atlantic Ocean,Manta net,0.159524,High
56.114833,-2.776,2018,12,Atlantic Ocean,Neuston net,0.031501,Low
73.6265,-81.3629,2015,7,Arctic Ocean,Grab sample,0.044,Low
71.8268,-93.6988,2016,9,Arctic Ocean,Grab sample,0.087,High
20.27,-156.47,2007,11,Pacific Ocean,Neuston net,0.0,Low
20.61,-155.0,2004,4,Pacific Ocean,Neuston net,0.009256,Low
20.14,-148.94,2009,3,Pacific Ocean,Neuston net,0.0,Low
46.07,-56.87,1989,8,Atlantic Ocean,Neuston net,0.00648,Low
44.05,-64.37,1992,5,Atlantic Ocean,Neuston net,0.01944,Low
42.43,-66.23,1992,5,Atlantic Ocean,Neuston net,0.0108,Low
42.4907,3.4473,2014,10,Atlantic Ocean,Manta net,1.490453,High
55.870833,-4.915833,2018,10,Atlantic Ocean,Neuston net,0.0,Low
36.6625,-6.763167,2020,7,Atlantic Ocean,Manta net,0.0,Low
36.746667,-7.086667,2017,8,Atlantic Ocean,Manta net,0.058471,Low
37.9142,23.62655,2019,3,Atlantic Ocean,Manta net,0.128726,High
42.573183,-129.924617,2019,12,Pacific Ocean,Manta net,0.50676,High
32.4,-64.42,2004,5,Atlantic Ocean,Neuston net,0.059396,Low
40.3,-69.57,1997,6,Atlantic Ocean,Neuston net,0.00216,Low
40.65,-69.15,2008,8,Atlantic Ocean,Neuston net,0.003292,Low
37.05,-63.73,2003,10,Atlantic Ocean,Neuston net,0.0216,Low
37.56,-0.861667,2015,3,Atlantic Ocean,Manta net,0.189,High
34.4425,-9.997,2014,7,Atlantic Ocean,Manta net,0.473298,High
36.9572,-121.9669,2015,1,Pacific Ocean,Grab sample,0.002,Low
37.64,-122.54,2002,8,Pacific Ocean,Neuston net,0.0,Low
32.04,-65.17,2001,7,Atlantic Ocean,Neuston net,0.0,Low
32.31,-63.39,2005,4,Atlantic Ocean,Neuston net,0.00648,Low
24.5117,-25.9383,2014,11,Atlantic Ocean,Grab sample,0.012,Low
30.1455,-15.8551,2015,9,Atlantic Ocean,Grab sample,0.0,Low
33.06,-148.13,2006,12,Pacific Ocean,Neuston net,0.0,Low
32.000367,-140.351,2015,8,Pacific Ocean,Manta net,8.765483,High
37.8664,-143.8151,2007,9,Pacific Ocean,Neuston net,3.392126,High
33.0328,-133.35875,2015,9,Pacific Ocean,Manta net,1.79035,High
28.43,-58.12,1996,10,Atlantic Ocean,Neuston net,0.289416,High
20.7,-57.72,2005,10,Atlantic Ocean,Neuston net,0.004508,Low
24.55,-74.27,1995,5,Atlantic Ocean,Neuston net,0.028076,Low
26.97,-65.18,2001,5,Atlantic Ocean,Neuston net,0.395684,High
28.72,-69.7,1995,5,Atlantic Ocean,Neuston net,0.133908,High
27.9899,-82.6316,2017,7,Atlantic Ocean,Van Dorn sampler,1000.0,High
14.93,-59.96,1998,11,Atlantic Ocean,Neuston net,0.0,Low
29.3194,-133.18895,2015,9,Pacific Ocean,Manta net,1.333847,High
26.21,-144.53,2012,10,Pacific Ocean,Neuston net,0.615428,High
23.14,-109.13,2002,12,Pacific Ocean,Neuston net,0.0,Low
16.57,-84.95,1994,4,Atlantic Ocean,Neuston net,0.0,Low
11.42,-66.5,1998,12,Atlantic Ocean,Neuston net,0.00432,Low
12.42,-61.93,1994,12,Atlantic Ocean,Neuston net,0.0,Low
13.35,-68.7,1996,12,Atlantic Ocean,Neuston net,0.0,Low
17.92,-63.97,1996,12,Atlantic Ocean,Neuston net,0.00864,Low
15.81,-61.99,2003,12,Atlantic Ocean,Neuston net,0.00576,Low
-34.1065,23.215333,2018,11,Indian Ocean,Manta net,0.025293,Low
-15.04753,2.953221,2015,11,Atlantic Ocean,Intake seawater pump,0.5,High
-24.163756,8.668449,2015,11,Atlantic Ocean,Intake seawater pump,0.0,Low
-5.81,-111.29,2001,12,Pacific Ocean,Neuston net,0.0,Low
19.03,-74.49,2002,3,Atlantic Ocean,Neuston net,0.0027,Low
31.033,-155.067,1973,2,Pacific Ocean,Neuston net,0.001,Low
33.09,-156.27,2008,12,Pacific Ocean,Neuston net,0.00266,Low
33.1,-149.63,2005,11,Pacific Ocean,Neuston net,0.00216,Low
6.67,-162.95,2002,4,Pacific Ocean,Neuston net,0.01246,Low
56.1345,-2.743167,2019,11,Atlantic Ocean,Neuston net,0.0,Low
66.331683,12.380167,2019,7,Arctic Ocean,Manta net,0.007412,Low
-19.952167,-157.687167,2016,9,Pacific Ocean,Manta net,0.013095,Low
4.21,-157.2,2012,11,Pacific Ocean,Neuston net,0.002068,Low
13.69,-156.87,2004,5,Pacific Ocean,Neuston net,0.008864,Low
16.36,-159.94,2007,3,Pacific Ocean,Neuston net,0.016196,Low
41.58,-66.7,1999,6,Atlantic Ocean,Neuston net,0.0,Low
35.677333,-27.739887,2020,11,Atlantic Ocean,Manta net,0.402588,High
42.6,-69.42,2006,7,Atlantic Ocean,Neuston net,0.009256,Low
43.3204,5.3147,2019,6,Atlantic Ocean,Manta net,0.051692,Low
33.22,-62.5,2007,10,Atlantic Ocean,Neuston net,0.024192,Low
34.65,-64.98,1987,5,Atlantic Ocean,Neuston net,0.082072,High
34.37,-63.52,1999,10,Atlantic Ocean,Neuston net,0.073436,Low
40.25,-71.18,2000,10,Atlantic Ocean,Neuston net,0.0,Low
35.9653,-139.8182,2008,2,Pacific Ocean,Neuston net,1.435495,High
20.88,-59.15,1992,10,Atlantic Ocean,Neuston net,0.040792,Low
20.27,-59.4,2005,4,Atlantic Ocean,Neuston net,0.0216,Low
21.1,-72.87,1993,2,Atlantic Ocean,Neuston net,0.0,Low
24.05,-74.05,1993,2,Atlantic Ocean,Neuston net,0.00216,Low
24.21,-69.41,1997,4,Atlantic Ocean,Neuston net,0.164148,High
30.71,-62.86,1999,4,Atlantic Ocean,Neuston net,0.035996,Low
24.35,-80.52,1998,3,Atlantic Ocean,Neuston net,0.0,Low
24.2,-81.93,2007,12,Atlantic Ocean,Neuston net,0.001056,Low
25.5,-79.43,1998,1,Atlantic Ocean,Neuston net,0.00432,Low
29.24,-59.59,2000,10,Atlantic Ocean,Neuston net,0.053384,Low
28.58,-56.68,2000,10,Atlantic Ocean,Neuston net,0.107992,High
22.48,-57.92,1994,10,Atlantic Ocean,Neuston net,0.0,Low
24.91,-82.62,2001,1,Atlantic Ocean,Neuston net,0.0,Low
27.61,-82.7832,2017,7,Atlantic Ocean,Van Dorn sampler,2000.0,High
16.675,-37.515,2014,11,Atlantic Ocean,Grab sample,0.007,Low
24.2205,-128.353,2009,6,Pacific Ocean,Neuston net,0.088651,High
20.15,-147.77,2007,3,Pacific Ocean,Neuston net,0.0,Low
25.68,-143.09,2005,6,Pacific Ocean,Neuston net,0.0,Low
26.3,-75.28,1992,2,Atlantic Ocean,Neuston net,0.030236,Low
26.2,-79.13,1994,2,Atlantic Ocean,Neuston net,0.00432,Low
12.62,-68.48,1991,12,Atlantic Ocean,Neuston net,0.0024,Low
16.68,-71.35,1989,12,Atlantic Ocean,Neuston net,0.0,Low
17.08,-73.99,1998,12,Atlantic Ocean,Neuston net,0.0,Low
17.84,-65.0,1991,11,Atlantic Ocean,Neuston net,0.0,Low
19.27,-58.58,1991,10,Atlantic Ocean,Neuston net,0.00216,Low
13.52,-61.58,2002,11,Atlantic Ocean,Neuston net,0.00648,Low
18.8,-78.45,1996,4,Atlantic Ocean,Neuston net,0.0,Low
17.94878,-76.83517,2017,11,Atlantic Ocean,Manta net,0.94,High
18.57,-75.24,2006,12,Atlantic Ocean,Neuston net,0.00216,Low
11.83,-68.03,1995,12,Atlantic Ocean,Neuston net,0.0,Low
5.28,-146.64,2011,11,Pacific Ocean,Neuston net,0.0,Low
19.96,-146.64,2010,10,Pacific Ocean,Neuston net,0.00216,Low
18.96,-78.46,2008,4,Atlantic Ocean,Neuston net,0.035996,Low
17.03,-83.95,1996,12,Atlantic Ocean,Neuston net,0.019208,Low
32.6775,34.920833,2013,7,Atlantic Ocean,Manta net,0.935516,High
58.103,-14.364667,2019,9,Atlantic Ocean,Neuston net,0.066147,Low
56.1245,-2.390667,2014,12,Atlantic Ocean,Neuston net,0.040009,Low
58.2773,8.9017,2015,8,Atlantic Ocean,Grab sample,0.001,Low
60.596667,1.341,2014,1,Atlantic Ocean,Neuston net,0.078347,Low
20.61,-155.0,2005,3,Pacific Ocean,Neuston net,0.0,Low
22.99,-148.78,2003,11,Pacific Ocean,Neuston net,0.01944,Low
34.494514,-13.102899,2015,11,Atlantic Ocean,Intake seawater pump,6.0,High
47.19,-125.22,2002,8,Pacific Ocean,Neuston net,0.00214,Low
45.5544,-123.8997,2014,12,Pacific Ocean,Grab sample,0.0,Low
42.52,-68.07,1997,10,Atlantic Ocean,Neuston net,0.00864,Low
43.3204,5.3147,2018,10,Atlantic Ocean,Manta net,0.006734,Low
40.48,-70.6,1995,6,Atlantic Ocean,Neuston net,0.036716,Low
39.71,-67.97,2004,10,Atlantic Ocean,Neuston net,0.0,Low
40.47,-67.71,2003,8,Atlantic Ocean,Neuston net,0.0,Low
41.7,-54.15,1992,7,Atlantic Ocean,Neuston net,0.043196,Low
36.88745,-7.704033,2019,8,Atlantic Ocean,Manta net,0.0,Low
32.03,-66.94,2001,4,Atlantic Ocean,Neuston net,0.00432,Low
35.71,-63.56,2003,5,Atlantic Ocean,Neuston net,0.073436,Low
37.37,-69.38,1987,5,Atlantic Ocean,Neuston net,0.0,Low
31.5187,-141.1961,2018,10,Pacific Ocean,Manta net,27.418707,High
32.998717,-139.5615,2015,8,Pacific Ocean,Manta net,0.855302,High
42.228833,-130.1415,2019,12,Pacific Ocean,Manta net,0.574342,High
34.983,-133.083,1972,4,Pacific Ocean,Neuston net,0.0,Low
23.23,-72.55,1993,5,Atlantic Ocean,Neuston net,0.039292,Low
24.08,-70.12,1990,4,Atlantic Ocean,Neuston net,0.00432,Low
24.3,-72.7,1990,4,Atlantic Ocean,Neuston net,0.01296,Low
25.96,-68.42,2005,2,Atlantic Ocean,Neuston net,0.0216,Low
30.61,-72.14,2001,4,Atlantic Ocean,Neuston net,0.00216,Low
32.37,-146.51,2008,12,Pacific Ocean,Neuston net,0.0,Low
25.67,-74.8,1995,5,Atlantic Ocean,Neuston net,0.030236,Low
24.22,-74.98,1992,4,Atlantic Ocean,Neuston net,0.0,Low
24.22,-75.82,1995,2,Atlantic Ocean,Neuston net,0.0,Low
30.2,-61.45,1996,10,Atlantic Ocean,Neuston net,0.129588,High
22.59,-60.57,2001,4,Atlantic Ocean,Neuston net,0.00648,Low
22.0667,-64.4834,2015,5,Atlantic Ocean,Grab sample,0.109,High
24.32,-84.47,1999,1,Atlantic Ocean,Neuston net,0.0,Low
25.21,-80.07,2002,3,Atlantic Ocean,Neuston net,0.0,Low
25.27,-79.38,2006,3,Atlantic Ocean,Neuston net,0.01512,Low
23.52,-141.63,2010,10,Pacific Ocean,Neuston net,0.0,Low
29.98,-140.0,2004,1,Pacific Ocean,Neuston net,0.0108,Low
16.88,-73.62,1997,12,Atlantic Ocean,Neuston net,0.0,Low
19.98,-70.37,1993,12,Atlantic Ocean,Neuston net,0.0,Low
15.66,-62.68,1999,12,Atlantic Ocean,Neuston net,0.00216,Low
16.03,-60.29,1996,11,Atlantic Ocean,Neuston net,0.00432,Low
26.8144,-130.4419,2015,9,Pacific Ocean,Manta net,0.258935,High
-26.47898,-105.36417,2015,11,Pacific Ocean,Neuston net,0.10738,High
-9.32,-140.27,2002,2,Pacific Ocean,Neuston net,0.0,Low
2.89,-137.24,2012,4,Pacific Ocean,Neuston net,0.003084,Low
0.0,-86.0,2017,10,Pacific Ocean,Plankton net,0.53,High
19.73,-146.63,2008,10,Pacific Ocean,Neuston net,0.0,Low
18.9,-77.17,2003,3,Atlantic Ocean,Neuston net,0.0,Low
24.08,-156.87,2003,7,Pacific Ocean,Neuston net,0.036716,Low
30.8125,-158.6852,2009,9,Pacific Ocean,Neuston net,1.07848,High
33.26,-156.98,2009,8,Pacific Ocean,Neuston net,0.0,Low
33.56,-152.27,2009,8,Pacific Ocean,Neuston net,0.0,Low
57.129167,-1.9935,2017,1,Atlantic Ocean,Neuston net,0.008584,Low
57.2265,-1.912167,2020,1,Atlantic Ocean,Neuston net,0.043062,Low
55.840667,-5.7935,2016,1,Atlantic Ocean,Neuston net,0.134295,High
7.66,-160.37,2003,5,Pacific Ocean,Neuston net,0.0,Low
19.3824,-155.9908,2016,4,Pacific Ocean,Grab sample,0.0,Low
20.27,-156.47,2005,12,Pacific Ocean,Neuston net,0.0,Low
43.15,-61.32,1994,7,Atlantic Ocean,Neuston net,0.0216,Low
44.05,-61.03,1992,8,Atlantic Ocean,Neuston net,0.02376,Low
48.113667,-4.628667,2020,7,Atlantic Ocean,Manta net,0.089249,High
43.4316,7.8389,2013,7,Atlantic Ocean,Manta net,0.54767,High
43.6536,7.2356,2013,7,Atlantic Ocean,Manta net,0.99641,High
38.55,-60.4,2006,10,Atlantic Ocean,Neuston net,0.058172,Low
39.925,19.282,2014,10,Atlantic Ocean,Manta net,0.26,High
40.26,1.848333,2017,8,Atlantic Ocean,Manta net,0.345602,High
41.373055,2.191604,2021,1,Atlantic Ocean,Manta net,0.504667,High
52.78825,-147.521833,2019,2,Pacific Ocean,Neuston net,0.0,Low
38.8992,-76.4797,2015,11,Atlantic Ocean,Grab sample,0.016,Low
32.44,-76.23,2004,5,Atlantic Ocean,Neuston net,0.0108,Low
32.84,-64.69,1999,5,Atlantic Ocean,Neuston net,0.0216,Low
40.65,-65.85,1994,7,Atlantic Ocean,Neuston net,0.0108,Low
29.38,-68.43,1991,5,Atlantic Ocean,Neuston net,0.110152,High
29.13,-68.9,1994,5,Atlantic Ocean,Neuston net,0.0,Low
26.39,-16.0594,2014,11,Atlantic Ocean,Grab sample,0.007,Low
31.54,-143.82,2004,12,Pacific Ocean,Neuston net,0.0,Low
39.84545,-139.6602,2015,8,Pacific Ocean,Manta net,2.834407,High
24.58,-74.03,1997,5,Atlantic Ocean,Neuston net,2.308856,High
29.37,-139.91,2006,12,Pacific Ocean,Neuston net,0.0,Low
26.21,-78.42,1999,3,Atlantic Ocean,Neuston net,0.0,Low
26.72,-79.85,2004,5,Atlantic Ocean,Neuston net,0.0,Low
27.61,-82.7832,2017,6,Atlantic Ocean,Plankton net,18.1,High
13.47,-60.41,1999,11,Atlantic Ocean,Neuston net,0.0,Low
10.63,-58.44,2007,11,Atlantic Ocean,Neuston net,0.0,Low
18.7328,-35.6793,2014,12,Atlantic Ocean,Grab sample,0.0,Low
19.005,-23.2117,2014,11,Atlantic Ocean,Grab sample,0.0,Low
30.78,-133.365,2018,12,Pacific Ocean,Manta net,22.527386,High
24.73,-139.58,2011,6,Pacific Ocean,Neuston net,0.0,Low
17.57,-63.28,1997,11,Atlantic Ocean,Neuston net,0.0,Low
16.6,-63.07,1989,12,Atlantic Ocean,Neuston net,0.0036,Low
17.0,-63.72,1989,12,Atlantic Ocean,Neuston net,0.00576,Low
19.17,-58.22,1997,11,Atlantic Ocean,Neuston net,0.01728,Low
13.4679,-57.3867,2014,12,Atlantic Ocean,Grab sample,0.004,Low
13.21,-58.05,2007,11,Atlantic Ocean,Neuston net,0.0,Low
10.6,-64.64,2000,12,Atlantic Ocean,Neuston net,0.0,Low
13.84,-64.9,2000,12,Atlantic Ocean,Neuston net,0.002056,Low
14.24,-66.07,2000,12,Atlantic Ocean,Neuston net,0.0024,Low
13.25,-68.92,1992,12,Atlantic Ocean,Neuston net,0.00216,Low
12.3,-68.83,1991,12,Atlantic Ocean,Neuston net,0.00216,Low
-27.2818,-108.9362,2011,4,Pacific Ocean,Neuston net,0.543718,High
-28.7311,-103.5486,2011,4,Pacific Ocean,Neuston net,0.403431,High
-32.5685,-87.4243,2011,3,Pacific Ocean,Manta net,0.273054,High
-25.8957,-35.3693,2010,11,Atlantic Ocean,Neuston net,0.06541,Low
6.79,-89.24,2001,11,Pacific Ocean,Neuston net,0.00216,Low
19.73,-146.63,2008,5,Pacific Ocean,Neuston net,0.0,Low
20.9881,-154.3699,2019,1,Pacific Ocean,Manta net,0.640223,High
25.2567,-156.214733,2015,8,Pacific Ocean,Manta net,0.063081,Low
33.56,-152.27,2010,8,Pacific Ocean,Neuston net,0.0,Low
31.7495,34.5525,2013,8,Atlantic Ocean,Manta net,0.854621,High
59.1755,-152.0623,2014,7,Pacific Ocean,Grab sample,0.025,Low
58.6395,-3.904667,2014,1,Atlantic Ocean,Neuston net,0.0,Low
55.8055,-4.889,2021,9,Atlantic Ocean,Neuston net,0.01685,Low
61.85905,5.269233,2019,9,Arctic Ocean,Manta net,0.342259,High
-40.7843,-56.8301,2015,4,Atlantic Ocean,Grab sample,0.02,Low
13.69,-156.87,2003,12,Pacific Ocean,Neuston net,0.00216,Low
16.28,-160.37,2003,12,Pacific Ocean,Neuston net,0.01728,Low
39.800167,7.3995,2013,6,Atlantic Ocean,Neuston net,2.744511,High
42.94,-63.94,2007,6,Atlantic Ocean,Neuston net,0.013072,Low
44.58295,4.710717,2018,8,Atlantic Ocean,Manta net,0.049375,Low
43.025167,9.641667,2013,6,Atlantic Ocean,Neuston net,0.809524,High
41.55,-70.32,2006,7,Atlantic Ocean,Neuston net,0.0,Low
42.13,-70.15,1996,7,Atlantic Ocean,Neuston net,0.010796,Low
39.05,-63.5,2007,5,Atlantic Ocean,Neuston net,0.003656,Low
33.55,-61.18,1993,10,Atlantic Ocean,Neuston net,0.194384,High
39.4135,2.483333,2012,8,Atlantic Ocean,Manta net,1.699456,High
32.04,-68.14,2002,5,Atlantic Ocean,Neuston net,0.00216,Low
31.96,-67.32,2000,4,Atlantic Ocean,Neuston net,0.11192,High
35.43,-65.5,1996,10,Atlantic Ocean,Neuston net,0.0,Low
38.88,-69.29,1995,6,Atlantic Ocean,Neuston net,0.0048,Low
31.54,-143.82,2005,5,Pacific Ocean,Neuston net,0.0,Low
38.7202,-75.0895,2014,8,Atlantic Ocean,Grab sample,0.004,Low
25.2,-71.97,1998,4,Atlantic Ocean,Neuston net,0.0216,Low
30.28,-66.42,1990,5,Atlantic Ocean,Neuston net,0.043196,Low
31.04,-72.7,2000,4,Atlantic Ocean,Neuston net,0.0216,Low
30.84,-73.5,2003,5,Atlantic Ocean,Neuston net,0.320376,High
33.08,-147.02,2006,5,Pacific Ocean,Neuston net,0.0,Low
24.55,-76.1,1991,4,Atlantic Ocean,Neuston net,0.0,Low
25.47,-75.28,1987,2,Atlantic Ocean,Neuston net,0.004048,Low
29.42,-60.52,1995,10,Atlantic Ocean,Neuston net,0.046804,Low
25.4,-57.82,1993,10,Atlantic Ocean,Neuston net,0.01296,Low
29.37,-139.91,2006,5,Pacific Ocean,Neuston net,0.0,Low
26.42,-78.7,1991,4,Atlantic Ocean,Neuston net,0.01296,Low
16.98,-60.0,1993,11,Atlantic Ocean,Neuston net,0.0,Low
14.4583,-57.0817,2014,12,Atlantic Ocean,Grab sample,0.003,Low
14.34,-61.71,2004,11,Atlantic Ocean,Neuston net,0.00648,Low
24.73,-139.58,2011,10,Pacific Ocean,Neuston net,0.0,Low
22.76,-141.69,2012,6,Pacific Ocean,Neuston net,0.154596,High
28.1809,-141.37395,2015,8,Pacific Ocean,Manta net,2.047425,High
18.97,-143.47,2009,6,Pacific Ocean,Neuston net,0.0108,Low
17.17,-79.1,2001,2,Atlantic Ocean,Neuston net,0.01512,Low
12.55,-65.11,2004,12,Atlantic Ocean,Neuston net,0.0,Low
17.9,-64.62,1997,12,Atlantic Ocean,Neuston net,0.0,Low
16.07,-61.95,1997,11,Atlantic Ocean,Neuston net,0.0,Low
-27.00726,-80.57906,2015,10,Pacific Ocean,Neuston net,0.040905,Low
-19.468007,5.596789,2015,11,Atlantic Ocean,Intake seawater pump,8.5,High
-9.57,-142.77,2003,3,Pacific Ocean,Neuston net,0.0,Low
-7.39,-117.23,2001,12,Pacific Ocean,Neuston net,0.0,Low
2.89,-137.24,2012,11,Pacific Ocean,Neuston net,0.0,Low
18.97,-143.47,2009,11,Pacific Ocean,Neuston net,0.0108,Low
20.27,-156.47,2007,3,Pacific Ocean,Neuston net,0.0,Low
40.16,-157.42,2011,4,Pacific Ocean,Neuston net,0.0,Low
42.46,-70.59,1999,6,Atlantic Ocean,Neuston net,0.00864,Low
43.485,-9.128333,2018,7,Atlantic Ocean,Manta net,0.12693,High
42.5459,9.7543,2014,7,Atlantic Ocean,Manta net,1.599813,High
57.332,-6.855167,2022,1,Atlantic Ocean,Neuston net,0.101292,High
56.077167,-2.996333,2014,12,Atlantic Ocean,Neuston net,0.084239,High
16.88,-159.15,2004,11,Pacific Ocean,Neuston net,0.0,Low
36.239,22.33,2017,7,Atlantic Ocean,Manta net,0.554762,High
38.013833,11.612333,2021,9,Atlantic Ocean,Manta net,0.064788,Low
43.75,-67.22,1994,9,Atlantic Ocean,Neuston net,0.0,Low
43.53,-69.57,2001,7,Atlantic Ocean,Neuston net,0.0,Low
31.3,-68.4,1999,4,Atlantic Ocean,Neuston net,0.075592,Low
32.79,-65.16,1989,5,Atlantic Ocean,Neuston net,0.110152,High
42.09,-68.54,2005,9,Atlantic Ocean,Neuston net,0.0,Low
40.48,-70.07,1999,7,Atlantic Ocean,Neuston net,0.00216,Low
37.8504,-51.483,2018,5,Atlantic Ocean,Intake seawater pump,0.0,Low
26.55,-16.2,2015,5,Atlantic Ocean,Grab sample,0.04,Low
33.06,-148.13,2008,7,Pacific Ocean,Neuston net,0.0,Low
34.0569,-139.9873,2009,8,Pacific Ocean,Manta net,0.933,High
24.33,-57.2,1992,10,Atlantic Ocean,Neuston net,0.00648,Low
20.35,-70.35,1998,3,Atlantic Ocean,Neuston net,0.00216,Low
22.0,-71.25,1992,2,Atlantic Ocean,Neuston net,0.0243,Low
24.38,-72.43,1992,2,Atlantic Ocean,Neuston net,0.0,Low
31.19,-70.34,1999,4,Atlantic Ocean,Neuston net,0.0,Low
30.28,-72.33,1997,4,Atlantic Ocean,Neuston net,0.032396,Low
24.22,-82.23,2007,12,Atlantic Ocean,Neuston net,0.0,Low
24.05,-80.15,1994,1,Atlantic Ocean,Neuston net,0.0,Low
25.01,-80.01,2001,2,Atlantic Ocean,Neuston net,0.0,Low
29.23,-59.21,2000,10,Atlantic Ocean,Neuston net,0.028724,Low
29.06,-59.57,2005,4,Atlantic Ocean,Neuston net,0.194384,High
23.53,-57.75,1992,10,Atlantic Ocean,Neuston net,0.0027,Low
25.3,-84.57,2007,2,Atlantic Ocean,Neuston net,0.0,Low
23.72,-81.55,1996,5,Atlantic Ocean,Neuston net,0.0108,Low
26.09,-75.69,2004,2,Atlantic Ocean,Neuston net,0.0024,Low
26.23,-78.13,1998,2,Atlantic Ocean,Neuston net,0.0072,Low
27.6279,-82.6415,2016,11,Atlantic Ocean,Van Dorn sampler,3000.0,High
18.9333,-41.5167,2014,12,Atlantic Ocean,Grab sample,0.004,Low
28.991327,-135.68,2015,7,Pacific Ocean,Manta net,0.934591,High
22.76,-141.69,2012,2,Pacific Ocean,Neuston net,0.0,Low
27.84,-140.77,2003,10,Pacific Ocean,Neuston net,0.0,Low
29.37,-139.91,2005,11,Pacific Ocean,Neuston net,0.0,Low
30.5344,-144.9059,2015,8,Pacific Ocean,Manta net,1.336759,High
17.93172,-76.84303,2017,12,Atlantic Ocean,Manta net,0.06,Low
10.53,-75.92,1993,2,Atlantic Ocean,Neuston net,0.0,Low
10.62,-64.52,1995,12,Atlantic Ocean,Neuston net,0.0,Low
12.35,-64.25,1991,12,Atlantic Ocean,Neuston net,0.0,Low
16.37,-65.01,2002,12,Atlantic Ocean,Neuston net,0.0,Low
-22.5407,-6.1887,2011,1,Atlantic Ocean,Neuston net,0.171033,High
-8.43,-123.39,2016,5,Pacific Ocean,Grab sample,0.0,Low
2.89,-137.24,2012,9,Pacific Ocean,Neuston net,0.0,Low
17.7569,-146.223,2014,5,Pacific Ocean,Grab sample,0.05,Low
18.97,-143.47,2010,10,Pacific Ocean,Neuston net,0.0108,Low
14.61,-117.44,2002,12,Pacific Ocean,Neuston net,0.006416,Low
20.27,-156.47,2006,10,Pacific Ocean,Neuston net,0.0,Low
33.56,-152.27,2009,4,Pacific Ocean,Neuston net,0.0,Low
34.99005,-152.9525,2015,8,Pacific Ocean,Manta net,2.738058,High
40.16,-157.42,2011,8,Pacific Ocean,Neuston net,0.0,Low
43.210898,5.406395,2018,10,Atlantic Ocean,Manta net,0.208511,High
42.6225,8.6588,2010,7,Atlantic Ocean,Neuston net,2.014904,High
55.763667,-4.966167,2018,11,Atlantic Ocean,Neuston net,0.01667,Low
56.136,-2.690167,2014,1,Atlantic Ocean,Neuston net,0.140195,High
85.279,-146.58,2016,8,Arctic Ocean,Intake seawater pump,0.0,Low
16.88,-159.15,2005,3,Pacific Ocean,Neuston net,0.0,Low
41.379079,2.194423,2021,3,Atlantic Ocean,Manta net,1.219333,High
45.2925,-129.009,2019,12,Pacific Ocean,Manta net,0.168787,High
43.99,-58.95,2002,6,Atlantic Ocean,Neuston net,0.0,Low
43.43,-64.55,1996,5,Atlantic Ocean,Neuston net,0.035328,Low
37.18,-65.6,2007,10,Atlantic Ocean,Neuston net,0.014556,Low
33.0,-61.62,1992,10,Atlantic Ocean,Neuston net,0.02376,Low
37.958333,-26.056667,2013,10,Atlantic Ocean,Manta net,0.463599,High
40.4495,19.132833,2013,5,Atlantic Ocean,Neuston net,1.163257,High
38.8955,8.907167,2020,8,Atlantic Ocean,Manta net,0.33955,High
33.35,-63.52,1996,10,Atlantic Ocean,Neuston net,0.120048,High
36.53,-64.83,1998,10,Atlantic Ocean,Neuston net,0.001964,Low
37.79,-68.37,1998,10,Atlantic Ocean,Neuston net,0.0,Low
41.6,-69.21,1991,6,Atlantic Ocean,Neuston net,0.00432,Low
40.35,-70.03,1997,8,Atlantic Ocean,Neuston net,0.01512,Low
39.66,-69.98,1995,6,Atlantic Ocean,Neuston net,0.01728,Low
22.375,-28.4233,2014,11,Atlantic Ocean,Grab sample,0.0,Low
33.06,-148.13,2008,3,Pacific Ocean,Neuston net,0.0,Low
33.6709,-132.8623,2015,9,Pacific Ocean,Manta net,0.705246,High
32.2,-71.82,2002,5,Atlantic Ocean,Neuston net,0.0,Low
26.2,-59.95,1995,11,Atlantic Ocean,Neuston net,0.011996,Low
21.0,-73.87,1987,2,Atlantic Ocean,Neuston net,0.00216,Low
24.83,-71.23,1990,4,Atlantic Ocean,Neuston net,0.048284,Low
27.97,-71.74,1992,5,Atlantic Ocean,Neuston net,0.01512,Low
30.49,-70.32,2003,5,Atlantic Ocean,Neuston net,0.283176,High
29.69,-70.35,1993,5,Atlantic Ocean,Neuston net,0.069116,Low
24.82,-75.98,1992,4,Atlantic Ocean,Neuston net,0.0,Low
27.52,-60.91,2001,4,Atlantic Ocean,Neuston net,0.030236,Low
25.85,-76.47,1994,1,Atlantic Ocean,Neuston net,0.0,Low
25.94,-77.8,2006,3,Atlantic Ocean,Neuston net,0.00216,Low
26.93,-79.75,1999,2,Atlantic Ocean,Neuston net,0.0,Low
28.17,-78.93,1997,2,Atlantic Ocean,Neuston net,0.021608,Low
27.8524,-82.4093,2016,8,Atlantic Ocean,Van Dorn sampler,0.0,Low
19.2,-60.69,2000,4,Atlantic Ocean,Neuston net,0.0,Low
14.2518,-60.4931,2014,12,Atlantic Ocean,Grab sample,0.005,Low
27.84,-140.77,2004,1,Pacific Ocean,Neuston net,0.00216,Low
29.86,-76.26,2001,4,Atlantic Ocean,Neuston net,0.244752,High
27.69,-75.45,2000,2,Atlantic Ocean,Neuston net,0.003928,Low
25.73,-76.22,1995,2,Atlantic Ocean,Neuston net,0.0,Low
16.15,-72.44,2008,12,Atlantic Ocean,Neuston net,0.005036,Low
20.02,-69.85,2005,3,Atlantic Ocean,Neuston net,0.064796,Low
-8.09,-140.68,2002,3,Pacific Ocean,Neuston net,0.0,Low
-9.7125,-123.0356,2016,10,Pacific Ocean,Grab sample,0.001,Low
18.94,-75.84,2005,3,Atlantic Ocean,Neuston net,0.00864,Low
18.39,-80.19,2002,4,Atlantic Ocean,Neuston net,0.0108,Low
16.7199,-87.7875,2015,3,Atlantic Ocean,Grab sample,0.01,Low
11.83,-68.02,1991,12,Atlantic Ocean,Neuston net,0.00432,Low
20.61,-155.0,2003,12,Pacific Ocean,Neuston net,0.0,Low
31.1583,-160.2433,2009,9,Pacific Ocean,Neuston net,5.042277,High
33.1,-156.49,2004,12,Pacific Ocean,Neuston net,0.0,Low
34.8602,26.0123,2014,8,Atlantic Ocean,Manta net,0.263478,High
57.859333,-3.028333,2019,1,Atlantic Ocean,Neuston net,0.021019,Low
56.913667,-2.123,2020,1,Atlantic Ocean,Neuston net,0.008418,Low
54.658833,-4.433667,2014,11,Atlantic Ocean,Neuston net,0.111926,High
20.6,-154.81,2005,12,Pacific Ocean,Neuston net,0.0,Low
37.459,11.83,2013,6,Atlantic Ocean,Neuston net,3.133609,High
52.53,-132.76,2002,7,Pacific Ocean,Neuston net,0.01296,Low
43.83,-62.39,1989,7,Atlantic Ocean,Neuston net,0.0,Low
42.4,-68.56,2007,7,Atlantic Ocean,Neuston net,0.00648,Low
42.4627,3.3037,2010,8,Atlantic Ocean,Neuston net,0.213434,High
42.834567,6.07705,2016,8,Atlantic Ocean,Manta net,0.080207,High
31.28,-67.12,1994,5,Atlantic Ocean,Neuston net,0.0216,Low
31.73,-64.05,2008,10,Atlantic Ocean,Neuston net,0.047276,Low
41.83,-69.3,1991,6,Atlantic Ocean,Neuston net,0.0,Low
41.37,-69.59,2002,10,Atlantic Ocean,Neuston net,0.0,Low
39.393,19.741,2014,10,Atlantic Ocean,Manta net,2.943333,High
31.16,-67.29,1990,5,Atlantic Ocean,Neuston net,0.794816,High
31.789333,-143.9565,2019,12,Pacific Ocean,Manta net,4.954054,High
37.25425,-131.62625,2015,9,Pacific Ocean,Manta net,5.524371,High
37.124333,-75.570167,2021,6,Atlantic Ocean,Manta net,0.055279,Low
24.11,-82.09,2004,4,Atlantic Ocean,Neuston net,0.0,Low
25.39,-79.38,2000,4,Atlantic Ocean,Neuston net,0.0,Low
29.79,-59.45,2006,10,Atlantic Ocean,Neuston net,0.041036,Low
21.63,-60.02,1998,10,Atlantic Ocean,Neuston net,0.025916,Low
24.31,-59.95,1996,11,Atlantic Ocean,Neuston net,0.058624,Low
20.42,-73.73,1996,2,Atlantic Ocean,Neuston net,0.00864,Low
22.21,-85.26,2001,3,Atlantic Ocean,Neuston net,0.0,Low
30.61,-76.7,2001,4,Atlantic Ocean,Neuston net,0.200864,High
29.56,-79.7,1997,3,Atlantic Ocean,Neuston net,0.0,Low
25.72,-76.35,1992,2,Atlantic Ocean,Neuston net,0.0,Low
25.95,-77.65,1993,5,Atlantic Ocean,Neuston net,0.0,Low
27.8261,-82.5675,2017,7,Atlantic Ocean,Van Dorn sampler,4000.0,High
31.0,-129.0,1972,9,Pacific Ocean,Neuston net,0.027,Low
23.35,-144.31,2004,10,Pacific Ocean,Neuston net,0.0,Low
24.59,-143.47,2007,2,Pacific Ocean,Neuston net,0.041396,Low
26.6,-142.77,2009,5,Pacific Ocean,Neuston net,0.0,Low
27.84,-140.77,2011,10,Pacific Ocean,Neuston net,0.0024,Low
15.57,-69.95,1992,12,Atlantic Ocean,Neuston net,0.00216,Low
16.17,-62.13,2001,11,Atlantic Ocean,Neuston net,0.0,Low
15.0556,-57.5334,2014,12,Atlantic Ocean,Grab sample,0.002,Low
16.3062,-61.7993,2014,4,Atlantic Ocean,Grab sample,0.003,Low
13.17,-59.67,1993,11,Atlantic Ocean,Neuston net,0.0108,Low
18.6958,-23.5048,2014,11,Atlantic Ocean,Grab sample,0.081,High
-14.74,-147.8,2002,2,Pacific Ocean,Neuston net,0.0,Low
-2.04,-98.44,2001,12,Pacific Ocean,Neuston net,0.0,Low
0.0,-89.0,2017,10,Pacific Ocean,Plankton net,0.47,High
19.62,-146.5,2006,7,Pacific Ocean,Neuston net,0.00216,Low
19.96,-146.64,2004,4,Pacific Ocean,Neuston net,0.0,Low
32.279667,34.825,2014,4,Atlantic Ocean,Manta net,4.254324,High
16.13,-162.0,2005,3,Pacific Ocean,Neuston net,0.00648,Low
17.55,-158.31,2009,12,Pacific Ocean,Neuston net,0.011996,Low
19.24,-156.55,2012,3,Pacific Ocean,Neuston net,0.0,Low
33.09,-156.27,2009,4,Pacific Ocean,Neuston net,0.00266,Low
32.5142,-151.2808,2015,8,Pacific Ocean,Manta net,0.987654,High
33.02,-152.9,2006,12,Pacific Ocean,Neuston net,0.0,Low
33.47,-151.63,2004,5,Pacific Ocean,Neuston net,0.00864,Low
54.645,10.3495,2020,7,Atlantic Ocean,Manta net,0.01348,Low
70.7246,-147.2503,2016,8,Arctic Ocean,Grab sample,0.28,High
69.069167,-51.9785,2016,7,Arctic Ocean,Manta net,0.020223,Low
78.9276,11.9374,2015,8,Arctic Ocean,Grab sample,0.004,Low
16.36,-159.94,2007,12,Pacific Ocean,Neuston net,0.016196,Low
44.41,-61.61,2000,7,Atlantic Ocean,Neuston net,0.0,Low
43.49,-63.42,1989,8,Atlantic Ocean,Neuston net,0.0,Low
42.9005,6.045,2020,8,Atlantic Ocean,Manta net,0.260531,High
52.873333,4.644667,2017,7,Atlantic Ocean,Manta net,0.009999,Low
57.737,-3.706,2022,1,Atlantic Ocean,Neuston net,0.0,Low
57.755,-7.688667,2021,1,Atlantic Ocean,Neuston net,0.072294,Low
37.508333,-0.878333,2015,3,Atlantic Ocean,Manta net,0.174,High
35.845333,-5.736167,2014,7,Atlantic Ocean,Manta net,0.108696,High
36.842167,15.347667,2021,7,Atlantic Ocean,Manta net,0.206054,High
38.4047,5.4506,2014,9,Atlantic Ocean,Manta net,0.545829,High
34.6502,-142.2878,2009,9,Pacific Ocean,Neuston net,4.690983,High
33.1067,-133.1195,2015,9,Pacific Ocean,Manta net,2.741188,High
31.25,-69.43,2001,4,Atlantic Ocean,Neuston net,0.093864,High
39.52,-69.97,2003,10,Atlantic Ocean,Neuston net,0.0,Low
39.35,-71.19,2004,6,Atlantic Ocean,Neuston net,0.00216,Low
29.18,-58.51,2004,10,Atlantic Ocean,Neuston net,0.0,Low
27.15,-57.56,2000,11,Atlantic Ocean,Neuston net,0.025916,Low
25.5,-68.03,1998,2,Atlantic Ocean,Neuston net,0.007856,Low
22.78,-73.74,2000,2,Atlantic Ocean,Neuston net,0.043196,Low
25.6829,-26.5308,2017,11,Atlantic Ocean,Intake seawater pump,11.0,High
24.8967,-17.7617,2014,11,Atlantic Ocean,Grab sample,0.015,Low
25.01,-83.51,1993,1,Atlantic Ocean,Neuston net,0.0108,Low
24.95,-75.97,1996,4,Atlantic Ocean,Neuston net,0.0,Low
23.42,-74.63,1998,2,Atlantic Ocean,Neuston net,0.00864,Low
25.77,-76.93,1995,5,Atlantic Ocean,Neuston net,0.0027,Low
27.9456,-82.6943,2017,6,Atlantic Ocean,Van Dorn sampler,0.0,Low
20.03,-69.18,2007,3,Atlantic Ocean,Neuston net,0.0,Low
17.6,-62.73,2006,11,Atlantic Ocean,Neuston net,0.008096,Low
13.3,-61.32,1991,11,Atlantic Ocean,Neuston net,0.0,Low
12.32,-59.71,1998,11,Atlantic Ocean,Neuston net,0.004112,Low
28.41,-140.21,2007,7,Pacific Ocean,Neuston net,0.0,Low
27.84,-140.77,2005,1,Pacific Ocean,Neuston net,0.0024,Low
19.51,-144.23,2009,2,Pacific Ocean,Neuston net,0.0,Low
17.02,-78.22,1994,4,Atlantic Ocean,Neuston net,0.00216,Low
16.93,-81.77,1996,12,Atlantic Ocean,Neuston net,0.0,Low
16.8497,-87.7874,2015,3,Atlantic Ocean,Grab sample,0.002,Low
13.06,-62.64,2003,12,Atlantic Ocean,Neuston net,0.00864,Low
-25.2705,-123.2543,2011,4,Pacific Ocean,Neuston net,0.018036,Low
-29.8994,-97.9295,2011,4,Pacific Ocean,Manta net,0.141392,High
-5.11,-102.52,2016,5,Pacific Ocean,Grab sample,0.004,Low
17.32,-76.67,1996,4,Atlantic Ocean,Neuston net,0.00432,Low
11.44,-156.82,2004,5,Pacific Ocean,Neuston net,0.032404,Low
14.12,-157.12,2009,3,Pacific Ocean,Neuston net,0.0,Low
32.35,-155.1,2011,4,Pacific Ocean,Neuston net,0.0,Low
33.1,-149.63,2012,10,Pacific Ocean,Neuston net,0.165976,High
50.0685,-0.7519,2018,7,Atlantic Ocean,Intake seawater pump,12.0,High
43.4061,7.5918,2014,6,Atlantic Ocean,Manta net,1.940703,High
52.937333,2.744,2020,6,Atlantic Ocean,Manta net,0.210804,High
88.04016,10.04138,2016,9,Arctic Ocean,CTD rosette sampler,21.0,High
40.93,-70.42,1993,8,Atlantic Ocean,Neuston net,0.0,Low
40.79,-70.57,1998,7,Atlantic Ocean,Neuston net,0.003928,Low
35.6729,-35.0237,2010,2,Atlantic Ocean,Neuston net,0.142413,High
40.202778,18.494444,2021,6,Atlantic Ocean,Manta net,1.083976,High
39.272017,2.217867,2013,8,Atlantic Ocean,Manta net,0.740681,High
41.397303,2.21315,2021,2,Atlantic Ocean,Manta net,2.018667,High
41.4793,-71.3283,2014,6,Atlantic Ocean,Grab sample,0.009,Low
41.37,-70.8,1998,8,Atlantic Ocean,Neuston net,0.0,Low
41.83,-69.33,2005,8,Atlantic Ocean,Neuston net,0.00216,Low
41.16,-68.92,2004,8,Atlantic Ocean,Neuston net,0.0,Low
40.86,-68.65,2001,7,Atlantic Ocean,Neuston net,0.01296,Low
31.32,-67.87,1991,5,Atlantic Ocean,Neuston net,0.01728,Low
31.55,-63.97,1995,10,Atlantic Ocean,Neuston net,0.031192,Low
31.75,-63.15,1999,10,Atlantic Ocean,Neuston net,0.142548,High
38.87,-68.88,1989,5,Atlantic Ocean,Neuston net,0.0,Low
40.04,-71.21,2008,6,Atlantic Ocean,Neuston net,0.0,Low
36.444417,-148.479083,2015,8,Pacific Ocean,Manta net,2.734936,High
31.44525,-134.083,2015,9,Pacific Ocean,Manta net,0.757866,High
32.4016,-119.9918,2009,8,Pacific Ocean,Manta net,0.035,Low
20.59,-72.0,2000,5,Atlantic Ocean,Neuston net,0.00864,Low
30.53,-64.93,1994,10,Atlantic Ocean,Neuston net,0.0108,Low
20.2692,-31.3284,2014,12,Atlantic Ocean,Grab sample,0.002,Low
24.6208,-17.5606,2014,11,Atlantic Ocean,Grab sample,0.012,Low
32.37,-146.51,2008,7,Pacific Ocean,Neuston net,0.0,Low
33.08,-147.02,2005,11,Pacific Ocean,Neuston net,0.0,Low
24.53,-76.09,1992,4,Atlantic Ocean,Neuston net,0.01512,Low
27.78,-57.62,1992,10,Atlantic Ocean,Neuston net,0.056156,Low
28.04,-59.49,2007,10,Atlantic Ocean,Neuston net,0.042992,Low
25.78,-76.85,1998,3,Atlantic Ocean,Neuston net,0.00648,Low
26.18,-78.88,1995,1,Atlantic Ocean,Neuston net,0.028076,Low
27.2,-79.5,1995,5,Atlantic Ocean,Neuston net,0.0,Low
27.6279,-82.6415,2017,6,Atlantic Ocean,Van Dorn sampler,2000.0,High
23.52,-141.63,2009,11,Pacific Ocean,Neuston net,0.0,Low
21.15,-142.77,2005,2,Pacific Ocean,Neuston net,0.0,Low
24.37,-147.78,2012,6,Pacific Ocean,Neuston net,0.024968,Low
26.14,-143.12,2008,5,Pacific Ocean,Neuston net,0.0,Low
28.73,-80.1,1997,3,Atlantic Ocean,Neuston net,0.024292,Low
13.43,-62.75,2002,12,Atlantic Ocean,Neuston net,0.0,Low
19.95,-70.76,2000,3,Atlantic Ocean,Neuston net,0.01728,Low
17.9,-67.62,1989,12,Atlantic Ocean,Neuston net,0.0,Low
19.11,-57.61,2003,11,Atlantic Ocean,Neuston net,0.018892,Low
15.5833,-49.2833,2014,11,Atlantic Ocean,Grab sample,0.003,Low
29.072067,-134.043,2015,7,Pacific Ocean,Manta net,0.995046,High
-29.1922,-100.739,2011,4,Pacific Ocean,Neuston net,0.798458,High
-26.0782,-31.973,2010,11,Atlantic Ocean,Neuston net,0.104111,High
4.41,-145.74,2008,6,Pacific Ocean,Neuston net,0.0,Low
19.43,-145.47,2011,7,Pacific Ocean,Neuston net,0.00432,Low
16.33,-78.92,1995,12,Atlantic Ocean,Neuston net,0.0,Low
16.32,-85.9,1992,3,Atlantic Ocean,Neuston net,0.00432,Low
8.38,-151.97,2006,3,Pacific Ocean,Neuston net,0.003456,Low
11.44,-156.82,2011,4,Pacific Ocean,Neuston net,0.00432,Low
22.99,-148.78,2011,2,Pacific Ocean,Neuston net,0.0,Low
58.4,-152.3,2016,4,Pacific Ocean,Grab sample,0.005,Low
42.8568,8.317,2010,7,Atlantic Ocean,Neuston net,0.398427,High
56.952833,-6.211833,2018,1,Atlantic Ocean,Neuston net,0.045332,Low
56.483667,-6.679667,2016,1,Atlantic Ocean,Neuston net,0.088547,High
55.971667,-4.751,2018,10,Atlantic Ocean,Neuston net,0.214936,High
86.7524,-140.86,2016,8,Arctic Ocean,Intake seawater pump,0.5,High
6.84,-149.44,2012,9,Pacific Ocean,Neuston net,0.0,Low
41.849824,3.147244,2020,12,Atlantic Ocean,Manta net,0.387333,High
40.14345,3.906933,2018,4,Atlantic Ocean,Manta net,0.094559,High
41.403637,2.2193,2020,10,Atlantic Ocean,Manta net,1.152667,High
43.14,-60.68,2001,7,Atlantic Ocean,Neuston net,0.0216,Low
43.68,-67.7,2007,9,Atlantic Ocean,Neuston net,0.0,Low
42.1,-69.24,2008,8,Atlantic Ocean,Neuston net,0.0,Low
40.53,-70.33,1997,7,Atlantic Ocean,Neuston net,0.01728,Low
38.48,-67.45,1992,10,Atlantic Ocean,Neuston net,0.0,Low
37.45,-63.57,2007,5,Atlantic Ocean,Neuston net,0.075716,Low
38.15,-64.77,1992,5,Atlantic Ocean,Neuston net,0.018148,Low
37.2,-60.93,2005,10,Atlantic Ocean,Neuston net,0.01404,Low
32.14,-65.21,1996,5,Atlantic Ocean,Neuston net,0.105832,High
36.45,-63.43,1993,10,Atlantic Ocean,Neuston net,0.01728,Low
39.9537,-74.1979,2015,3,Atlantic Ocean,Grab sample,0.002,Low
42.31,-69.58,2002,7,Atlantic Ocean,Neuston net,0.0,Low
40.68,-128.9,2003,7,Pacific Ocean,Neuston net,0.194436,High
20.23,-70.08,1992,12,Atlantic Ocean,Neuston net,0.0,Low
29.57,-64.3,2005,5,Atlantic Ocean,Neuston net,0.2635,High
29.65,-69.72,1992,5,Atlantic Ocean,Neuston net,0.114472,High
25.5796,-37.2534,2013,6,Atlantic Ocean,Neuston net,0.093004,High
23.08,-31.0,2014,11,Atlantic Ocean,Grab sample,0.003,Low
37.25,-140.9,2019,8,Pacific Ocean,Manta net,10.22576,High
24.12,-82.22,1997,4,Atlantic Ocean,Neuston net,0.079736,Low
24.46,-76.27,1991,4,Atlantic Ocean,Neuston net,0.00432,Low
25.37,-76.0,1990,4,Atlantic Ocean,Neuston net,0.0,Low
26.2,-58.48,2001,10,Atlantic Ocean,Neuston net,0.455724,High
24.45,-56.76,2002,11,Atlantic Ocean,Neuston net,0.0,Low
22.8418,-62.7592,2010,1,Atlantic Ocean,Neuston net,0.259965,High
26.0,-75.0,1993,5,Atlantic Ocean,Neuston net,0.02376,Low
27.5737,-82.6868,2016,11,Atlantic Ocean,Van Dorn sampler,0.0,Low
27.729,-82.4987,2016,9,Atlantic Ocean,Van Dorn sampler,0.0,Low
12.1,-59.53,1999,11,Atlantic Ocean,Neuston net,0.0,Low
18.3575,-45.7934,2014,12,Atlantic Ocean,Grab sample,0.003,Low
31.001183,-135.9385,2015,8,Pacific Ocean,Manta net,1.386953,High
24.37,-147.78,2005,12,Pacific Ocean,Neuston net,0.892728,High
29.00001,-141.0635,2015,7,Pacific Ocean,Manta net,1.33967,High
20.69,-111.76,2002,12,Pacific Ocean,Neuston net,0.0,Low
16.8,-83.62,1996,2,Atlantic Ocean,Neuston net,0.0,Low
18.0327,-63.0973,2014,5,Atlantic Ocean,Grab sample,0.002,Low
15.8674,-61.5895,2014,2,Atlantic Ocean,Grab sample,0.001,Low
14.74,-59.66,2005,11,Atlantic Ocean,Neuston net,0.00824,Low
15.4095,-55.187,2014,12,Atlantic Ocean,Grab sample,0.0,Low
-32.278,-5.9515,2010,11,Atlantic Ocean,Neuston net,1.554421,High
-3.0,-86.0,2017,10,Pacific Ocean,Plankton net,0.66,High
5.74,-128.9,2002,12,Pacific Ocean,Neuston net,0.002056,Low
5.79,-147.72,2010,7,Pacific Ocean,Neuston net,0.0,Low
8.97,-85.23,2001,11,Pacific Ocean,Neuston net,0.0,Low
40.38,-157.49,2008,2,Pacific Ocean,Neuston net,0.44862,High
40.0162,-151.63895,2015,8,Pacific Ocean,Manta net,0.377236,High
57.619,-1.736833,2018,1,Atlantic Ocean,Neuston net,0.01663,Low
55.306,-5.222667,2021,3,Atlantic Ocean,Neuston net,0.341669,High
6.84,-149.44,2012,4,Pacific Ocean,Neuston net,0.0,Low
20.35,-154.67,2011,3,Pacific Ocean,Neuston net,0.0,Low
23.5838,-152.0133,2010,10,Pacific Ocean,Manta net,0.026,Low
36.83315,-153.35705,2015,8,Pacific Ocean,Manta net,3.118782,High
37.343333,-11.301667,2013,10,Atlantic Ocean,Manta net,0.461502,High
41.263153,1.963507,2021,5,Atlantic Ocean,Manta net,1.834667,High
44.129778,9.608947,2018,9,Atlantic Ocean,Manta net,0.249643,High
41.12,-71.53,1992,6,Atlantic Ocean,Neuston net,0.0108,Low
41.33,-70.88,2000,7,Atlantic Ocean,Neuston net,0.0,Low
41.88,-68.55,1996,10,Atlantic Ocean,Neuston net,0.061696,Low
40.35,-65.54,1992,5,Atlantic Ocean,Neuston net,0.00216,Low
40.3,-63.81,2001,6,Atlantic Ocean,Neuston net,0.0192,Low
29.13,-65.53,2000,4,Atlantic Ocean,Neuston net,0.003928,Low
28.95,-70.4,2008,4,Atlantic Ocean,Neuston net,0.026268,Low
22.6762,-31.305,2014,11,Atlantic Ocean,Grab sample,0.008,Low
32.9051,-140.2931,2009,8,Pacific Ocean,Manta net,5.039,High
40.68,-128.9,2010,7,Pacific Ocean,Neuston net,2.611356,High
25.6,-76.97,1997,5,Atlantic Ocean,Neuston net,0.0027,Low
23.8867,-76.165,2016,2,Atlantic Ocean,Grab sample,0.001,Low
25.67,-56.0,2005,10,Atlantic Ocean,Neuston net,0.011184,Low
21.75,-69.57,1990,4,Atlantic Ocean,Neuston net,0.0,Low
27.2,-82.8,1996,3,Atlantic Ocean,Neuston net,0.0,Low
20.15,-147.77,2012,10,Pacific Ocean,Neuston net,0.181424,High
25.94,-146.58,2004,3,Pacific Ocean,Neuston net,0.0,Low
29.981317,-139.834,2015,8,Pacific Ocean,Manta net,19.315363,High
28.5,-77.39,2007,4,Atlantic Ocean,Neuston net,0.00216,Low
26.87,-79.8,1998,3,Atlantic Ocean,Neuston net,0.0,Low
28.0,-80.02,1998,2,Atlantic Ocean,Neuston net,0.0,Low
18.06,-64.54,2007,11,Atlantic Ocean,Neuston net,0.0,Low
17.93,-62.87,2015,1,Atlantic Ocean,Grab sample,0.0,Low
16.77,-62.83,1997,12,Atlantic Ocean,Neuston net,0.00864,Low
16.03,-62.37,1993,12,Atlantic Ocean,Neuston net,0.0,Low
14.54,-60.61,2004,11,Atlantic Ocean,Neuston net,0.0,Low
14.864849,-23.722012,2015,11,Atlantic Ocean,Intake seawater pump,0.0,Low
19.24,-143.41,2012,10,Pacific Ocean,Neuston net,0.311752,High
17.57,-84.33,1997,12,Atlantic Ocean,Neuston net,0.0108,Low
12.23,-64.41,2000,12,Atlantic Ocean,Neuston net,0.0,Low
14.63,-70.28,1994,12,Atlantic Ocean,Neuston net,0.005084,Low
17.1,-71.45,1994,12,Atlantic Ocean,Neuston net,0.0,Low
-25.2705,-123.2543,2011,4,Pacific Ocean,Manta net,0.009734,Low
3.883,-117.633,2006,8,Pacific Ocean,Manta net,0.0,Low
17.45,-104.23,2001,10,Pacific Ocean,Neuston net,0.0,Low
17.16,-76.39,2000,12,Atlantic Ocean,Neuston net,0.0,Low
15.25,-75.83,1987,12,Atlantic Ocean,Neuston net,0.0,Low
16.95,-83.16,2001,3,Atlantic Ocean,Neuston net,0.0,Low
34.14805,-154.3767,2015,8,Pacific Ocean,Manta net,0.646543,High
44.923667,8.134,2021,9,Atlantic Ocean,Manta net,0.086865,High
56.0085,-3.370667,2021,12,Atlantic Ocean,Neuston net,0.0,Low
60.776667,1.0885,2014,1,Atlantic Ocean,Neuston net,0.025192,Low
11.44,-156.82,2004,12,Pacific Ocean,Neuston net,0.00432,Low
33.1,-149.63,2012,4,Pacific Ocean,Neuston net,0.03142,Low
36.273667,-149.92,2015,8,Pacific Ocean,Manta net,1.148941,High
46.62,-56.35,1998,7,Atlantic Ocean,Neuston net,0.00864,Low
46.3883,-63.7825,2015,6,Atlantic Ocean,Grab sample,0.001,Low
43.48,-67.81,1998,6,Atlantic Ocean,Neuston net,0.0,Low
44.28,-66.93,1994,7,Atlantic Ocean,Neuston net,0.043244,Low
48.318167,-4.416,2015,6,Atlantic Ocean,Manta net,0.009982,Low
38.031,5.324,2013,6,Atlantic Ocean,Neuston net,0.995025,High
44.39,-61.89,1995,7,Atlantic Ocean,Neuston net,0.01512,Low
40.5,-67.68,1989,6,Atlantic Ocean,Neuston net,0.0054,Low
32.71,-60.65,1998,10,Atlantic Ocean,Neuston net,0.01512,Low
31.5,-60.47,2000,4,Atlantic Ocean,Neuston net,0.036716,Low
31.288333,-25.263333,2013,9,Atlantic Ocean,Manta net,0.250374,High
39.0051,17.2516,2014,7,Atlantic Ocean,Manta net,7.151593,High
32.1439,-133.1823,2009,8,Pacific Ocean,Manta net,0.209,High
31.85,-64.13,1997,10,Atlantic Ocean,Neuston net,0.00216,Low
31.99,-64.6,1997,4,Atlantic Ocean,Neuston net,0.043196,Low
33.56,-66.94,1997,4,Atlantic Ocean,Neuston net,0.166308,High
31.72,-144.77,2004,1,Pacific Ocean,Neuston net,0.0,Low
32.991073,-138.0,2015,8,Pacific Ocean,Manta net,1.698375,High
34.5692,-147.24665,2015,8,Pacific Ocean,Manta net,0.317912,High
39.0,-132.983,1972,5,Pacific Ocean,Neuston net,0.0,Low
36.5987,-125.8362,2010,10,Pacific Ocean,Manta net,0.009,Low
33.7404,-133.8036,2010,10,Pacific Ocean,Manta net,0.17,High
25.4296,-64.8085,2018,5,Atlantic Ocean,Intake seawater pump,27.0,High
26.49,-73.53,2001,2,Atlantic Ocean,Neuston net,0.01944,Low
27.46,-71.95,2000,6,Atlantic Ocean,Neuston net,0.024684,Low
32.84,-147.81,2010,8,Pacific Ocean,Neuston net,0.0,Low
22.11,-141.71,2007,3,Pacific Ocean,Neuston net,0.0,Low
20.15,-147.77,2012,7,Pacific Ocean,Neuston net,0.467188,High
27.4258,-145.54195,2015,8,Pacific Ocean,Manta net,2.373976,High
29.98,-140.0,2010,10,Pacific Ocean,Neuston net,0.0,Low
29.35,-78.18,2000,4,Atlantic Ocean,Neuston net,0.043196,Low
16.78,-72.77,1997,12,Atlantic Ocean,Neuston net,0.00216,Low
19.94,-69.75,2001,2,Atlantic Ocean,Neuston net,0.010284,Low
18.68,-64.96,2007,5,Atlantic Ocean,Neuston net,0.00306,Low
17.35,-60.75,1997,11,Atlantic Ocean,Neuston net,0.0108,Low
13.52,-61.35,1995,12,Atlantic Ocean,Neuston net,0.0,Low
23.52,-141.63,2009,5,Pacific Ocean,Neuston net,0.0,Low
20.01,-85.08,2001,3,Atlantic Ocean,Neuston net,0.01512,Low
15.28,-72.43,2000,12,Atlantic Ocean,Neuston net,0.0,Low
15.51,-72.26,2000,12,Atlantic Ocean,Neuston net,0.0,Low
14.9,-70.38,1997,12,Atlantic Ocean,Neuston net,0.0,Low
15.88,-70.92,2004,3,Atlantic Ocean,Neuston net,0.0,Low
2.9,-96.583,1999,9,Pacific Ocean,Manta net,0.013,Low
4.667,-96.583,1987,9,Pacific Ocean,Manta net,0.012,Low
18.91,-68.24,2000,5,Atlantic Ocean,Neuston net,0.00216,Low
17.4,-68.78,1989,12,Atlantic Ocean,Neuston net,0.0,Low
18.7167,-64.2833,2015,2,Atlantic Ocean,Grab sample,0.001,Low
12.95,-156.94,2006,10,Pacific Ocean,Neuston net,0.0216,Low
17.55,-158.31,2009,7,Pacific Ocean,Neuston net,0.011996,Low
28.2745,-148.8963,2015,8,Pacific Ocean,Manta net,3.960667,High
33.02,-152.9,2006,4,Pacific Ocean,Neuston net,0.0,Low
43.292667,6.6485,2016,10,Atlantic Ocean,Manta net,0.65709,High
57.190333,-6.803833,2015,1,Atlantic Ocean,Neuston net,0.023641,Low
63.1279,18.826,2016,5,Atlantic Ocean,Grab sample,0.0,Low
71.3695,-55.672167,2021,8,Arctic Ocean,Manta net,0.005401,Low
1.56,-156.38,2012,12,Pacific Ocean,Neuston net,0.0,Low
6.84,-149.44,2004,5,Pacific Ocean,Neuston net,0.0,Low
40.7094,14.1105,2014,10,Atlantic Ocean,Manta net,4.64236,High
41.13,9.798333,2018,6,Atlantic Ocean,Manta net,0.064088,Low
41.397303,2.21315,2021,3,Atlantic Ocean,Manta net,0.675333,High
44.36,-62.33,1997,7,Atlantic Ocean,Neuston net,0.00216,Low
43.2571,5.3726,2019,6,Atlantic Ocean,Manta net,0.131303,High
40.91,-68.8,1998,8,Atlantic Ocean,Neuston net,0.0,Low
40.78,-69.15,2001,6,Atlantic Ocean,Neuston net,0.0,Low
42.17,-67.87,1997,6,Atlantic Ocean,Neuston net,0.0,Low
37.62,-65.65,2001,10,Atlantic Ocean,Neuston net,0.0,Low
41.0974,-9.1399,2018,7,Atlantic Ocean,Intake seawater pump,3.0,High
39.705,-15.61,2014,8,Atlantic Ocean,Manta net,0.315091,High
34.84,-67.48,2000,10,Atlantic Ocean,Neuston net,0.090712,High
34.6,-65.2,1993,10,Atlantic Ocean,Neuston net,0.097912,High
39.9,-72.27,1998,8,Atlantic Ocean,Neuston net,0.0054,Low
42.13,-70.44,2004,8,Atlantic Ocean,Neuston net,0.0,Low
42.13,-70.23,2002,7,Atlantic Ocean,Neuston net,0.0,Low
41.59,-69.16,2008,7,Atlantic Ocean,Neuston net,0.0,Low
32.84,-147.81,2011,1,Pacific Ocean,Neuston net,0.0,Low
31.72,-144.77,2003,10,Pacific Ocean,Neuston net,0.0,Low
37.493,-143.5639,2015,8,Pacific Ocean,Manta net,2.952631,High
25.4,-76.1,2001,2,Atlantic Ocean,Neuston net,0.00432,Low
24.03,-74.77,1996,4,Atlantic Ocean,Neuston net,0.01944,Low
31.11,-61.05,2007,10,Atlantic Ocean,Neuston net,0.048032,Low
27.92,-59.5,1994,10,Atlantic Ocean,Neuston net,0.00432,Low
26.2599,-43.1399,2013,7,Atlantic Ocean,Neuston net,0.717462,High
27.897,-82.4382,2016,9,Atlantic Ocean,Van Dorn sampler,0.0,Low
27.9185,-82.5379,2016,11,Atlantic Ocean,Van Dorn sampler,1000.0,High
22.11,-141.71,2007,10,Pacific Ocean,Neuston net,0.0,Low
25.94,-146.58,2010,10,Pacific Ocean,Neuston net,0.326132,High
30.990473,-141.8,2015,8,Pacific Ocean,Manta net,4.295994,High
26.17,-78.13,1994,2,Atlantic Ocean,Neuston net,0.0,Low
26.0,-79.78,1994,3,Atlantic Ocean,Neuston net,0.0,Low
18.3358,-64.9278,2014,1,Atlantic Ocean,Grab sample,0.002,Low
15.98,-62.68,1989,12,Atlantic Ocean,Neuston net,0.00216,Low
16.63,-63.63,1991,2,Atlantic Ocean,Neuston net,0.00216,Low
14.88,-62.52,1997,12,Atlantic Ocean,Neuston net,0.0,Low
16.87,-61.36,2005,4,Atlantic Ocean,Neuston net,0.0,Low
15.5017,-52.535,2014,12,Atlantic Ocean,Grab sample,0.046,Low
5.79,-147.72,2010,12,Pacific Ocean,Neuston net,0.0,Low
19.3096,-110.8192,2016,4,Pacific Ocean,Grab sample,0.001,Low
17.65,-80.42,1993,3,Atlantic Ocean,Neuston net,0.00432,Low
15.9535,-94.0104,2014,12,Pacific Ocean,Grab sample,0.002,Low
9.9429,-85.6707,2014,3,Pacific Ocean,Grab sample,0.03,Low
12.95,-156.94,2012,11,Pacific Ocean,Neuston net,0.0,Low
43.2046,8.999,2010,7,Atlantic Ocean,Neuston net,0.303079,High
57.721333,-2.555833,2014,11,Atlantic Ocean,Neuston net,0.0,Low
58.396833,-7.286833,2014,1,Atlantic Ocean,Neuston net,0.0,Low
80.56208,8.00078,2016,8,Arctic Ocean,CTD rosette sampler,95.0,High
79.0,12.23,2016,6,Arctic Ocean,Grab sample,0.0,Low
6.84,-149.44,2003,12,Pacific Ocean,Neuston net,0.0,Low
41.575135,2.553135,2021,3,Atlantic Ocean,Manta net,2.716667,High
41.403637,2.2193,2021,3,Atlantic Ocean,Manta net,1.857333,High
46.74,-57.59,2001,8,Atlantic Ocean,Neuston net,0.003084,Low
42.429848,-10.274465,2015,11,Atlantic Ocean,Intake seawater pump,0.5,High
43.013033,6.1031,2017,5,Atlantic Ocean,Manta net,0.005181,Low
44.240431,8.469206,2019,7,Atlantic Ocean,Manta net,0.066138,Low
39.42,-69.98,2008,8,Atlantic Ocean,Neuston net,0.003928,Low
41.3,-70.93,1994,8,Atlantic Ocean,Neuston net,0.01944,Low
40.45,-66.61,2005,7,Atlantic Ocean,Neuston net,0.003844,Low
42.15,-65.97,2007,9,Atlantic Ocean,Neuston net,0.00216,Low
35.9716,-5.5907,2014,12,Atlantic Ocean,Grab sample,0.004,Low
36.760775,2.80062,2018,1,Atlantic Ocean,Manta net,0.704857,High
31.99,-66.03,2005,4,Atlantic Ocean,Neuston net,0.0,Low
33.86,-63.79,2002,5,Atlantic Ocean,Neuston net,0.160188,High
38.38,-69.28,1993,10,Atlantic Ocean,Neuston net,0.0,Low
39.4,-69.22,1997,6,Atlantic Ocean,Neuston net,0.0,Low
26.1552,-63.7472,2014,5,Atlantic Ocean,Grab sample,0.006,Low
30.88,-74.16,1996,5,Atlantic Ocean,Neuston net,0.276456,High
30.9254,-37.0622,2013,6,Atlantic Ocean,Neuston net,0.239154,High
32.003383,-139.321,2015,8,Pacific Ocean,Manta net,17.674272,High
39.76,-147.72,2003,7,Pacific Ocean,Neuston net,0.005056,Low
23.17,-73.78,1990,4,Atlantic Ocean,Neuston net,0.00432,Low
26.2,-72.85,1991,4,Atlantic Ocean,Neuston net,0.291496,High
25.72,-72.42,1997,4,Atlantic Ocean,Neuston net,0.057604,Low
27.75,-71.64,2005,2,Atlantic Ocean,Neuston net,0.038876,Low
27.47,-71.08,1993,5,Atlantic Ocean,Neuston net,0.354212,High
26.45,-68.92,1990,4,Atlantic Ocean,Neuston net,0.01512,Low
24.52,-81.81,2008,2,Atlantic Ocean,Neuston net,0.005976,Low
24.02,-81.91,2008,5,Atlantic Ocean,Neuston net,0.0,Low
26.0914,-61.7168,2010,1,Atlantic Ocean,Neuston net,0.026391,Low
25.64,-65.28,2001,5,Atlantic Ocean,Neuston net,0.094028,High
24.2909,-67.3977,2013,11,Atlantic Ocean,Grab sample,0.032,Low
20.62,-68.15,1991,12,Atlantic Ocean,Neuston net,0.0,Low
27.8096,-82.446,2016,6,Atlantic Ocean,Van Dorn sampler,2000.0,High
31.000025,-134.25,2015,8,Pacific Ocean,Manta net,15.248259,High
23.35,-144.31,2012,10,Pacific Ocean,Neuston net,0.591576,High
24.59,-143.47,2006,5,Pacific Ocean,Neuston net,0.041396,Low
25.94,-146.58,2003,11,Pacific Ocean,Neuston net,0.0,Low
25.94,-146.58,2011,2,Pacific Ocean,Neuston net,0.326132,High
25.75,-77.1,1992,4,Atlantic Ocean,Neuston net,0.0,Low
11.6,-63.87,1993,12,Atlantic Ocean,Neuston net,0.0,Low
17.03,-59.57,1992,11,Atlantic Ocean,Neuston net,0.0,Low
18.97,-58.03,2007,10,Atlantic Ocean,Neuston net,0.006976,Low
12.53,-61.62,1994,12,Atlantic Ocean,Neuston net,0.00288,Low
12.22,-61.77,1989,12,Atlantic Ocean,Neuston net,0.0,Low
18.885,-35.8504,2014,12,Atlantic Ocean,Grab sample,0.009,Low
-34.6,21.2,2014,3,Indian Ocean,Grab sample,0.01,Low
1.383,-94.483,2000,10,Pacific Ocean,Manta net,0.024,Low
19.96,-146.64,2003,11,Pacific Ocean,Neuston net,0.0,Low
18.76,-77.48,2001,3,Atlantic Ocean,Neuston net,0.0072,Low
16.73,-77.93,2006,4,Atlantic Ocean,Neuston net,0.01296,Low
17.17,-80.02,1992,3,Atlantic Ocean,Neuston net,0.018892,Low
19.24,-156.55,2012,7,Pacific Ocean,Neuston net,0.062184,Low
33.47,-151.63,2004,12,Pacific Ocean,Neuston net,0.00864,Low
33.7346,32.7224,2014,8,Atlantic Ocean,Manta net,0.036978,Low
57.771,-3.211167,2019,1,Atlantic Ocean,Neuston net,0.0,Low
55.5285,-4.7065,2014,11,Atlantic Ocean,Neuston net,0.0,Low
85.1201,16.0128,2016,9,Arctic Ocean,Intake seawater pump,1.0,High
11.44,-156.82,2010,11,Pacific Ocean,Neuston net,0.00432,Low
12.95,-156.94,2012,8,Pacific Ocean,Neuston net,0.009292,Low
17.55,-158.31,2010,11,Pacific Ocean,Neuston net,0.011996,Low
42.46,-65.91,1989,7,Atlantic Ocean,Neuston net,0.013092,Low
43.046833,15.271,2021,6,Atlantic Ocean,Manta net,0.393552,High
60.4667,-148.399,2015,12,Pacific Ocean,Grab sample,0.011,Low
55.43,-134.72,2002,7,Pacific Ocean,Neuston net,0.0,Low
41.17,-70.83,2008,10,Atlantic Ocean,Neuston net,0.0,Low
41.5,-69.35,2007,7,Atlantic Ocean,Neuston net,0.00216,Low
36.82,-65.43,1994,5,Atlantic Ocean,Neuston net,0.00216,Low
38.181,11.667,2013,6,Atlantic Ocean,Neuston net,1.012461,High
42.028333,3.75,2011,8,Atlantic Ocean,Manta net,0.297018,High
31.39,-74.0,2000,4,Atlantic Ocean,Neuston net,0.00432,Low
32.2,-62.73,1997,10,Atlantic Ocean,Neuston net,0.051824,Low
35.13,-67.03,1995,6,Atlantic Ocean,Neuston net,0.082072,High
31.9954,-137.231,2015,8,Pacific Ocean,Manta net,6.548017,High
33.667,-141.145833,2019,12,Pacific Ocean,Manta net,6.293365,High
38.2432,-130.48625,2015,9,Pacific Ocean,Manta net,0.128928,High
36.6861,-133.2069,2015,9,Pacific Ocean,Manta net,3.215274,High
33.001015,-134.1295,2015,8,Pacific Ocean,Manta net,3.765498,High
25.21,-80.03,2005,3,Atlantic Ocean,Neuston net,0.0081,Low
25.69,-60.05,1996,10,Atlantic Ocean,Neuston net,0.177104,High
24.04,-59.76,1998,10,Atlantic Ocean,Neuston net,0.01944,Low
25.68,-57.85,1997,11,Atlantic Ocean,Neuston net,0.438272,High
27.4,-74.08,1990,4,Atlantic Ocean,Neuston net,0.0,Low
25.9666,-19.9069,2014,11,Atlantic Ocean,Grab sample,0.009,Low
24.8107,-80.828,2015,3,Atlantic Ocean,Grab sample,0.002,Low
28.91,-78.58,2001,4,Atlantic Ocean,Neuston net,0.0,Low
26.45,-78.7,1993,5,Atlantic Ocean,Neuston net,0.01296,Low
26.37,-79.03,2003,2,Atlantic Ocean,Neuston net,0.00648,Low
23.35,-144.31,2011,10,Pacific Ocean,Neuston net,0.0,Low
26.9289,-144.971633,2019,11,Pacific Ocean,Manta net,3.922442,High
28.72,-140.03,2009,5,Pacific Ocean,Neuston net,0.0,Low
29.98,-140.0,2011,10,Pacific Ocean,Neuston net,0.0,Low
30.01,-74.39,1997,4,Atlantic Ocean,Neuston net,0.00864,Low
17.25,-85.62,2002,4,Atlantic Ocean,Neuston net,0.010796,Low
11.93,-62.07,1999,12,Atlantic Ocean,Neuston net,0.0,Low
15.53,-69.95,2003,12,Atlantic Ocean,Neuston net,0.0,Low
15.29,-59.87,1998,11,Atlantic Ocean,Neuston net,0.00216,Low
16.75,-60.28,1995,11,Atlantic Ocean,Neuston net,0.0,Low
18.95,-60.0,1998,11,Atlantic Ocean,Neuston net,0.198704,High
-34.8428,-42.5657,2011,1,Atlantic Ocean,Neuston net,0.151411,High
-15.84,-148.31,2002,2,Pacific Ocean,Neuston net,0.0,Low
-4.02,-105.63,2001,12,Pacific Ocean,Neuston net,0.0,Low
1.0,-92.0,2017,10,Pacific Ocean,Plankton net,0.32,High
19.4,-78.57,1997,12,Atlantic Ocean,Neuston net,0.0,Low
33.074,35.101667,2015,2,Atlantic Ocean,Manta net,13.115789,High
16.13,-162.0,2012,4,Pacific Ocean,Neuston net,0.00648,Low
14.12,-157.12,2007,12,Pacific Ocean,Neuston net,0.0,Low
15.25,-157.55,2010,6,Pacific Ocean,Neuston net,0.0,Low
28.6498,-151.6073,2015,8,Pacific Ocean,Manta net,0.171664,High
33.1,-156.49,2004,5,Pacific Ocean,Neuston net,0.0,Low
33.2249,-153.8023,2015,8,Pacific Ocean,Manta net,1.833202,High
39.9,-157.2,2006,11,Pacific Ocean,Neuston net,0.0,Low
57.808,-3.045333,2021,1,Atlantic Ocean,Neuston net,0.0,Low
58.127667,-6.146333,2022,1,Atlantic Ocean,Neuston net,0.059665,Low
68.97,-106.303333,2016,8,Arctic Ocean,Manta net,0.013143,Low
-36.2462,-16.7175,2017,11,Atlantic Ocean,Intake seawater pump,11.0,High
-37.4182,-12.4848,2017,1,Atlantic Ocean,Grab sample,0.001,Low
37.558333,0.695,2014,8,Atlantic Ocean,Manta net,0.282078,High
38.619,3.205167,2014,5,Atlantic Ocean,Manta net,1.094385,High
43.55,-64.88,1987,6,Atlantic Ocean,Neuston net,0.00864,Low
42.58,-69.95,2004,7,Atlantic Ocean,Neuston net,0.00432,Low
41.7,-69.55,1992,7,Atlantic Ocean,Neuston net,0.0,Low
40.15,-71.09,2000,10,Atlantic Ocean,Neuston net,0.0,Low
42.1,-63.35,2000,7,Atlantic Ocean,Neuston net,0.0,Low
31.27,-57.37,1991,10,Atlantic Ocean,Neuston net,0.084232,High
38.583333,15.773,2021,7,Atlantic Ocean,Manta net,0.456912,High
31.97,-75.12,1996,5,Atlantic Ocean,Neuston net,0.00432,Low
31.42,-64.08,2001,4,Atlantic Ocean,Neuston net,0.0,Low
27.62,-68.93,1998,2,Atlantic Ocean,Neuston net,0.004796,Low
22.9035,-19.1172,2014,11,Atlantic Ocean,Grab sample,0.008,Low
34.065,-141.8469,2009,8,Pacific Ocean,Manta net,5.0,High
35.8098,-139.873,2009,8,Pacific Ocean,Manta net,6.611,High
36.074,-140.8297,2009,9,Pacific Ocean,Neuston net,2.689615,High
23.97,-82.68,1993,1,Atlantic Ocean,Neuston net,0.00216,Low
25.62,-75.42,1996,3,Atlantic Ocean,Neuston net,0.0216,Low
23.22,-74.77,1998,4,Atlantic Ocean,Neuston net,0.0,Low
22.95,-74.73,1998,2,Atlantic Ocean,Neuston net,0.00432,Low
23.79,-70.92,2007,2,Atlantic Ocean,Neuston net,0.0243,Low
27.84,-140.77,2012,1,Pacific Ocean,Neuston net,0.0024,Low
28.4649,-141.808,2014,9,Pacific Ocean,Grab sample,0.011,Low
24.4463,-110.3715,2014,11,Pacific Ocean,Grab sample,0.003,Low
13.31,-60.32,2000,11,Atlantic Ocean,Neuston net,0.0,Low
12.72,-60.34,2006,11,Atlantic Ocean,Neuston net,0.0,Low
12.05,-61.9,1997,12,Atlantic Ocean,Neuston net,0.0,Low
17.665,-35.2483,2014,11,Atlantic Ocean,Grab sample,0.012,Low
24.59,-143.47,2007,8,Pacific Ocean,Neuston net,0.041396,Low
26.6,-142.77,2009,10,Pacific Ocean,Neuston net,0.0,Low
17.67,-76.63,1998,4,Atlantic Ocean,Neuston net,0.00864,Low
15.82,-76.35,1993,3,Atlantic Ocean,Neuston net,0.00648,Low
16.58,-70.03,1994,12,Atlantic Ocean,Neuston net,0.02376,Low
18.07,-67.54,2006,12,Atlantic Ocean,Neuston net,0.00432,Low
18.23,-64.58,1991,11,Atlantic Ocean,Neuston net,0.0,Low
20.02,-59.28,2000,11,Atlantic Ocean,Neuston net,0.007852,Low
-31.4843,-26.3197,2011,1,Atlantic Ocean,Neuston net,0.604671,High
-6.006667,-136.381667,2017,4,Pacific Ocean,Manta net,0.049438,Low
10.2864,-109.2202,2016,3,Pacific Ocean,Grab sample,0.0,Low
18.02,-75.41,2006,2,Atlantic Ocean,Neuston net,0.006172,Low
16.75,-74.58,1991,3,Atlantic Ocean,Neuston net,0.030236,Low
33.47,-151.63,2003,12,Pacific Ocean,Neuston net,0.0,Low
56.110167,-4.897333,2018,10,Atlantic Ocean,Neuston net,0.166026,High
8.38,-151.97,2006,11,Pacific Ocean,Neuston net,0.003456,Low
11.44,-156.82,2011,7,Pacific Ocean,Neuston net,0.00432,Low
19.24,-156.55,2011,11,Pacific Ocean,Neuston net,0.0,Low
19.09,-156.24,2002,4,Pacific Ocean,Neuston net,0.021372,Low
22.99,-148.78,2010,10,Pacific Ocean,Neuston net,0.0,Low
44.25,-68.12,1995,7,Atlantic Ocean,Neuston net,0.0,Low
43.183,5.3831,2019,6,Atlantic Ocean,Manta net,0.031328,Low
60.774,-147.029,2016,10,Pacific Ocean,Grab sample,0.012,Low
60.249167,-0.998667,2014,1,Atlantic Ocean,Neuston net,0.007357,Low
57.997667,-5.882667,2014,1,Atlantic Ocean,Neuston net,0.044731,Low
56.122667,-4.826,2018,10,Atlantic Ocean,Neuston net,0.02448,Low
37.533,5.7742,2014,11,Atlantic Ocean,Grab sample,0.01,Low
42.18,3.24,2015,6,Atlantic Ocean,Manta net,0.587,High
40.910469,0.833376,2021,3,Atlantic Ocean,Manta net,1.09,High
42.79,-60.86,1997,7,Atlantic Ocean,Neuston net,0.040796,Low
42.79,-65.11,2002,6,Atlantic Ocean,Neuston net,0.0,Low
38.18,-69.3,1993,10,Atlantic Ocean,Neuston net,0.0024,Low
40.2,-70.5,1992,6,Atlantic Ocean,Neuston net,0.0,Low
39.62,-68.58,1996,8,Atlantic Ocean,Neuston net,0.0,Low
32.63,-61.57,1994,10,Atlantic Ocean,Neuston net,0.058316,Low
32.873333,-36.381667,2019,5,Atlantic Ocean,Manta net,1.476141,High
38.44652,-9.04146,2018,12,Atlantic Ocean,Neuston net,0.277963,High
38.31795,-137.71005,2015,8,Pacific Ocean,Manta net,4.527676,High
40.68,-128.9,2003,12,Pacific Ocean,Neuston net,0.0,Low
36.0829,-128.6819,2018,9,Pacific Ocean,Manta net,0.207009,High
31.98,-66.37,1992,5,Atlantic Ocean,Neuston net,0.028076,Low
24.54,-83.26,2003,4,Atlantic Ocean,Neuston net,0.025916,Low
24.19,-80.66,2001,2,Atlantic Ocean,Neuston net,0.0,Low
23.47,-80.3,1993,1,Atlantic Ocean,Neuston net,0.00432,Low
26.87,-59.0,1986,10,Atlantic Ocean,Neuston net,0.0,Low
22.29,-71.93,2002,2,Atlantic Ocean,Neuston net,0.0,Low
26.12,-72.54,2001,4,Atlantic Ocean,Neuston net,0.0225,Low
29.98,-140.0,2011,2,Pacific Ocean,Neuston net,0.0,Low
28.95,-146.06,2019,7,Pacific Ocean,Manta net,3.223693,High
21.24,-108.73,2002,11,Pacific Ocean,Neuston net,0.0,Low
21.3124,-106.2232,2015,5,Pacific Ocean,Grab sample,0.014,Low
25.51,-110.4,2002,10,Pacific Ocean,Neuston net,0.0,Low
27.89,-78.18,2005,2,Atlantic Ocean,Neuston net,0.0,Low
17.5,-62.31,2005,11,Atlantic Ocean,Neuston net,0.00268,Low
14.6786,-57.2832,2014,12,Atlantic Ocean,Grab sample,0.034,Low
14.28,-61.85,1996,12,Atlantic Ocean,Neuston net,0.01728,Low
24.37,-147.78,2005,7,Pacific Ocean,Neuston net,0.892728,High
25.69,-141.14,2007,10,Pacific Ocean,Neuston net,0.0,Low
31.007708,-140.0705,2015,8,Pacific Ocean,Manta net,3.591232,High
13.08,-66.5,1996,12,Atlantic Ocean,Neuston net,0.007856,Low
12.1,-63.08,1997,12,Atlantic Ocean,Neuston net,0.00648,Low
17.79,-72.33,2004,12,Atlantic Ocean,Neuston net,0.0,Low
19.06,-65.01,2001,5,Atlantic Ocean,Neuston net,0.0,Low
17.4,-63.33,1996,12,Atlantic Ocean,Neuston net,0.0,Low
-13.28,-140.21,2012,12,Pacific Ocean,Neuston net,0.018756,Low
3.27698,-14.96912,2016,12,Atlantic Ocean,Neuston net,0.047142,Low
-1.660333,-12.524029,2015,11,Atlantic Ocean,Intake seawater pump,2.0,High
17.47,-79.32,2007,12,Atlantic Ocean,Neuston net,0.00174,Low
18.58,-77.35,2002,12,Atlantic Ocean,Neuston net,0.026052,Low
17.37,-82.47,1994,3,Atlantic Ocean,Neuston net,0.034556,Low
57.709,-2.685333,2014,5,Atlantic Ocean,Neuston net,0.0,Low
54.51815,11.262533,2018,10,Atlantic Ocean,Manta net,0.0,Low
-37.927117,24.757867,2017,5,Indian Ocean,Neuston net,0.008346,Low
14.12,-157.12,2008,11,Pacific Ocean,Neuston net,0.0,Low
39.9,-157.2,2005,10,Pacific Ocean,Neuston net,0.0,Low
16.13,-162.0,2012,11,Pacific Ocean,Neuston net,4.569056,High
39.307,23.827,2020,2,Atlantic Ocean,Manta net,0.216667,High
44.22,-62.93,1999,7,Atlantic Ocean,Neuston net,0.00216,Low
48.749248,-5.287192,2020,11,Atlantic Ocean,Manta net,0.087769,High
47.455184,-8.243054,2015,11,Atlantic Ocean,Intake seawater pump,1.5,High
41.18,-70.93,1993,8,Atlantic Ocean,Neuston net,0.0108,Low
40.12,-70.5,1994,8,Atlantic Ocean,Neuston net,0.0,Low
37.83,-63.73,1989,10,Atlantic Ocean,Neuston net,0.535636,High
31.9,-57.12,1991,10,Atlantic Ocean,Neuston net,0.009816,Low
38.48294,-8.94286,2018,10,Atlantic Ocean,Neuston net,0.153408,High
40.289444,17.410278,2020,10,Atlantic Ocean,Manta net,0.169082,High
32.89,-64.75,1999,4,Atlantic Ocean,Neuston net,0.118792,High
36.54,-64.19,1999,10,Atlantic Ocean,Neuston net,0.112312,High
24.34,-74.52,2002,4,Atlantic Ocean,Neuston net,0.00648,Low
21.65,-57.93,2007,10,Atlantic Ocean,Neuston net,0.0,Low
23.65,-64.86,1999,5,Atlantic Ocean,Neuston net,0.20902,High
21.88,-73.33,2003,4,Atlantic Ocean,Neuston net,0.0,Low
31.02,-71.56,2005,4,Atlantic Ocean,Neuston net,0.308856,High
30.0403,-16.0294,2015,9,Atlantic Ocean,Grab sample,0.001,Low
20.6476,-87.0509,2013,11,Atlantic Ocean,Grab sample,0.001,Low
24.14,-81.98,2008,5,Atlantic Ocean,Neuston net,0.00864,Low
23.47,-83.2,1991,3,Atlantic Ocean,Neuston net,0.0,Low
26.14,-143.12,2008,10,Pacific Ocean,Neuston net,0.0,Low
28.5,-78.97,2008,2,Atlantic Ocean,Neuston net,0.007728,Low
25.98,-77.85,1993,3,Atlantic Ocean,Neuston net,0.0,Low
28.21,-78.03,1999,2,Atlantic Ocean,Neuston net,0.0,Low
27.9185,-82.5379,2017,4,Atlantic Ocean,Plankton net,5.4,High
11.7,-61.27,1995,11,Atlantic Ocean,Neuston net,0.0,Low
17.798667,-23.664,2018,6,Atlantic Ocean,Manta net,0.021318,Low
27.31045,-130.6653,2015,9,Pacific Ocean,Manta net,1.264402,High
24.73,-139.58,2003,11,Pacific Ocean,Neuston net,0.0,Low
21.15,-142.77,2005,7,Pacific Ocean,Neuston net,0.0,Low
26.6,-142.77,2008,12,Pacific Ocean,Neuston net,0.0,Low
11.33,-63.63,1994,12,Atlantic Ocean,Neuston net,0.0,Low
10.67,-65.36,1999,12,Atlantic Ocean,Neuston net,0.006172,Low
13.05,-63.12,1989,12,Atlantic Ocean,Neuston net,0.0,Low
19.87,-69.35,1999,3,Atlantic Ocean,Neuston net,0.0,Low
15.9407,-55.8,2014,12,Atlantic Ocean,Grab sample,0.005,Low
16.1167,-52.3,2014,12,Atlantic Ocean,Grab sample,0.007,Low
-32.5685,-87.4243,2011,3,Pacific Ocean,Neuston net,0.0146,Low
-33.1342,-81.2382,2011,3,Pacific Ocean,Neuston net,0.013627,Low
-33.4867,-19.0997,2010,11,Atlantic Ocean,Neuston net,0.587665,High
-33.2573,-12.4862,2010,11,Atlantic Ocean,Neuston net,0.32932,High
4.41,-145.74,2008,2,Pacific Ocean,Neuston net,0.0,Low
2.89,-137.24,2005,4,Pacific Ocean,Neuston net,0.003084,Low
24.21,-149.32,2008,12,Pacific Ocean,Neuston net,0.0,Low
39.9,-157.2,2005,4,Pacific Ocean,Neuston net,0.0,Low
32.726333,34.939,2014,1,Atlantic Ocean,Manta net,0.635222,High
31.626,34.504333,2013,10,Atlantic Ocean,Manta net,0.722132,High
59.7732,-150.0451,2015,6,Pacific Ocean,Grab sample,0.001,Low
44.411064,8.751844,2018,9,Atlantic Ocean,Manta net,0.43004,High
42.900383,6.17495,2017,7,Atlantic Ocean,Manta net,0.038204,Low
57.0386,-135.3736,2015,1,Pacific Ocean,Grab sample,0.015,Low
57.743167,-3.086667,2018,1,Atlantic Ocean,Neuston net,0.0,Low
8.38,-151.97,2007,12,Pacific Ocean,Neuston net,0.003456,Low
10.33,-156.71,2010,7,Pacific Ocean,Neuston net,0.00216,Low
36.583333,-2.71,2013,10,Atlantic Ocean,Manta net,0.449964,High
42.45,-64.54,1992,8,Atlantic Ocean,Neuston net,0.0,Low
42.772167,4.923167,2014,4,Atlantic Ocean,Manta net,0.210334,High
44.129778,9.608947,2019,4,Atlantic Ocean,Manta net,0.127376,High
42.25,-69.67,1996,7,Atlantic Ocean,Neuston net,0.00216,Low
39.81,-70.76,2003,6,Atlantic Ocean,Neuston net,0.0,Low
37.18,-66.13,1991,10,Atlantic Ocean,Neuston net,0.356372,High
37.73,-64.9,1992,5,Atlantic Ocean,Neuston net,0.009816,Low
31.75,-69.28,1996,5,Atlantic Ocean,Neuston net,0.066956,Low
34.6,-63.75,1992,5,Atlantic Ocean,Neuston net,0.0108,Low
34.93,-64.6,1995,5,Atlantic Ocean,Neuston net,0.114196,High
41.32,-71.12,2003,7,Atlantic Ocean,Neuston net,0.00432,Low
22.6187,-26.3271,2014,11,Atlantic Ocean,Grab sample,0.01,Low
28.688167,-16.384,2018,11,Atlantic Ocean,Manta net,0.09061,High
36.5472,-121.9303,2014,12,Pacific Ocean,Grab sample,0.002,Low
36.9731,-122.9537,2015,7,Pacific Ocean,Grab sample,0.031,Low
21.32,-70.17,1990,4,Atlantic Ocean,Neuston net,0.005892,Low
27.32,-69.39,2000,4,Atlantic Ocean,Neuston net,0.01008,Low
29.3,-62.54,2002,5,Atlantic Ocean,Neuston net,0.0,Low
30.51,-63.43,2002,5,Atlantic Ocean,Neuston net,0.092872,High
30.55,-67.18,1995,5,Atlantic Ocean,Neuston net,0.32716,High
21.7028,-32.5263,2014,11,Atlantic Ocean,Grab sample,0.002,Low
25.42,-76.03,1987,4,Atlantic Ocean,Neuston net,0.003928,Low
30.21,-56.66,2005,10,Atlantic Ocean,Neuston net,0.251544,High
28.63,-58.22,2004,10,Atlantic Ocean,Neuston net,0.0,Low
26.16,-56.54,2004,10,Atlantic Ocean,Neuston net,0.02376,Low
27.9237,-82.4807,2017,4,Atlantic Ocean,Van Dorn sampler,0.0,Low
11.8,-61.38,1993,12,Atlantic Ocean,Neuston net,0.0,Low
24.73,-139.58,2004,3,Pacific Ocean,Neuston net,0.0,Low
24.37,-147.78,2006,5,Pacific Ocean,Neuston net,0.892728,High
25.69,-141.14,2006,6,Pacific Ocean,Neuston net,0.0,Low
26.47,-79.28,1993,5,Atlantic Ocean,Neuston net,0.0,Low
27.8589,-82.4686,2016,8,Atlantic Ocean,Van Dorn sampler,0.0,Low
11.55,-66.92,1994,12,Atlantic Ocean,Neuston net,0.0,Low
12.057667,-72.849667,2018,2,Atlantic Ocean,Manta net,0.0,Low
13.319,-56.4845,2019,1,Atlantic Ocean,Manta net,0.0,Low
13.45,-61.73,1993,12,Atlantic Ocean,Neuston net,0.0,Low
18.92,-75.96,2007,3,Atlantic Ocean,Neuston net,0.02162,Low
16.68,-81.58,1998,3,Atlantic Ocean,Neuston net,0.0,Low
16.58,-84.12,1993,3,Atlantic Ocean,Neuston net,0.00216,Low
-26.1643,-117.5795,2011,4,Pacific Ocean,Manta net,0.092646,High
-17.902,-145.985833,2016,6,Pacific Ocean,Manta net,0.008893,Low
-24.171,-115.9885,2016,4,Pacific Ocean,Manta net,0.085563,High
4.41,-145.74,2007,5,Pacific Ocean,Neuston net,0.0,Low
2.89,-137.24,2004,12,Pacific Ocean,Neuston net,0.003084,Low
1.217,-117.95,1987,9,Pacific Ocean,Manta net,0.0,Low
54.6545,-4.317833,2020,1,Atlantic Ocean,Neuston net,0.049002,Low
8.38,-151.97,2007,4,Pacific Ocean,Neuston net,0.003456,Low
10.33,-156.71,2009,7,Pacific Ocean,Neuston net,0.00216,Low
12.33,-149.8,2002,3,Pacific Ocean,Neuston net,0.0,Low
38.42925,-152.3954,2015,8,Pacific Ocean,Manta net,1.315256,High
42.48,-70.5,1998,7,Atlantic Ocean,Neuston net,0.026992,Low
43.314833,4.671167,2021,10,Atlantic Ocean,Manta net,0.157077,High
43.6526,7.2387,2013,8,Atlantic Ocean,Manta net,0.76994,High
43.6678,7.2421,2013,7,Atlantic Ocean,Manta net,2.40101,High
42.996533,9.945017,2018,5,Atlantic Ocean,Manta net,0.046238,Low
60.1946,-145.3325,2015,5,Pacific Ocean,Grab sample,0.002,Low
38.1942,13.9156,2016,6,Atlantic Ocean,Grab sample,0.01,Low
38.7505,14.391667,2021,7,Atlantic Ocean,Manta net,0.512617,High
37.3424,24.6518,2014,7,Atlantic Ocean,Manta net,10.683196,High
43.44,-65.19,1989,6,Atlantic Ocean,Neuston net,0.001964,Low
40.78,-70.55,2006,9,Atlantic Ocean,Neuston net,0.0,Low
40.27,-70.18,1997,10,Atlantic Ocean,Neuston net,0.00432,Low
41.73,-64.0,1994,7,Atlantic Ocean,Neuston net,0.00432,Low
36.3,-59.95,1992,10,Atlantic Ocean,Neuston net,0.0,Low
41.966333,-8.943333,2015,9,Atlantic Ocean,Manta net,0.046441,Low
24.87,-73.46,2004,4,Atlantic Ocean,Neuston net,0.039268,Low
26.1188,-19.3518,2014,11,Atlantic Ocean,Grab sample,0.005,Low
27.235167,-18.901167,2020,12,Atlantic Ocean,Manta net,0.021124,Low
31.54,-143.82,2012,5,Pacific Ocean,Neuston net,0.235464,High
24.31,-82.12,1992,1,Atlantic Ocean,Neuston net,0.00864,Low
23.85,-81.88,2004,1,Atlantic Ocean,Neuston net,0.0,Low
22.7,-58.55,1994,10,Atlantic Ocean,Neuston net,0.00432,Low
20.14,-73.2,2001,3,Atlantic Ocean,Neuston net,0.0,Low
24.73,-139.58,2004,10,Pacific Ocean,Neuston net,0.0,Low
21.15,-142.77,2004,10,Pacific Ocean,Neuston net,0.0,Low
25.69,-141.14,2007,2,Pacific Ocean,Neuston net,0.0,Low
16.2,-59.47,1994,11,Atlantic Ocean,Neuston net,0.0,Low
14.0467,-58.84,2014,12,Atlantic Ocean,Grab sample,0.002,Low
12.32,-61.88,1992,11,Atlantic Ocean,Neuston net,0.0,Low
16.8749,-32.3976,2014,11,Atlantic Ocean,Grab sample,0.001,Low
16.7583,-30.1233,2014,11,Atlantic Ocean,Grab sample,0.01,Low
17.785,-44.9026,2014,12,Atlantic Ocean,Grab sample,0.002,Low
17.17,-78.28,1992,3,Atlantic Ocean,Neuston net,0.0,Low
16.36,-84.47,1987,12,Atlantic Ocean,Neuston net,0.00216,Low
16.86,-85.95,1991,12,Atlantic Ocean,Neuston net,0.00648,Low
18.28,-64.22,1995,12,Atlantic Ocean,Neuston net,0.0,Low
15.87,-63.03,1992,11,Atlantic Ocean,Neuston net,0.0,Low
18.69,-78.41,2000,12,Atlantic Ocean,Neuston net,0.0,Low
17.63,-78.29,2004,3,Atlantic Ocean,Neuston net,0.005036,Low
17.932222,-76.84275,2017,9,Atlantic Ocean,Manta net,1.58,High
18.47,-75.09,2000,12,Atlantic Ocean,Neuston net,0.00648,Low
16.93,-77.19,2000,12,Atlantic Ocean,Neuston net,0.00216,Low
16.53,-79.06,1987,12,Atlantic Ocean,Neuston net,0.0,Low
-33.4538,-33.1737,2011,1,Atlantic Ocean,Neuston net,0.623436,High
-34.49666,5.10195,2017,7,Atlantic Ocean,Neuston net,0.033133,Low
2.89,-137.24,2006,3,Pacific Ocean,Neuston net,0.003084,Low
10.3171,-109.2167,2016,3,Pacific Ocean,Grab sample,0.0,Low
18.77,-76.27,2000,3,Atlantic Ocean,Neuston net,0.010668,Low
18.56,-78.65,1999,12,Atlantic Ocean,Neuston net,0.032396,Low
15.25,-157.55,2011,7,Pacific Ocean,Neuston net,0.0,Low
24.21,-149.32,2008,4,Pacific Ocean,Neuston net,0.0,Low
33.1,-156.49,2003,12,Pacific Ocean,Neuston net,0.0,Low
36.468,-150.86725,2015,8,Pacific Ocean,Manta net,2.598221,High
56.189333,-4.776,2018,10,Atlantic Ocean,Neuston net,0.800057,High
69.140333,17.698,2020,6,Arctic Ocean,Manta net,0.016713,Low
80.5066,8.03402,2016,8,Arctic Ocean,Intake seawater pump,1.5,High
84.40488,17.45691,2016,9,Arctic Ocean,CTD rosette sampler,21.0,High
-40.699333,-61.5935,2018,10,Atlantic Ocean,Manta net,0.017542,Low
10.33,-156.71,2009,3,Pacific Ocean,Neuston net,0.00216,Low
42.91,-65.41,1989,8,Atlantic Ocean,Neuston net,0.092872,High
43.0726,6.2372,2014,10,Atlantic Ocean,Manta net,4.75602,High
57.118833,-6.551,2014,1,Atlantic Ocean,Neuston net,0.017835,Low
55.9673,-10.7026,2018,6,Atlantic Ocean,Intake seawater pump,20.0,High
41.8,-69.05,1998,7,Atlantic Ocean,Neuston net,0.01296,Low
40.88,-69.19,1993,8,Atlantic Ocean,Neuston net,0.00432,Low
39.73,-66.13,1997,7,Atlantic Ocean,Neuston net,0.00216,Low
36.487717,-4.558317,2013,8,Atlantic Ocean,Manta net,0.172062,High
40.275278,17.493333,2021,4,Atlantic Ocean,Manta net,0.529742,High
40.910469,0.833376,2020,12,Atlantic Ocean,Manta net,0.532,High
34.4833,-69.2567,2014,6,Atlantic Ocean,Grab sample,0.006,Low
38.6,-69.57,1995,10,Atlantic Ocean,Neuston net,0.0108,Low
40.0,-72.69,2008,6,Atlantic Ocean,Neuston net,0.0,Low
41.03,-70.57,1996,8,Atlantic Ocean,Neuston net,0.01444,Low
41.52,-70.81,1993,8,Atlantic Ocean,Neuston net,0.0,Low
31.9829,-139.775,2015,8,Pacific Ocean,Manta net,13.653956,High
31.7811,-134.0238,2015,9,Pacific Ocean,Manta net,1.735337,High
32.4112,-119.9804,2009,8,Pacific Ocean,Manta net,0.0,Low
36.45,-64.88,1986,10,Atlantic Ocean,Neuston net,0.014388,Low
25.52,-72.54,2006,2,Atlantic Ocean,Neuston net,0.045356,Low
28.99,-66.56,2001,4,Atlantic Ocean,Neuston net,0.048604,Low
29.92,-67.87,1992,5,Atlantic Ocean,Neuston net,0.062636,Low
30.12,-70.5,1991,5,Atlantic Ocean,Neuston net,0.127428,High
23.3667,-28.1833,2014,11,Atlantic Ocean,Grab sample,0.004,Low
31.54,-143.82,2012,10,Pacific Ocean,Neuston net,0.124464,High
29.6835,-56.6993,2010,2,Atlantic Ocean,Neuston net,0.062514,Low
22.29,-64.77,2007,5,Atlantic Ocean,Neuston net,0.25054,High
21.34,-65.65,2001,5,Atlantic Ocean,Neuston net,0.01296,Low
26.7329,-113.5422,2015,4,Pacific Ocean,Grab sample,0.005,Low
26.36,-78.57,1992,4,Atlantic Ocean,Neuston net,0.0,Low
27.778,-82.5203,2016,11,Atlantic Ocean,Van Dorn sampler,0.0,Low
13.0,-62.28,1996,12,Atlantic Ocean,Neuston net,0.00648,Low
26.469167,-126.041667,2017,3,Pacific Ocean,Manta net,1.662539,High
24.73,-139.58,2005,2,Pacific Ocean,Neuston net,0.0,Low
26.6,-142.77,2010,10,Pacific Ocean,Neuston net,0.0,Low
31.008,-138.48,2015,8,Pacific Ocean,Manta net,5.031545,High
24.08,-109.73,2002,11,Pacific Ocean,Neuston net,0.0,Low
18.13,-75.37,2004,12,Atlantic Ocean,Neuston net,0.0,Low
16.8,-82.28,2003,4,Atlantic Ocean,Neuston net,0.103672,High
16.52,-84.17,1995,3,Atlantic Ocean,Neuston net,0.0,Low
9.597,-84.679,2014,12,Pacific Ocean,Grab sample,0.0,Low
10.65,-65.52,1998,12,Atlantic Ocean,Neuston net,0.019628,Low
-27.05576,-109.28184,2015,10,Pacific Ocean,AVANI net,0.128335,High
-13.583333,-1.573333,2019,3,Atlantic Ocean,Manta net,0.0,Low
-8.22,-143.82,2012,12,Pacific Ocean,Neuston net,0.006956,Low
-9.58598,-4.70603,2016,12,Atlantic Ocean,Neuston net,0.0,Low
2.89,-137.24,2005,10,Pacific Ocean,Neuston net,0.003084,Low
2.98,-143.47,2003,4,Pacific Ocean,Neuston net,0.0,Low
56.081833,-2.594,2015,11,Atlantic Ocean,Neuston net,0.0,Low
10.33,-156.71,2008,11,Pacific Ocean,Neuston net,0.00216,Low
15.25,-157.55,2011,4,Pacific Ocean,Neuston net,0.0,Low
24.21,-149.32,2008,10,Pacific Ocean,Neuston net,0.0,Low
33.1,-156.49,2003,8,Pacific Ocean,Neuston net,0.002096,Low
52.78125,-144.485,2019,3,Pacific Ocean,Neuston net,0.042016,Low
45.28,-60.29,1989,7,Atlantic Ocean,Neuston net,0.0,Low
42.95,-70.47,1999,8,Atlantic Ocean,Neuston net,0.0,Low
45.970346,-15.247121,2020,11,Atlantic Ocean,Manta net,0.20077,High
55.615,-4.790167,2017,11,Atlantic Ocean,Neuston net,0.0,Low
38.43,-64.51,1991,10,Atlantic Ocean,Neuston net,0.011788,Low
32.35,-60.91,1999,10,Atlantic Ocean,Neuston net,0.0108,Low
31.63,-60.97,2001,10,Atlantic Ocean,Neuston net,0.108,High
39.465,20.177,2015,4,Atlantic Ocean,Manta net,0.91,High
41.389383,2.203525,2021,1,Atlantic Ocean,Manta net,2.314667,High
41.38,-71.2,2005,8,Atlantic Ocean,Neuston net,0.0,Low
40.98,-68.53,1994,8,Atlantic Ocean,Neuston net,0.00216,Low
21.65,-64.97,1999,5,Atlantic Ocean,Neuston net,0.00648,Low
20.45,-70.22,1997,2,Atlantic Ocean,Neuston net,0.0,Low
22.17,-71.61,2008,3,Atlantic Ocean,Neuston net,0.0,Low
21.98,-72.6,1991,12,Atlantic Ocean,Neuston net,0.0,Low
29.59,-68.7,1999,4,Atlantic Ocean,Neuston net,0.0,Low
24.56,-83.49,2002,1,Atlantic Ocean,Neuston net,0.145748,High
24.01,-81.6,2003,1,Atlantic Ocean,Neuston net,0.0018,Low
25.65,-76.42,1993,4,Atlantic Ocean,Neuston net,0.01944,Low
21.37,-74.57,1993,1,Atlantic Ocean,Neuston net,0.01512,Low
26.93,-57.68,2002,10,Atlantic Ocean,Neuston net,0.045356,Low
25.23,-64.74,2005,5,Atlantic Ocean,Neuston net,0.224624,High
24.18,-83.73,1996,3,Atlantic Ocean,Neuston net,0.0,Low
27.9528,-82.6416,2017,6,Atlantic Ocean,Plankton net,2.4,High
27.6081,-82.5712,2017,7,Atlantic Ocean,Van Dorn sampler,1000.0,High
19.0239,-41.998,2014,12,Atlantic Ocean,Grab sample,0.003,Low
15.315,-46.6817,2014,12,Atlantic Ocean,Grab sample,0.003,Low
25.69,-141.14,2005,12,Pacific Ocean,Neuston net,0.0,Low
27.84,-140.77,2011,5,Pacific Ocean,Neuston net,0.0024,Low
29.006415,-142.973,2015,7,Pacific Ocean,Manta net,1.652923,High
26.0,-79.35,1997,5,Atlantic Ocean,Neuston net,0.0,Low
3.950536,-17.30187,2015,11,Atlantic Ocean,Intake seawater pump,0.5,High
18.7,-77.33,1994,2,Atlantic Ocean,Neuston net,0.00216,Low
16.15,-86.02,1995,12,Atlantic Ocean,Neuston net,0.0,Low
17.4098,-87.9276,2013,12,Atlantic Ocean,Grab sample,0.015,Low
16.58,-72.8,2007,12,Atlantic Ocean,Neuston net,0.023388,Low
15.8,-65.3,1989,12,Atlantic Ocean,Neuston net,0.0,Low
-26.42608,-105.35976,2015,11,Pacific Ocean,Neuston net,0.097395,High
-31.978,-90.4108,2011,3,Pacific Ocean,Neuston net,0.057233,Low
-11.65,-141.91,2002,2,Pacific Ocean,Neuston net,0.00432,Low
1.17,-89.33,2001,12,Pacific Ocean,Neuston net,0.0,Low
5.7515,-27.388833,2017,11,Atlantic Ocean,Manta net,0.035306,Low
18.97,-143.47,2003,11,Pacific Ocean,Neuston net,0.0,Low
9.55,-155.93,2005,3,Pacific Ocean,Neuston net,0.0054,Low
14.12,-157.12,2008,6,Pacific Ocean,Neuston net,0.0,Low
23.6348,-154.91,2014,9,Pacific Ocean,Grab sample,0.016,Low
26.59,-156.82,2003,7,Pacific Ocean,Neuston net,0.008696,Low
32.76,-150.21,2009,9,Pacific Ocean,Neuston net,0.0,Low
16.13,-162.0,2012,7,Pacific Ocean,Neuston net,0.027992,Low
43.5517,7.1513,2013,7,Atlantic Ocean,Manta net,0.2319,High
45.421,13.282333,2021,6,Atlantic Ocean,Manta net,0.338072,High
55.790333,-147.5105,2019,2,Pacific Ocean,Neuston net,0.016649,Low
57.027167,-1.941667,2022,1,Atlantic Ocean,Neuston net,0.013292,Low
58.468,-5.523167,2021,1,Atlantic Ocean,Neuston net,0.134205,High
54.766333,-5.157167,2016,1,Atlantic Ocean,Neuston net,0.038093,Low
41.63,-63.27,1994,7,Atlantic Ocean,Neuston net,0.0,Low
38.857,10.183,2013,6,Atlantic Ocean,Neuston net,0.857605,High
40.031667,7.565,2011,9,Atlantic Ocean,Manta net,0.928411,High
41.373055,2.191604,2020,12,Atlantic Ocean,Manta net,17.932,High
42.9522,-9.1906,2016,7,Atlantic Ocean,Grab sample,0.0,Low
42.377821,3.158952,2020,12,Atlantic Ocean,Manta net,0.2,High
34.08,-69.98,1996,5,Atlantic Ocean,Neuston net,0.025916,Low
41.04,-71.02,2007,8,Atlantic Ocean,Neuston net,0.00648,Low
41.07,-70.62,1992,9,Atlantic Ocean,Neuston net,0.00864,Low
32.0291,-138.5077,2009,8,Pacific Ocean,Manta net,3.602,High
36.49925,-143.7316,2015,8,Pacific Ocean,Manta net,6.965577,High
21.75,-59.92,1995,11,Atlantic Ocean,Neuston net,0.0,Low
22.73,-70.82,1990,4,Atlantic Ocean,Neuston net,0.058316,Low
25.34,-68.47,1999,2,Atlantic Ocean,Neuston net,0.00432,Low
26.3,-70.47,1991,5,Atlantic Ocean,Neuston net,0.0216,Low
33.08,-147.02,2004,12,Pacific Ocean,Neuston net,0.0,Low
24.21,-84.02,1992,3,Atlantic Ocean,Neuston net,0.0054,Low
24.33,-82.07,2001,3,Atlantic Ocean,Neuston net,0.01728,Low
23.96,-82.13,2002,5,Atlantic Ocean,Neuston net,0.0,Low
29.4,-59.97,1997,10,Atlantic Ocean,Neuston net,0.047516,Low
26.84,-57.51,2004,10,Atlantic Ocean,Neuston net,0.006572,Low
20.72,-59.51,1999,11,Atlantic Ocean,Neuston net,0.047516,Low
26.05,-141.2,2011,6,Pacific Ocean,Neuston net,0.00216,Low
25.86,-76.31,2003,2,Atlantic Ocean,Neuston net,0.0,Low
27.8493,-82.4314,2017,6,Atlantic Ocean,Plankton net,6.5,High
15.55,-58.78,1997,11,Atlantic Ocean,Neuston net,0.0,Low
12.78,-61.72,1993,12,Atlantic Ocean,Neuston net,0.0,Low
11.83,-57.87,2007,11,Atlantic Ocean,Neuston net,0.0,Low
17.4617,-48.4617,2014,12,Atlantic Ocean,Grab sample,0.045,Low
18.8333,-23.4833,2014,11,Atlantic Ocean,Grab sample,0.013,Low
24.03,-138.44,2006,7,Pacific Ocean,Neuston net,0.0,Low
17.88,-76.13,2006,4,Atlantic Ocean,Neuston net,0.00432,Low
16.35,-79.47,1987,2,Atlantic Ocean,Neuston net,0.0,Low
10.69,-65.89,2000,12,Atlantic Ocean,Neuston net,0.0,Low
16.63,-63.5,1989,12,Atlantic Ocean,Neuston net,0.00216,Low
15.73,-65.21,2000,12,Atlantic Ocean,Neuston net,0.0,Low
-27.10583,-109.21083,2015,10,Pacific Ocean,AVANI net,0.05704,Low
-34.1697,-73.0895,2011,2,Pacific Ocean,Neuston net,0.005087,Low
-34.0253,3.4618,2010,12,Atlantic Ocean,Neuston net,0.211219,High
-2.5136,9.7516,2015,12,Atlantic Ocean,Grab sample,0.007,Low
19.82,-79.93,1994,3,Atlantic Ocean,Neuston net,0.00216,Low
17.99,-74.39,2002,12,Atlantic Ocean,Neuston net,0.014276,Low
33.26,-156.98,2008,6,Pacific Ocean,Neuston net,0.0,Low
40.58,-157.79,2012,10,Pacific Ocean,Neuston net,0.0,Low
32.059167,34.748333,2015,2,Atlantic Ocean,Manta net,9.212254,High
55.985667,-2.985667,2015,11,Atlantic Ocean,Neuston net,0.004121,Low
-16.1,-149.66,2002,2,Pacific Ocean,Neuston net,0.00432,Low
18.46,-157.58,2006,10,Pacific Ocean,Neuston net,0.0108,Low
20.61,-155.0,2011,7,Pacific Ocean,Neuston net,0.0,Low
22.99,-148.78,2009,10,Pacific Ocean,Neuston net,0.0,Low
25.57665,-154.25865,2015,7,Pacific Ocean,Manta net,0.791407,High
40.083333,18.834,2013,5,Atlantic Ocean,Neuston net,0.947603,High
35.7544,15.6989,2014,8,Atlantic Ocean,Manta net,0.591474,High
41.379079,2.194423,2021,1,Atlantic Ocean,Manta net,1.477333,High
48.308833,-4.385667,2020,8,Atlantic Ocean,Manta net,0.014167,Low
56.692167,-6.380167,2022,10,Atlantic Ocean,Neuston net,0.078007,Low
32.71,-64.76,1987,4,Atlantic Ocean,Neuston net,0.820736,High
39.61,-68.76,1997,8,Atlantic Ocean,Neuston net,0.0,Low
39.71,-67.97,2004,10,Atlantic Ocean,Neuston net,0.0,Low
39.57,-66.27,1991,10,Atlantic Ocean,Neuston net,0.00216,Low
40.53,-62.1,1992,7,Atlantic Ocean,Neuston net,0.00216,Low
39.86,19.313,2015,4,Atlantic Ocean,Manta net,0.43,High
31.82,-79.12,1996,5,Atlantic Ocean,Neuston net,0.0,Low
24.8,-70.47,1990,4,Atlantic Ocean,Neuston net,0.041036,Low
27.38,-70.87,1995,5,Atlantic Ocean,Neuston net,0.088836,High
31.66,-145.94,2019,8,Pacific Ocean,Manta net,10.103907,High
35.7164,-139.9999,2009,8,Pacific Ocean,Manta net,8.15,High
31.697,-129.0366,2014,9,Pacific Ocean,Grab sample,0.02,Low
34.2421,-119.2627,2015,3,Pacific Ocean,Grab sample,0.001,Low
25.49,-75.98,2002,4,Atlantic Ocean,Neuston net,0.0,Low
24.33,-75.4,1992,4,Atlantic Ocean,Neuston net,0.00432,Low
29.32,-61.35,2001,4,Atlantic Ocean,Neuston net,0.038876,Low
27.08,-59.62,2000,10,Atlantic Ocean,Neuston net,0.0,Low
23.24,-57.81,2007,10,Atlantic Ocean,Neuston net,0.0,Low
21.28,-72.72,1993,12,Atlantic Ocean,Neuston net,0.0,Low
23.9,-81.73,1993,1,Atlantic Ocean,Neuston net,0.0,Low
24.29,-81.95,2006,3,Atlantic Ocean,Neuston net,0.017228,Low
24.37,-147.78,2005,2,Pacific Ocean,Neuston net,0.892728,High
28.33,-76.42,1997,2,Atlantic Ocean,Neuston net,0.00864,Low
27.9418,-82.4585,2016,9,Atlantic Ocean,Van Dorn sampler,1000.0,High
18.02,-64.18,1995,12,Atlantic Ocean,Neuston net,0.00864,Low
16.74,-65.23,2000,12,Atlantic Ocean,Neuston net,0.00648,Low
14.68,-64.43,1989,12,Atlantic Ocean,Neuston net,0.0,Low
14.8288,-58.0586,2014,12,Atlantic Ocean,Grab sample,0.003,Low
13.87,-61.59,1999,12,Atlantic Ocean,Neuston net,0.00216,Low
17.7667,-47.1333,2014,12,Atlantic Ocean,Grab sample,0.006,Low
17.17,-74.75,1994,12,Atlantic Ocean,Neuston net,0.0,Low
16.89,-80.38,1999,3,Atlantic Ocean,Neuston net,0.00864,Low
17.44,-83.88,1998,12,Atlantic Ocean,Neuston net,0.00432,Low
17.6,-73.93,1997,12,Atlantic Ocean,Neuston net,0.0,Low
-28.1885,-106.3073,2011,4,Pacific Ocean,Manta net,0.034088,Low
-15.27,-148.47,2003,3,Pacific Ocean,Neuston net,0.0,Low
-19.7983,-27.3385,2010,9,Atlantic Ocean,Neuston net,0.077869,Low
19.44,-78.88,1998,12,Atlantic Ocean,Neuston net,0.00216,Low
18.08,-78.78,1995,2,Atlantic Ocean,Neuston net,0.035992,Low
18.63,-76.25,1996,4,Atlantic Ocean,Neuston net,0.01296,Low
42.888333,10.211033,2018,6,Atlantic Ocean,Manta net,0.360438,High
55.931667,-2.120333,2018,1,Atlantic Ocean,Neuston net,0.0,Low
83.0332,12.6703,2016,8,Arctic Ocean,Intake seawater pump,5.0,High
19.24,-156.55,2004,11,Pacific Ocean,Neuston net,0.0,Low
20.57,-154.86,2009,6,Pacific Ocean,Neuston net,0.0108,Low
39.9,-157.2,2006,4,Pacific Ocean,Neuston net,0.0,Low
35.70565,-7.4255,2013,8,Atlantic Ocean,Manta net,0.424356,High
36.965833,13.902,2021,9,Atlantic Ocean,Manta net,0.362114,High
42.65,-69.55,2004,8,Atlantic Ocean,Neuston net,0.0,Low
42.38,-70.4,2002,7,Atlantic Ocean,Neuston net,0.0,Low
40.82,-71.02,1992,6,Atlantic Ocean,Neuston net,0.0,Low
40.23,-70.14,2000,9,Atlantic Ocean,Neuston net,0.0,Low
39.93,-68.49,2005,9,Atlantic Ocean,Neuston net,0.028796,Low
41.83,-66.29,1999,10,Atlantic Ocean,Neuston net,0.0,Low
42.16,-65.95,1989,8,Atlantic Ocean,Neuston net,0.114472,High
40.44,-64.48,1997,7,Atlantic Ocean,Neuston net,0.032396,Low
33.63,-64.68,1992,5,Atlantic Ocean,Neuston net,0.00432,Low
33.9,-64.45,1987,5,Atlantic Ocean,Neuston net,0.224624,High
34.8478,-67.985,2014,6,Atlantic Ocean,Grab sample,0.011,Low
21.08,-68.58,1998,2,Atlantic Ocean,Neuston net,0.041036,Low
20.57,-71.68,2002,3,Atlantic Ocean,Neuston net,0.0,Low
23.3,-70.22,2004,2,Atlantic Ocean,Neuston net,0.0108,Low
25.83,-73.38,1994,3,Atlantic Ocean,Neuston net,0.00216,Low
29.13,-65.1,2007,5,Atlantic Ocean,Neuston net,0.011676,Low
40.68,-128.9,2011,4,Pacific Ocean,Neuston net,2.611356,High
24.41,-85.03,2000,3,Atlantic Ocean,Neuston net,0.028076,Low
24.24,-81.86,2000,1,Atlantic Ocean,Neuston net,0.00216,Low
25.58,-75.82,1993,2,Atlantic Ocean,Neuston net,0.050404,Low
28.81,-57.72,2000,10,Atlantic Ocean,Neuston net,0.0243,Low
20.53,-65.44,2001,5,Atlantic Ocean,Neuston net,0.0072,Low
26.73,-78.62,1994,1,Atlantic Ocean,Neuston net,0.0,Low
25.89,-77.83,1995,3,Atlantic Ocean,Neuston net,0.00216,Low
26.45,-79.3,1998,2,Atlantic Ocean,Neuston net,0.0,Low
27.778,-82.5203,2016,8,Atlantic Ocean,Van Dorn sampler,0.0,Low
23.15,-144.69,2008,4,Pacific Ocean,Neuston net,0.0,Low
25.68,-143.09,2012,5,Pacific Ocean,Neuston net,0.0,Low
29.007052,-136.8455,2015,7,Pacific Ocean,Manta net,0.983232,High
26.08,-114.91,2001,10,Pacific Ocean,Neuston net,0.0,Low
27.9,-74.37,1991,4,Atlantic Ocean,Neuston net,0.133908,High
14.55,-53.53,2014,12,Atlantic Ocean,Grab sample,0.008,Low
14.4767,-59.06,2014,12,Atlantic Ocean,Grab sample,0.003,Low
13.7,-61.2,1991,11,Atlantic Ocean,Neuston net,0.00216,Low
13.14,-61.66,2002,11,Atlantic Ocean,Neuston net,0.0,Low
12.5,-61.54,1998,12,Atlantic Ocean,Neuston net,0.0,Low
29.6613,-135.91255,2015,8,Pacific Ocean,Manta net,2.097955,High
11.95,-77.68,1993,3,Atlantic Ocean,Neuston net,0.00216,Low
13.15,-64.67,1996,12,Atlantic Ocean,Neuston net,0.0,Low
12.55,-68.7,1995,12,Atlantic Ocean,Neuston net,0.0,Low
17.35,-72.5,1989,12,Atlantic Ocean,Neuston net,0.0,Low
15.22,-64.37,1991,11,Atlantic Ocean,Neuston net,0.0,Low
14.85,-61.69,1996,11,Atlantic Ocean,Neuston net,0.0,Low
-26.6982,-112.871,2011,4,Pacific Ocean,Neuston net,0.034899,Low
-32.9105,-84.4851,2011,3,Pacific Ocean,Manta net,0.152483,High
5.28,-146.64,2004,12,Pacific Ocean,Neuston net,0.0,Low
9.53,-146.64,2003,4,Pacific Ocean,Neuston net,0.0,Low
19.51,-144.23,2008,5,Pacific Ocean,Neuston net,0.0,Low
18.45,-76.21,2001,12,Atlantic Ocean,Neuston net,0.005892,Low
55.850667,-4.977,2017,11,Atlantic Ocean,Neuston net,0.0,Low
7.43,-149.9,2009,7,Pacific Ocean,Neuston net,0.00648,Low
38.28955,-152.5767,2015,8,Pacific Ocean,Manta net,0.764954,High
42.66,-64.39,1992,5,Atlantic Ocean,Neuston net,0.00216,Low
43.13,-65.17,1992,5,Atlantic Ocean,Neuston net,0.0216,Low
42.5,-67.77,2000,8,Atlantic Ocean,Neuston net,0.00648,Low
46.1945,6.044183,2018,8,Atlantic Ocean,Manta net,1.090147,High
43.7741,7.6167,2013,8,Atlantic Ocean,Manta net,0.27962,High
56.013667,-4.877,2021,9,Atlantic Ocean,Neuston net,0.0,Low
38.942667,1.208333,2012,8,Atlantic Ocean,Manta net,2.831352,High
39.372,11.636,2021,7,Atlantic Ocean,Manta net,0.686521,High
41.397303,2.21315,2020,10,Atlantic Ocean,Manta net,2.407333,High
51.596333,-143.004917,2019,3,Pacific Ocean,Neuston net,0.073691,Low
47.09,-56.57,1989,7,Atlantic Ocean,Neuston net,0.0,Low
41.46,-70.76,2007,6,Atlantic Ocean,Neuston net,0.008428,Low
41.43,-66.22,2000,7,Atlantic Ocean,Neuston net,0.00648,Low
38.56,-66.97,2001,6,Atlantic Ocean,Neuston net,0.0,Low
32.79,-58.4,2005,10,Atlantic Ocean,Neuston net,0.077288,Low
41.4,-39.7,2015,8,Atlantic Ocean,Grab sample,0.0,Low
32.8711,-143.4387,2014,7,Pacific Ocean,Grab sample,0.016,Low
31.9644,-64.5448,2010,1,Atlantic Ocean,Neuston net,0.363335,High
20.57,-73.57,1998,4,Atlantic Ocean,Neuston net,0.00432,Low
20.77,-73.77,1998,2,Atlantic Ocean,Neuston net,0.0108,Low
21.31,-73.64,2004,4,Atlantic Ocean,Neuston net,0.198704,High
24.9,-74.02,1995,5,Atlantic Ocean,Neuston net,0.038876,Low
28.25,-64.89,2001,5,Atlantic Ocean,Neuston net,0.032396,Low
30.65,-68.53,1997,5,Atlantic Ocean,Neuston net,0.356372,High
24.78,-74.37,1990,4,Atlantic Ocean,Neuston net,0.00864,Low
23.65,-76.92,1996,3,Atlantic Ocean,Neuston net,0.00432,Low
26.43,-58.01,1999,11,Atlantic Ocean,Neuston net,0.028796,Low
24.8,-57.9,1991,10,Atlantic Ocean,Neuston net,0.0,Low
20.43,-71.17,1991,12,Atlantic Ocean,Neuston net,0.0,Low
25.77,-76.32,1996,2,Atlantic Ocean,Neuston net,0.01944,Low
26.02,-78.07,1994,5,Atlantic Ocean,Neuston net,0.0,Low
26.27,-78.67,1993,1,Atlantic Ocean,Neuston net,0.0,Low
27.6934,-82.5559,2016,11,Atlantic Ocean,Van Dorn sampler,2000.0,High
14.1198,-60.8745,2014,12,Atlantic Ocean,Grab sample,0.0,Low
13.65,-59.3,1996,11,Atlantic Ocean,Neuston net,0.23974,High
21.15,-142.77,2012,6,Pacific Ocean,Neuston net,0.40792,High
28.41,-140.21,2006,5,Pacific Ocean,Neuston net,0.0,Low
29.98,-140.0,2011,5,Pacific Ocean,Neuston net,0.0,Low
14.17,-66.37,1994,12,Atlantic Ocean,Neuston net,0.0108,Low
16.43,-63.6,1987,12,Atlantic Ocean,Neuston net,0.001728,Low
16.98,-63.7,2003,12,Atlantic Ocean,Neuston net,0.00648,Low
15.92,-63.08,1993,12,Atlantic Ocean,Neuston net,0.0,Low
15.73,-60.3,1998,11,Atlantic Ocean,Neuston net,0.0,Low
15.185,-53.7267,2014,12,Atlantic Ocean,Grab sample,0.004,Low
18.25,-76.2,1993,2,Atlantic Ocean,Neuston net,0.00216,Low
16.87,-78.6,2000,3,Atlantic Ocean,Neuston net,0.0108,Low
10.26,-93.01,2001,11,Pacific Ocean,Neuston net,0.00432,Low
11.23,-62.23,1996,12,Atlantic Ocean,Neuston net,0.0,Low
10.72,-65.15,1998,12,Atlantic Ocean,Neuston net,0.00432,Low
3.24,-124.05,2002,12,Pacific Ocean,Neuston net,0.0,Low
19.24,-143.41,2005,12,Pacific Ocean,Neuston net,0.0,Low
16.65,-84.95,1998,4,Atlantic Ocean,Neuston net,0.0,Low
15.757,-96.117,2014,11,Pacific Ocean,Grab sample,0.001,Low
14.25,-75.4,1992,2,Atlantic Ocean,Neuston net,0.00216,Low
14.71,-157.43,2005,9,Pacific Ocean,Neuston net,0.0072,Low
19.9206,-154.6866,2007,11,Pacific Ocean,Neuston net,0.080119,High
21.6509,-160.5405,2008,1,Pacific Ocean,Neuston net,0.080591,High
32.35,-155.1,2011,12,Pacific Ocean,Neuston net,0.0,Low
33.1,-149.63,2011,12,Pacific Ocean,Neuston net,0.00216,Low
32.279667,34.825,2013,10,Atlantic Ocean,Manta net,6.78,High
57.14,-134.05,2002,7,Pacific Ocean,Neuston net,0.0,Low
57.118833,-1.982833,2018,1,Atlantic Ocean,Neuston net,0.0,Low
57.6905,-3.6735,2019,1,Atlantic Ocean,Neuston net,0.0,Low
-35.632,-55.158,2015,8,Atlantic Ocean,Grab sample,0.044,Low
11.09,-156.77,2005,10,Pacific Ocean,Neuston net,0.043196,Low
41.955333,-9.269,2019,7,Atlantic Ocean,Manta net,0.197101,High
44.25,-60.28,2005,5,Atlantic Ocean,Neuston net,0.0081,Low
43.61,-63.71,2001,6,Atlantic Ocean,Neuston net,0.026996,Low
60.0452,-147.5561,2015,12,Pacific Ocean,Grab sample,0.008,Low
41.28,-69.11,2003,7,Atlantic Ocean,Neuston net,0.005892,Low
40.91,-70.67,2000,6,Atlantic Ocean,Neuston net,0.00648,Low
40.3,-70.05,1996,8,Atlantic Ocean,Neuston net,0.003,Low
40.94,-67.32,1989,7,Atlantic Ocean,Neuston net,0.034556,Low
41.62,-65.82,1994,5,Atlantic Ocean,Neuston net,0.0,Low
38.761,-27.827667,2019,5,Atlantic Ocean,Manta net,0.146074,High
38.82,-69.28,1991,10,Atlantic Ocean,Neuston net,0.0,Low
38.93,-69.57,1995,6,Atlantic Ocean,Neuston net,0.0216,Low
41.3929,-71.4203,2015,9,Atlantic Ocean,Grab sample,0.004,Low
41.0,-70.81,2001,9,Atlantic Ocean,Neuston net,0.0,Low
25.08,-58.22,1993,10,Atlantic Ocean,Neuston net,0.0216,Low
25.17,-60.07,1998,10,Atlantic Ocean,Neuston net,0.036716,Low
31.12,-70.35,1998,4,Atlantic Ocean,Neuston net,0.035348,Low
25.106,-19.5708,2014,11,Atlantic Ocean,Grab sample,0.022,Low
25.7649,-20.5279,2014,11,Atlantic Ocean,Grab sample,0.016,Low
33.488333,-143.104333,2019,12,Pacific Ocean,Manta net,3.187497,High
24.44,-80.23,2007,3,Atlantic Ocean,Neuston net,0.0,Low
25.28,-77.22,1997,5,Atlantic Ocean,Neuston net,0.01728,Low
21.32,-60.14,2006,10,Atlantic Ocean,Neuston net,0.01234,Low
26.95,-79.85,1997,2,Atlantic Ocean,Neuston net,0.00216,Low
27.9528,-82.6416,2017,7,Atlantic Ocean,Van Dorn sampler,5000.0,High
23.52,-141.63,2009,2,Pacific Ocean,Neuston net,0.0,Low
27.484317,-144.990517,2019,11,Pacific Ocean,Manta net,2.881837,High
26.14,-143.12,2009,2,Pacific Ocean,Neuston net,0.0,Low
31.06,-143.46,2009,5,Pacific Ocean,Neuston net,0.00216,Low
25.89,-77.37,1993,5,Atlantic Ocean,Neuston net,0.0,Low
10.88,-63.73,1992,12,Atlantic Ocean,Neuston net,0.00864,Low
14.39,-68.33,2003,12,Atlantic Ocean,Neuston net,0.0,Low
13.1,-69.98,1999,12,Atlantic Ocean,Neuston net,0.0108,Low
16.62,-64.7,1994,12,Atlantic Ocean,Neuston net,0.00216,Low
27.97005,-131.3522,2015,9,Pacific Ocean,Manta net,4.643193,High
28.41905,-132.0774,2015,9,Pacific Ocean,Manta net,2.02287,High
8.14,-147.81,2003,2,Pacific Ocean,Neuston net,0.0,Low
7.84113,-18.61772,2016,12,Atlantic Ocean,Neuston net,0.044974,Low
19.24,-143.41,2005,7,Pacific Ocean,Neuston net,0.0,Low
17.08,-78.18,1991,12,Atlantic Ocean,Neuston net,0.00432,Low
16.5,-72.1,1997,3,Atlantic Ocean,Neuston net,0.0,Low
18.08,-58.88,2008,11,Atlantic Ocean,Neuston net,0.00284,Low
32.35,-155.1,2012,4,Pacific Ocean,Neuston net,0.002476,Low
33.93,-151.55,2002,5,Pacific Ocean,Neuston net,0.227176,High
32.823667,35.035,2013,7,Atlantic Ocean,Manta net,1.723577,High
32.4721,-166.1064,2008,2,Pacific Ocean,Neuston net,0.250889,High
55.302333,-5.1015,2019,11,Atlantic Ocean,Neuston net,0.020179,Low
56.1935,-4.766,2019,11,Atlantic Ocean,Neuston net,0.095574,High
6.84,-149.44,2011,11,Pacific Ocean,Neuston net,0.0,Low
11.44,-156.82,2011,11,Pacific Ocean,Neuston net,0.00432,Low
14.71,-157.43,2006,2,Pacific Ocean,Neuston net,0.0072,Low
44.34405,9.047283,2019,6,Atlantic Ocean,Manta net,0.9891,High
43.02375,6.21525,2019,6,Atlantic Ocean,Manta net,0.016665,Low
60.4222,-42.483,2015,6,Atlantic Ocean,Grab sample,0.008,Low
58.051833,-5.595333,2018,1,Atlantic Ocean,Neuston net,0.0,Low
44.1043,-129.017967,2019,12,Pacific Ocean,Manta net,0.057425,Low
44.95,-58.42,2001,8,Atlantic Ocean,Neuston net,0.017672,Low
44.48,-62.25,1998,7,Atlantic Ocean,Neuston net,0.00216,Low
43.46,-68.68,2006,9,Atlantic Ocean,Neuston net,0.0,Low
42.93,-70.12,1998,7,Atlantic Ocean,Neuston net,0.0,Low
40.85,-70.0,1995,8,Atlantic Ocean,Neuston net,0.01728,Low
39.92,-63.62,2005,7,Atlantic Ocean,Neuston net,0.0,Low
39.32,-63.14,2003,5,Atlantic Ocean,Neuston net,0.047516,Low
34.57865,-9.713317,2018,6,Atlantic Ocean,Manta net,0.08117,High
42.623617,-129.877217,2019,12,Pacific Ocean,Manta net,0.228793,High
31.98,-78.95,1996,5,Atlantic Ocean,Neuston net,0.0,Low
34.95,-64.75,1991,5,Atlantic Ocean,Neuston net,0.0072,Low
35.38,-64.8,2002,5,Atlantic Ocean,Neuston net,0.092284,High
35.82,-65.81,1989,6,Atlantic Ocean,Neuston net,0.007852,Low
26.75,-61.78,1994,10,Atlantic Ocean,Neuston net,0.0108,Low
21.78,-59.11,2007,4,Atlantic Ocean,Neuston net,0.007904,Low
20.95,-68.11,2000,2,Atlantic Ocean,Neuston net,0.0,Low
26.41,-73.12,2000,5,Atlantic Ocean,Neuston net,0.172788,High
26.31,-65.09,1999,5,Atlantic Ocean,Neuston net,0.0027,Low
39.17995,-130.09495,2015,9,Pacific Ocean,Manta net,0.160215,High
24.78,-83.3,2004,1,Atlantic Ocean,Neuston net,0.0,Low
25.4,-75.18,1992,4,Atlantic Ocean,Neuston net,0.0,Low
20.15,-147.77,2005,7,Pacific Ocean,Neuston net,0.0,Low
26.14,-143.12,2009,5,Pacific Ocean,Neuston net,0.0,Low
28.04,-140.48,2008,12,Pacific Ocean,Neuston net,0.0,Low
31.06,-143.46,2008,12,Pacific Ocean,Neuston net,0.00216,Low
27.8096,-82.446,2016,9,Atlantic Ocean,Van Dorn sampler,0.0,Low
18.83,-59.35,1992,11,Atlantic Ocean,Neuston net,0.034556,Low
10.760339,-61.441728,2015,9,Atlantic Ocean,Hand picking,0.777778,High
15.9367,-40.0933,2014,11,Atlantic Ocean,Grab sample,0.003,Low
16.0,-44.0,2014,11,Atlantic Ocean,Grab sample,0.003,Low
26.88465,-130.1919,2015,9,Pacific Ocean,Manta net,0.726409,High
26.71075,-130.09475,2015,9,Pacific Ocean,Manta net,0.622319,High
-29.5068,-19.5708,2011,1,Atlantic Ocean,Neuston net,1.181115,High
-34.49826,17.13556,2017,7,Atlantic Ocean,Neuston net,0.006649,Low
2.19,-135.73,2008,12,Pacific Ocean,Neuston net,0.0,Low
19.62,-146.5,2012,2,Pacific Ocean,Neuston net,0.00216,Low
19.96,-146.64,2011,10,Pacific Ocean,Neuston net,0.00216,Low
9.4197,-79.9675,2014,11,Atlantic Ocean,Grab sample,0.001,Low
32.584,34.9055,2014,7,Atlantic Ocean,Manta net,19.624097,High
37.5,25.3,2015,6,Atlantic Ocean,Manta net,0.066667,Low
43.328333,28.285833,2017,8,Atlantic Ocean,Manta net,2.543575,High
88.9613,-78.621,2016,8,Arctic Ocean,Intake seawater pump,0.4,High
6.84,-149.44,2011,7,Pacific Ocean,Neuston net,0.0,Low
13.22,-159.47,2002,4,Pacific Ocean,Neuston net,0.008152,Low
21.269,-157.8229,2015,7,Pacific Ocean,Grab sample,0.006,Low
20.35,-154.67,2004,11,Pacific Ocean,Neuston net,0.0,Low
28.14,-152.5,2019,6,Pacific Ocean,Manta net,0.607613,High
42.41,-70.32,2006,7,Atlantic Ocean,Neuston net,0.0,Low
42.56,-70.24,1998,9,Atlantic Ocean,Neuston net,0.0,Low
58.1065,-5.864833,2020,1,Atlantic Ocean,Neuston net,0.075595,Low
57.2772,23.32125,2019,6,Atlantic Ocean,Manta net,0.054857,Low
37.45432,-38.851783,2020,11,Atlantic Ocean,Manta net,3.777774,High
38.5197,-8.89348,2019,1,Atlantic Ocean,Neuston net,0.970282,High
38.439667,14.925667,2021,9,Atlantic Ocean,Manta net,0.07108,Low
37.9775,12.359833,2020,11,Atlantic Ocean,Manta net,1.127342,High
41.7355,9.46515,2018,6,Atlantic Ocean,Manta net,0.115463,High
46.38,-56.82,1995,7,Atlantic Ocean,Neuston net,0.0108,Low
38.32,-69.29,1996,10,Atlantic Ocean,Neuston net,0.0,Low
42.17,-70.25,2002,7,Atlantic Ocean,Neuston net,0.0,Low
40.36,-69.22,2005,8,Atlantic Ocean,Neuston net,0.0,Low
40.15,-69.48,1992,6,Atlantic Ocean,Neuston net,0.0,Low
21.9925,-28.5041,2014,11,Atlantic Ocean,Grab sample,0.013,Low
40.3673,-140.9322,2011,11,Pacific Ocean,Neuston net,0.789479,High
31.54,-117.18,2001,10,Pacific Ocean,Neuston net,0.02376,Low
33.77,-65.42,1987,6,Atlantic Ocean,Neuston net,0.064796,Low
35.9,-62.59,1999,10,Atlantic Ocean,Neuston net,0.075592,Low
28.39,-61.02,1999,4,Atlantic Ocean,Neuston net,0.15586,High
26.02,-61.37,1995,10,Atlantic Ocean,Neuston net,0.0,Low
25.4,-58.61,2003,10,Atlantic Ocean,Neuston net,0.042728,Low
23.92,-74.23,1993,2,Atlantic Ocean,Neuston net,0.0,Low
22.93,-69.56,2002,2,Atlantic Ocean,Neuston net,0.077752,Low
25.55,-74.22,1992,5,Atlantic Ocean,Neuston net,0.02376,Low
24.1,-81.2,1995,3,Atlantic Ocean,Neuston net,0.00216,Low
23.98,-80.95,2003,5,Atlantic Ocean,Neuston net,0.011368,Low
24.63,-80.39,2000,2,Atlantic Ocean,Neuston net,0.02376,Low
25.17,-75.77,1996,4,Atlantic Ocean,Neuston net,0.0168,Low
29.3,-59.37,1992,10,Atlantic Ocean,Neuston net,0.032396,Low
27.897,-82.4382,2017,4,Atlantic Ocean,Van Dorn sampler,0.0,Low
23.35,-144.31,2005,7,Pacific Ocean,Neuston net,0.0,Low
28.04,-140.48,2008,7,Pacific Ocean,Neuston net,0.0,Low
27.33,-142.18,2008,4,Pacific Ocean,Neuston net,0.003324,Low
30.28,-121.22,2002,10,Pacific Ocean,Neuston net,0.0,Low
26.35,-78.33,1992,2,Atlantic Ocean,Neuston net,0.0,Low
17.95,-74.18,1998,12,Atlantic Ocean,Neuston net,0.0,Low
19.98,-73.0,2006,12,Atlantic Ocean,Neuston net,0.0108,Low
17.77,-67.08,2000,5,Atlantic Ocean,Neuston net,0.0072,Low
17.8,-63.9,1996,12,Atlantic Ocean,Neuston net,0.01728,Low
17.43,-59.02,1991,10,Atlantic Ocean,Neuston net,0.0,Low
20.046,-22.3413,2014,11,Atlantic Ocean,Grab sample,0.075,Low
-34.9393,-46.2998,2011,2,Atlantic Ocean,Neuston net,0.157562,High
2.21,-142.56,2002,3,Pacific Ocean,Neuston net,0.0,Low
16.33,-99.24,2001,11,Pacific Ocean,Neuston net,0.0216,Low
15.38,-76.0,1993,3,Atlantic Ocean,Neuston net,0.00648,Low
15.63,-76.2,1992,3,Atlantic Ocean,Neuston net,0.0,Low
17.3,-82.0,1996,2,Atlantic Ocean,Neuston net,0.00432,Low
33.47,-151.63,2005,5,Pacific Ocean,Neuston net,0.00864,Low
33.074,35.101667,2014,4,Atlantic Ocean,Manta net,1.736973,High
36.023,29.562,2019,3,Atlantic Ocean,Manta net,1.173333,High
56.07,-2.566167,2020,1,Atlantic Ocean,Neuston net,0.009988,Low
9.55,-155.93,2004,12,Pacific Ocean,Neuston net,0.0054,Low
16.36,-159.94,2008,11,Pacific Ocean,Neuston net,0.016196,Low
17.55,-158.31,2009,3,Pacific Ocean,Neuston net,0.011996,Low
23.65,-149.74,2012,1,Pacific Ocean,Neuston net,0.0,Low
33.1,-149.63,2011,10,Pacific Ocean,Neuston net,0.00216,Low
42.4,-70.2,2002,8,Atlantic Ocean,Neuston net,0.0,Low
42.745833,4.745833,2012,8,Atlantic Ocean,Manta net,0.625055,High
42.837,6.321167,2019,7,Atlantic Ocean,Manta net,0.027832,Low
42.3425,6.501,2021,9,Atlantic Ocean,Manta net,0.262782,High
55.989167,-4.887167,2018,10,Atlantic Ocean,Neuston net,0.101021,High
56.006267,-4.873167,2021,9,Atlantic Ocean,Neuston net,0.0,Low
40.33,-69.9,1992,10,Atlantic Ocean,Neuston net,0.0,Low
39.17,-66.08,1999,10,Atlantic Ocean,Neuston net,0.0,Low
34.93,-59.11,2005,10,Atlantic Ocean,Neuston net,0.071408,Low
38.48294,-8.94286,2018,8,Atlantic Ocean,Neuston net,0.128452,High
46.03,-58.75,1996,7,Atlantic Ocean,Neuston net,0.01296,Low
34.98,-64.22,1995,10,Atlantic Ocean,Neuston net,0.37294,High
37.56,-73.79,2006,6,Atlantic Ocean,Neuston net,0.0,Low
32.84,-147.81,2011,5,Pacific Ocean,Neuston net,0.0,Low
35.007,-141.434,2009,9,Pacific Ocean,Neuston net,2.279497,High
42.176667,-130.189,2019,12,Pacific Ocean,Manta net,0.580413,High
25.63,-76.98,2007,2,Atlantic Ocean,Neuston net,0.0216,Low
30.45,-55.7,1992,10,Atlantic Ocean,Neuston net,0.139172,High
30.49,-59.68,1998,10,Atlantic Ocean,Neuston net,0.032396,Low
29.42,-57.48,1991,10,Atlantic Ocean,Neuston net,0.079912,Low
22.781,-19.501,2014,11,Atlantic Ocean,Grab sample,0.004,Low
30.0196,-16.0315,2015,9,Atlantic Ocean,Grab sample,0.001,Low
24.15,-83.88,2003,3,Atlantic Ocean,Neuston net,0.0,Low
27.729,-82.4987,2017,7,Atlantic Ocean,Van Dorn sampler,1000.0,High
22.11,-141.71,2008,5,Pacific Ocean,Neuston net,0.0,Low
23.35,-144.31,2005,12,Pacific Ocean,Neuston net,0.0,Low
23.09,-108.92,2002,12,Pacific Ocean,Neuston net,0.0,Low
26.055,-79.99,2015,6,Atlantic Ocean,Grab sample,0.006,Low
28.07,-79.46,1999,3,Atlantic Ocean,Neuston net,0.001964,Low
16.26,-67.54,2001,12,Atlantic Ocean,Neuston net,0.0,Low
15.6,-62.27,2003,12,Atlantic Ocean,Neuston net,0.0108,Low
19.98,-57.82,1999,11,Atlantic Ocean,Neuston net,0.164148,High
12.63,-61.5,1995,12,Atlantic Ocean,Neuston net,0.0,Low
17.0288,-46.4286,2014,11,Atlantic Ocean,Grab sample,0.023,Low
30.22875,-133.85125,2015,9,Pacific Ocean,Manta net,1.945896,High
10.9,-65.8,1996,12,Atlantic Ocean,Neuston net,0.0,Low
12.04,-63.16,1998,12,Atlantic Ocean,Neuston net,0.0,Low
12.07,-61.98,1994,12,Atlantic Ocean,Neuston net,0.0,Low
14.33,-62.45,1987,12,Atlantic Ocean,Neuston net,0.159496,High
-26.47041,-105.35747,2015,11,Pacific Ocean,Neuston net,0.33767,High
-11.77,-141.04,2002,2,Pacific Ocean,Neuston net,0.0,Low
1.0,-84.0,2017,10,Pacific Ocean,Plankton net,0.63,High
5.97,-86.73,2001,11,Pacific Ocean,Neuston net,0.0,Low
19.51,-144.23,2008,10,Pacific Ocean,Neuston net,0.0,Low
16.75,-81.12,1997,12,Atlantic Ocean,Neuston net,0.0,Low
40.58,-157.79,2012,4,Pacific Ocean,Neuston net,0.007252,Low
56.218333,-2.4455,2021,1,Atlantic Ocean,Neuston net,0.05461,Low
57.305,-1.782333,2016,1,Atlantic Ocean,Neuston net,0.052381,Low
56.050667,-3.034167,2022,11,Atlantic Ocean,Neuston net,0.09363,High
16.36,-159.94,2008,6,Pacific Ocean,Neuston net,0.016196,Low
21.82,-157.55,2003,7,Pacific Ocean,Neuston net,0.001728,Low
33.09,-156.27,2009,8,Pacific Ocean,Neuston net,0.00266,Low
47.619833,-143.180667,2019,2,Pacific Ocean,Neuston net,0.0,Low
43.3241,5.1659,2010,7,Atlantic Ocean,Neuston net,0.136604,High
43.077,5.9792,2013,7,Atlantic Ocean,Manta net,0.97608,High
43.28,7.113333,2011,9,Atlantic Ocean,Manta net,0.804481,High
40.77,-70.08,1992,8,Atlantic Ocean,Neuston net,0.00216,Low
40.57,-70.5,1994,7,Atlantic Ocean,Neuston net,0.017672,Low
37.21,-62.55,2002,10,Atlantic Ocean,Neuston net,0.0216,Low
37.4713,-15.1164,2013,10,Atlantic Ocean,Manta net,1.378056,High
42.201667,6.651667,2017,8,Atlantic Ocean,Manta net,0.272958,High
41.373055,2.191604,2021,4,Atlantic Ocean,Manta net,10.078667,High
31.5033,-123.3083,2018,12,Pacific Ocean,Manta net,0.079271,Low
38.8592,-76.5101,2016,3,Atlantic Ocean,Grab sample,0.01,Low
29.17,-65.08,1999,5,Atlantic Ocean,Neuston net,0.164148,High
30.6,-65.85,1991,5,Atlantic Ocean,Neuston net,0.086368,High
28.97,-70.32,1994,5,Atlantic Ocean,Neuston net,0.02376,Low
33.18105,-147.2988,2015,8,Pacific Ocean,Manta net,2.76533,High
31.72,-144.77,2009,10,Pacific Ocean,Neuston net,0.0,Low
32.3527,-140.2948,2009,8,Pacific Ocean,Manta net,4.2,High
24.0,-74.68,1993,5,Atlantic Ocean,Neuston net,0.00926,Low
21.34,-74.45,2003,2,Atlantic Ocean,Neuston net,0.00216,Low
25.78,-73.48,1997,5,Atlantic Ocean,Neuston net,0.00864,Low
26.16,-67.6,1999,2,Atlantic Ocean,Neuston net,0.035096,Low
27.7084,-82.6092,2016,11,Atlantic Ocean,Van Dorn sampler,2000.0,High
31.21335,-142.13765,2015,8,Pacific Ocean,Manta net,1.708537,High
30.99,-78.65,2004,5,Atlantic Ocean,Neuston net,0.017788,Low
26.87,-77.39,1999,4,Atlantic Ocean,Neuston net,0.01296,Low
26.32,-78.17,1992,4,Atlantic Ocean,Neuston net,0.00864,Low
27.61,-82.7832,2016,12,Atlantic Ocean,Plankton net,1.9,High
16.5811,-41.0054,2014,12,Atlantic Ocean,Grab sample,0.0,Low
17.5267,-48.3533,2014,12,Atlantic Ocean,Grab sample,0.003,Low
19.6407,-21.2667,2014,11,Atlantic Ocean,Grab sample,0.008,Low
22.76,-141.69,2011,6,Pacific Ocean,Neuston net,0.0,Low
21.15,-142.77,2012,10,Pacific Ocean,Neuston net,0.08204,High
28.41,-140.21,2006,12,Pacific Ocean,Neuston net,0.0,Low
17.8972,-62.8575,2014,4,Atlantic Ocean,Grab sample,0.0,Low
17.76,-62.65,2007,11,Atlantic Ocean,Neuston net,0.001572,Low
16.08,-62.2,1989,12,Atlantic Ocean,Neuston net,0.00648,Low
17.07,-64.15,1997,12,Atlantic Ocean,Neuston net,0.00432,Low
15.65,-65.51,2000,12,Atlantic Ocean,Neuston net,0.0,Low
15.11,-60.49,1999,11,Atlantic Ocean,Neuston net,0.0,Low
11.76,-64.91,2000,12,Atlantic Ocean,Neuston net,0.00216,Low
12.53,-67.98,1992,12,Atlantic Ocean,Neuston net,0.00432,Low
12.17,-64.46,2000,12,Atlantic Ocean,Neuston net,0.0,Low
15.1,-73.75,1991,12,Atlantic Ocean,Neuston net,0.0,Low
17.8,-64.32,1989,11,Atlantic Ocean,Neuston net,0.0,Low
-17.7225,-5.9518,2011,1,Atlantic Ocean,Neuston net,0.108215,High
5.28,-146.64,2012,9,Pacific Ocean,Neuston net,0.0,Low
19.96,-146.64,2011,7,Pacific Ocean,Neuston net,0.00216,Low
18.7837,-111.0478,2016,4,Pacific Ocean,Grab sample,0.0,Low
17.72,-66.9,1993,12,Atlantic Ocean,Neuston net,0.0,Low
20.57,-154.86,2009,12,Pacific Ocean,Neuston net,0.0108,Low
32.76,-150.21,2009,4,Pacific Ocean,Neuston net,0.0,Low
52.125667,-39.173667,2021,9,Atlantic Ocean,Manta net,0.03114,Low
42.473333,-9.053333,2020,9,Atlantic Ocean,Manta net,0.059793,Low
42.967167,5.420833,2020,9,Atlantic Ocean,Manta net,0.083479,High
56.437167,-2.469833,2014,11,Atlantic Ocean,Neuston net,0.019126,Low
19.24,-156.55,2005,3,Pacific Ocean,Neuston net,0.0,Low
20.6,-154.81,2006,8,Pacific Ocean,Neuston net,0.0,Low
42.03,-69.14,2003,8,Atlantic Ocean,Neuston net,0.0,Low
40.05,-70.1,1997,8,Atlantic Ocean,Neuston net,0.00432,Low
39.62,-66.49,2004,10,Atlantic Ocean,Neuston net,0.0,Low
40.172,19.393333,2013,5,Atlantic Ocean,Neuston net,1.598639,High
37.3692,7.997,2014,9,Atlantic Ocean,Manta net,1.81678,High
41.575135,2.553135,2021,5,Atlantic Ocean,Manta net,0.184,High
35.55,-65.62,1997,10,Atlantic Ocean,Neuston net,0.00864,Low
39.48,-68.28,2007,10,Atlantic Ocean,Neuston net,0.001356,Low
38.9,-69.97,1987,5,Atlantic Ocean,Neuston net,0.0216,Low
41.9,-70.52,2000,9,Atlantic Ocean,Neuston net,0.0,Low
33.1155,-122.512,2014,9,Pacific Ocean,Grab sample,0.029,Low
26.95,-73.99,1995,5,Atlantic Ocean,Neuston net,0.00864,Low
30.65,-74.15,2001,4,Atlantic Ocean,Neuston net,0.093212,High
21.2703,-27.4669,2014,11,Atlantic Ocean,Grab sample,0.0,Low
34.83,-140.42,2019,8,Pacific Ocean,Manta net,6.596453,High
40.68,-128.9,2011,7,Pacific Ocean,Neuston net,2.611356,High
33.64905,-133.01355,2015,9,Pacific Ocean,Manta net,0.641622,High
24.5,-80.62,1999,2,Atlantic Ocean,Neuston net,0.00216,Low
24.2,-80.5,1997,2,Atlantic Ocean,Neuston net,0.0,Low
23.92,-75.32,1992,4,Atlantic Ocean,Neuston net,0.0108,Low
25.24,-59.91,2001,4,Atlantic Ocean,Neuston net,0.045356,Low
24.62,-72.03,1990,4,Atlantic Ocean,Neuston net,0.0,Low
27.35,-78.3,1994,2,Atlantic Ocean,Neuston net,0.010812,Low
24.52,-148.47,2003,11,Pacific Ocean,Neuston net,0.0,Low
26.05,-141.2,2011,2,Pacific Ocean,Neuston net,0.00216,Low
25.95,-75.27,1995,2,Atlantic Ocean,Neuston net,0.032396,Low
26.19,-78.32,2002,4,Atlantic Ocean,Neuston net,0.00432,Low
26.05,-79.93,2006,3,Atlantic Ocean,Neuston net,0.0,Low
26.7,-79.68,1996,5,Atlantic Ocean,Neuston net,0.0,Low
16.78,-60.19,1996,11,Atlantic Ocean,Neuston net,0.0,Low
16.07,-61.9,1995,12,Atlantic Ocean,Neuston net,0.0,Low
14.35,-59.76,2005,11,Atlantic Ocean,Neuston net,0.00432,Low
14.5213,-59.6273,2014,12,Atlantic Ocean,Grab sample,0.03,Low
30.002515,-134.28,2015,8,Pacific Ocean,Manta net,9.884611,High
23.35,-144.31,2005,2,Pacific Ocean,Neuston net,0.0,Low
-27.00978,-83.54816,2015,10,Pacific Ocean,Neuston net,0.0,Low
-17.524571,4.426897,2015,11,Atlantic Ocean,Intake seawater pump,1.0,High
-8.53,-123.12,2001,12,Pacific Ocean,Neuston net,0.004236,Low
19.51,-144.23,2007,10,Pacific Ocean,Neuston net,0.0,Low
17.94556,-76.75139,2017,12,Atlantic Ocean,Manta net,0.19,High
-19.957833,-162.6975,2016,9,Pacific Ocean,Manta net,0.0,Low
6.98,-160.98,2002,4,Pacific Ocean,Neuston net,0.0,Low
86.75014,-140.88221,2016,8,Arctic Ocean,CTD rosette sampler,0.0,Low
10.56,-157.79,2012,11,Pacific Ocean,Neuston net,0.01814,Low
18.46,-157.58,2007,3,Pacific Ocean,Neuston net,0.0108,Low
33.26,-156.98,2008,12,Pacific Ocean,Neuston net,0.0,Low
32.983333,35.074333,2014,7,Atlantic Ocean,Manta net,12.206844,High
37.6,26.5,2015,6,Atlantic Ocean,Manta net,0.266667,High
39.748333,-23.893333,2014,8,Atlantic Ocean,Manta net,0.333333,High
42.86,-68.91,1999,6,Atlantic Ocean,Neuston net,0.0,Low
43.03,-69.85,2006,7,Atlantic Ocean,Neuston net,0.00216,Low
56.6355,-2.017167,2015,1,Atlantic Ocean,Neuston net,0.0,Low
56.5485,-2.513333,2022,1,Atlantic Ocean,Neuston net,0.014975,Low
56.416333,-2.714,2019,11,Atlantic Ocean,Neuston net,0.0,Low
31.91,-66.69,1999,4,Atlantic Ocean,Neuston net,0.034556,Low
41.1152,-73.3307,2014,10,Atlantic Ocean,Grab sample,0.0,Low
39.62,-70.14,1999,7,Atlantic Ocean,Neuston net,0.0,Low
37.27,-51.32,1990,10,Atlantic Ocean,Neuston net,0.034556,Low
38.5197,-8.89348,2019,2,Atlantic Ocean,Neuston net,1.740947,High
38.883333,-9.552667,2018,6,Atlantic Ocean,Manta net,0.084986,High
29.827087,-37.216312,2020,11,Atlantic Ocean,Manta net,0.561627,High
34.0572,-141.3731,2009,8,Pacific Ocean,Manta net,1.939,High
34.8777,-139.8209,2009,8,Pacific Ocean,Manta net,9.499,High
32.6321,-117.1059,2015,9,Pacific Ocean,Grab sample,0.003,Low
24.55,-82.92,2001,1,Atlantic Ocean,Neuston net,0.0,Low
26.65,-57.67,1994,10,Atlantic Ocean,Neuston net,0.01512,Low
26.05,-55.98,1992,10,Atlantic Ocean,Neuston net,0.10798,High
21.82,-58.78,1992,10,Atlantic Ocean,Neuston net,0.019196,Low
20.58,-72.25,1997,4,Atlantic Ocean,Neuston net,0.00648,Low
28.849,-42.5947,2013,7,Atlantic Ocean,Neuston net,0.341016,High
24.45,-83.91,2008,1,Atlantic Ocean,Neuston net,0.004284,Low
31.06,-143.46,2008,7,Pacific Ocean,Neuston net,0.00216,Low
30.033,-144.983,1973,2,Pacific Ocean,Neuston net,0.006,Low
30.18265,-144.06055,2015,8,Pacific Ocean,Manta net,3.894233,High
26.73,-75.15,1992,2,Atlantic Ocean,Neuston net,0.0,Low
28.0261,-82.5812,2016,8,Atlantic Ocean,Van Dorn sampler,0.0,Low
19.55,-45.24,2014,12,Atlantic Ocean,Grab sample,0.008,Low
21.42,-142.07,2009,11,Pacific Ocean,Neuston net,0.0,Low
21.15,-142.77,2012,2,Pacific Ocean,Neuston net,0.0,Low
24.5445,-146.4777,2009,6,Pacific Ocean,Neuston net,0.048206,Low
28.41,-140.21,2005,11,Pacific Ocean,Neuston net,0.0,Low
28.54,-140.09,2003,10,Pacific Ocean,Neuston net,0.0,Low
17.94633,-76.74986,2017,11,Atlantic Ocean,Manta net,0.26,High
17.55,-84.7,2007,12,Atlantic Ocean,Neuston net,0.0,Low
20.03,-73.75,2001,2,Atlantic Ocean,Neuston net,0.0,Low
18.3741,-64.5312,2014,1,Atlantic Ocean,Grab sample,0.0,Low
16.0,-38.0,2014,11,Atlantic Ocean,Grab sample,0.005,Low
17.2383,-48.91,2014,11,Atlantic Ocean,Grab sample,0.004,Low
16.7,-80.39,2001,3,Atlantic Ocean,Neuston net,0.0,Low
16.55,-82.03,2003,3,Atlantic Ocean,Neuston net,0.00216,Low
12.19,-67.18,2004,12,Atlantic Ocean,Neuston net,0.0,Low
17.67,-64.12,1994,12,Atlantic Ocean,Neuston net,0.00648,Low
32.76,-150.21,2010,8,Pacific Ocean,Neuston net,0.0,Low
32.6775,34.920833,2014,4,Atlantic Ocean,Manta net,0.734994,High
37.173,25.693,2017,7,Atlantic Ocean,Manta net,0.17381,High
14.71,-157.43,2005,3,Pacific Ocean,Neuston net,0.0072,Low
19.24,-156.55,2004,4,Pacific Ocean,Neuston net,0.032396,Low
20.57,-154.86,2009,3,Pacific Ocean,Neuston net,0.0108,Low
20.2149,-154.4888,2019,1,Pacific Ocean,Manta net,1.885194,High
32.35,-155.1,2011,8,Pacific Ocean,Neuston net,0.0,Low
33.35,-150.87,2006,12,Pacific Ocean,Neuston net,0.0,Low
58.555333,-5.208,2014,1,Atlantic Ocean,Neuston net,0.025303,Low
55.977833,-4.808,2018,10,Atlantic Ocean,Neuston net,0.012357,Low
60.059017,5.318233,2019,9,Atlantic Ocean,Manta net,0.123985,High
68.4055,-111.9387,2016,8,Arctic Ocean,Grab sample,0.206,High
73.6261,-81.3676,2015,7,Arctic Ocean,Grab sample,0.116,High
11.44,-156.82,2003,12,Pacific Ocean,Neuston net,0.0108,Low
43.098167,-129.206,2019,12,Pacific Ocean,Manta net,0.062747,Low
48.8101,-123.3187,2015,10,Pacific Ocean,Grab sample,0.001,Low
42.42,-70.5,1995,7,Atlantic Ocean,Neuston net,0.0,Low
42.9104,9.4905,2014,10,Atlantic Ocean,Manta net,2.069438,High
54.2625,-53.370167,2016,6,Atlantic Ocean,Manta net,0.036734,Low
41.25,-64.77,1996,7,Atlantic Ocean,Neuston net,0.0,Low
37.128667,-1.692333,2020,7,Atlantic Ocean,Manta net,0.570222,High
37.455,-0.876667,2015,3,Atlantic Ocean,Manta net,0.303,High
36.1531,-6.0674,2014,11,Atlantic Ocean,Manta net,1.448937,High
36.760775,2.80062,2018,4,Atlantic Ocean,Manta net,1.473792,High
35.25,-122.24,2002,8,Pacific Ocean,Neuston net,0.0,Low
31.96,-64.42,1997,4,Atlantic Ocean,Neuston net,0.0027,Low
33.81,-64.62,2002,5,Atlantic Ocean,Neuston net,0.032396,Low
35.89,-65.75,1996,10,Atlantic Ocean,Neuston net,0.050452,Low
40.69,-70.42,2006,6,Atlantic Ocean,Neuston net,0.045356,Low
33.08,-147.02,2005,5,Pacific Ocean,Neuston net,0.0,Low
32.012067,-141.5035,2015,8,Pacific Ocean,Manta net,7.860124,High
34.20235,-137.37605,2015,8,Pacific Ocean,Manta net,0.703392,High
34.95,-139.017,1972,11,Pacific Ocean,Neuston net,0.0,Low
38.6913,-141.772,2007,9,Pacific Ocean,Neuston net,0.451741,High
40.68,-128.9,2010,12,Pacific Ocean,Neuston net,2.611356,High
30.4,-60.82,1995,10,Atlantic Ocean,Neuston net,0.071996,Low
28.58,-67.93,1990,5,Atlantic Ocean,Neuston net,0.062856,Low
25.4415,-23.6505,2014,11,Atlantic Ocean,Grab sample,0.005,Low
29.4135,-133.2597,2015,9,Pacific Ocean,Manta net,3.584262,High
24.37,-147.78,2012,10,Pacific Ocean,Neuston net,0.250764,High
26.05,-141.2,2011,10,Pacific Ocean,Neuston net,0.00216,Low
17.35,-60.75,1997,11,Atlantic Ocean,Neuston net,0.00432,Low
16.1713,-51.6602,2014,12,Atlantic Ocean,Grab sample,0.001,Low
14.1,-60.78,1993,11,Atlantic Ocean,Neuston net,0.0,Low
13.88,-61.71,2004,11,Atlantic Ocean,Neuston net,0.0,Low
13.33,-61.25,1986,11,Atlantic Ocean,Neuston net,0.0,Low
17.9167,-45.4167,2015,1,Atlantic Ocean,Grab sample,0.009,Low
19.43,-145.47,2011,3,Pacific Ocean,Neuston net,0.00432,Low
18.1,-78.53,1996,12,Atlantic Ocean,Neuston net,0.0,Low
18.0,-75.38,1996,2,Atlantic Ocean,Neuston net,0.043196,Low
17.12,-79.5,1996,2,Atlantic Ocean,Neuston net,0.0108,Low
16.7168,-87.8784,2015,3,Atlantic Ocean,Grab sample,0.0,Low
25.6292,-158.9848,2009,9,Pacific Ocean,Neuston net,0.390079,High
33.35,-150.87,2007,7,Pacific Ocean,Neuston net,0.0,Low
45.592833,-32.057167,2021,6,Atlantic Ocean,Manta net,0.091685,High
42.785017,10.468967,2019,6,Atlantic Ocean,Manta net,0.046488,Low
16.88,-159.15,2005,8,Pacific Ocean,Neuston net,0.0,Low
18.9173,-155.7009,2007,11,Pacific Ocean,Neuston net,0.020904,Low
20.57,-154.86,2008,11,Pacific Ocean,Neuston net,0.0108,Low
41.812033,9.435417,2019,6,Atlantic Ocean,Manta net,0.48175,High
44.38,-67.27,2002,9,Atlantic Ocean,Neuston net,0.00216,Low
43.64,-69.63,2005,6,Atlantic Ocean,Neuston net,0.034556,Low
47.253,-70.285167,2021,7,Atlantic Ocean,Manta net,0.028277,Low
41.4,-71.23,2005,6,Atlantic Ocean,Neuston net,0.002004,Low
40.35,-70.67,1998,6,Atlantic Ocean,Neuston net,0.0,Low
38.26,-65.32,1999,5,Atlantic Ocean,Neuston net,0.0,Low
36.914167,-25.096333,2019,6,Atlantic Ocean,Manta net,0.030571,Low
34.5793,22.0629,2014,8,Atlantic Ocean,Manta net,0.018085,Low
36.716517,2.788723,2018,6,Atlantic Ocean,Manta net,0.246517,High
37.8014,-76.2905,2013,11,Atlantic Ocean,Grab sample,0.01,Low
31.58,-66.31,2000,6,Atlantic Ocean,Neuston net,0.190064,High
25.03,-82.92,1997,1,Atlantic Ocean,Neuston net,0.0,Low
24.22,-80.66,1999,3,Atlantic Ocean,Neuston net,0.00216,Low
26.76,-59.14,2006,10,Atlantic Ocean,Neuston net,0.067196,Low
21.16,-68.33,2008,4,Atlantic Ocean,Neuston net,0.016616,Low
23.008329,-20.839212,2015,11,Atlantic Ocean,Intake seawater pump,0.5,High
32.37,-146.51,2007,7,Pacific Ocean,Neuston net,0.0,Low
28.54,-140.09,2004,8,Pacific Ocean,Neuston net,0.0,Low
29.987383,-138.2375,2015,8,Pacific Ocean,Manta net,5.571537,High
30.6117,-145.0833,2018,11,Pacific Ocean,Manta net,17.981816,High
27.8261,-82.5675,2016,11,Atlantic Ocean,Van Dorn sampler,1000.0,High
14.11,-59.55,2001,11,Atlantic Ocean,Neuston net,0.097192,High
12.18,-61.82,1994,12,Atlantic Ocean,Neuston net,0.0,Low
15.8827,-44.4276,2014,11,Atlantic Ocean,Grab sample,0.003,Low
18.79,-22.8983,2014,11,Atlantic Ocean,Grab sample,0.008,Low
25.68,-143.09,2004,10,Pacific Ocean,Neuston net,0.0,Low
27.4209,-146.4596,2010,10,Pacific Ocean,Manta net,0.462,High
13.08,-69.53,1995,12,Atlantic Ocean,Neuston net,0.0,Low
16.67,-74.0,1995,12,Atlantic Ocean,Neuston net,0.002164,Low
18.43,-68.22,1992,12,Atlantic Ocean,Neuston net,0.0,Low
17.17,-63.07,2001,11,Atlantic Ocean,Neuston net,0.0612,Low
15.08,-63.07,1992,12,Atlantic Ocean,Neuston net,0.0,Low
16.7414,-49.8658,2014,12,Atlantic Ocean,Grab sample,0.003,Low
13.82,-81.58,1992,3,Atlantic Ocean,Neuston net,0.0,Low
11.45,-64.6,1991,12,Atlantic Ocean,Neuston net,0.00648,Low
11.8,-64.76,2003,12,Atlantic Ocean,Neuston net,0.006044,Low
12.27,-67.5,1987,12,Atlantic Ocean,Neuston net,0.0,Low
12.13,-64.27,1987,12,Atlantic Ocean,Neuston net,0.0,Low
14.03,-63.42,1994,12,Atlantic Ocean,Neuston net,0.0,Low
-26.3167,-44.3914,2018,4,Atlantic Ocean,Intake seawater pump,79.0,High
2.89,-137.24,2011,12,Pacific Ocean,Neuston net,0.003084,Low
19.43,-145.47,2010,10,Pacific Ocean,Neuston net,0.00432,Low
16.83,-75.83,2008,12,Atlantic Ocean,Neuston net,0.0,Low
16.62,-75.3,1997,12,Atlantic Ocean,Neuston net,0.0,Low
86.8767,-135.06,2016,8,Arctic Ocean,Intake seawater pump,1.0,High
22.9623,-153.4928,2019,1,Pacific Ocean,Manta net,1.022849,High
33.35,-150.87,2008,3,Pacific Ocean,Neuston net,0.0,Low
36.0062,-150.3978,2015,8,Pacific Ocean,Manta net,1.686723,High
34.8996,-153.56815,2015,8,Pacific Ocean,Manta net,3.570596,High
32.279667,34.825,2013,7,Atlantic Ocean,Manta net,2.662116,High
43.2571,5.3726,2018,10,Atlantic Ocean,Manta net,0.122449,High
42.7252,8.5102,2010,7,Atlantic Ocean,Neuston net,0.307358,High
57.9106,-133.5051,2015,9,Pacific Ocean,Grab sample,0.021,Low
58.162,-14.5775,2019,9,Atlantic Ocean,Neuston net,0.014598,Low
57.9465,-3.280833,2014,1,Atlantic Ocean,Neuston net,0.01514,Low
82.394,-141.82,2016,9,Arctic Ocean,Intake seawater pump,1.0,High
38.141317,-21.774583,2013,10,Atlantic Ocean,Manta net,0.495735,High
43.77,-63.98,1991,5,Atlantic Ocean,Neuston net,0.0,Low
42.66,-70.42,1991,6,Atlantic Ocean,Neuston net,0.0,Low
40.48,-70.81,1998,10,Atlantic Ocean,Neuston net,0.0096,Low
39.92,-70.28,1995,6,Atlantic Ocean,Neuston net,0.038876,Low
41.75,-64.95,2002,6,Atlantic Ocean,Neuston net,0.0,Low
37.43,-65.38,1992,10,Atlantic Ocean,Neuston net,0.01512,Low
33.4,-61.5,1998,10,Atlantic Ocean,Neuston net,0.025916,Low
36.481667,-27.823333,2013,9,Atlantic Ocean,Manta net,0.515413,High
32.55,-62.74,1996,10,Atlantic Ocean,Neuston net,0.20882,High
36.37,-66.41,1998,10,Atlantic Ocean,Neuston net,0.00864,Low
40.1117,-72.4767,2014,5,Atlantic Ocean,Grab sample,0.064,Low
28.58,-72.84,1993,5,Atlantic Ocean,Neuston net,0.099352,High
32.37,-146.51,2008,3,Pacific Ocean,Neuston net,0.0,Low
32.0429,-137.9278,2009,8,Pacific Ocean,Manta net,2.405,High
34.442383,-139.185417,2019,12,Pacific Ocean,Manta net,14.472815,High
31.95,-124.083,1973,2,Pacific Ocean,Neuston net,0.004,Low
23.06,-59.8,2000,4,Atlantic Ocean,Neuston net,0.092872,High
23.5,-69.96,2000,2,Atlantic Ocean,Neuston net,0.111592,High
26.39,-72.55,1992,5,Atlantic Ocean,Neuston net,0.0108,Low
28.3,-71.18,1992,5,Atlantic Ocean,Neuston net,0.034556,Low
30.73,-68.07,2003,5,Atlantic Ocean,Neuston net,0.034556,Low
29.69,-70.36,1993,5,Atlantic Ocean,Neuston net,0.319656,High
26.74,-60.48,2007,4,Atlantic Ocean,Neuston net,0.026784,Low
27.8524,-82.4093,2016,11,Atlantic Ocean,Van Dorn sampler,0.0,Low
21.15,-142.77,2011,10,Pacific Ocean,Neuston net,0.0,Low
25.68,-143.09,2004,2,Pacific Ocean,Neuston net,0.0,Low
28.54,-140.09,2004,1,Pacific Ocean,Neuston net,0.0,Low
29.79,-78.14,2002,5,Atlantic Ocean,Neuston net,0.123112,High
27.65,-78.96,2000,2,Atlantic Ocean,Neuston net,0.0,Low
27.8096,-82.446,2017,7,Atlantic Ocean,Van Dorn sampler,0.0,Low
15.93,-60.81,2000,4,Atlantic Ocean,Neuston net,0.00216,Low
15.0783,-58.6444,2014,12,Atlantic Ocean,Grab sample,0.007,Low
14.8983,-54.59,2014,12,Atlantic Ocean,Grab sample,0.004,Low
10.760339,-61.441728,2016,1,Atlantic Ocean,Hand picking,1.0,High
9.8155,-20.3622,2015,4,Atlantic Ocean,Grab sample,0.01,Low
21.42,-142.07,2010,10,Pacific Ocean,Neuston net,0.0,Low
16.11,-68.31,2008,12,Atlantic Ocean,Neuston net,0.0,Low
19.99,-73.6,1987,2,Atlantic Ocean,Neuston net,0.0,Low
19.88,-69.13,2005,3,Atlantic Ocean,Neuston net,0.079912,Low
18.4419,-64.7511,2016,6,Atlantic Ocean,Grab sample,0.0,Low
-27.00049,-77.52962,2015,10,Pacific Ocean,AVANI net,0.019015,Low
-22.371272,7.59897,2015,11,Atlantic Ocean,Intake seawater pump,2.0,High
-12.14,-143.99,2003,3,Pacific Ocean,Neuston net,0.0,Low
-6.66,-113.9,2001,12,Pacific Ocean,Neuston net,0.0,Low
19.43,-145.47,2009,11,Pacific Ocean,Neuston net,0.00432,Low
18.75,-75.43,1993,2,Atlantic Ocean,Neuston net,0.00432,Low
33.1,-156.49,2011,4,Pacific Ocean,Neuston net,0.0,Low
33.56,-152.27,2008,12,Pacific Ocean,Neuston net,0.0,Low
16.13,-162.0,2004,12,Pacific Ocean,Neuston net,0.00648,Low
43.34,-70.08,2001,8,Atlantic Ocean,Neuston net,0.0,Low
47.646667,-5.808333,2018,7,Atlantic Ocean,Manta net,0.023467,Low
42.9356,8.9183,2014,6,Atlantic Ocean,Manta net,1.482301,High
56.666167,-6.1265,2022,1,Atlantic Ocean,Neuston net,0.015106,Low
57.9455,-5.896667,2018,1,Atlantic Ocean,Neuston net,0.019469,Low
20.6,-154.81,2007,3,Pacific Ocean,Neuston net,0.0,Low
32.53,-64.61,1989,6,Atlantic Ocean,Neuston net,0.110392,High
32.1936,-40.6542,2013,6,Atlantic Ocean,Neuston net,0.823753,High
38.1745,10.5115,2021,9,Atlantic Ocean,Manta net,0.015786,Low
41.397303,2.21315,2021,1,Atlantic Ocean,Manta net,0.848667,High
43.43,-67.92,1994,9,Atlantic Ocean,Neuston net,0.00432,Low
34.0602,-139.9566,2009,8,Pacific Ocean,Manta net,1.027,High
35.8409,-140.8203,2008,2,Pacific Ocean,Neuston net,8.134071,High
35.9064,-141.7822,2008,2,Pacific Ocean,Neuston net,5.579401,High
31.83,-67.58,1997,4,Atlantic Ocean,Neuston net,0.00432,Low
21.52,-58.9,1991,10,Atlantic Ocean,Neuston net,0.0,Low
25.15,-59.17,2005,4,Atlantic Ocean,Neuston net,0.089092,High
26.02,-68.83,1997,4,Atlantic Ocean,Neuston net,0.018512,Low
26.95,-40.8333,2015,5,Atlantic Ocean,Grab sample,0.002,Low
31.6107,-146.8262,2015,8,Pacific Ocean,Manta net,0.170545,High
31.54,-143.82,2005,11,Pacific Ocean,Neuston net,0.0,Low
24.1,-81.03,1994,1,Atlantic Ocean,Neuston net,0.0,Low
23.97,-81.97,1996,4,Atlantic Ocean,Neuston net,0.00864,Low
23.87,-82.9,2001,1,Atlantic Ocean,Neuston net,0.0,Low
25.68,-74.8,2004,2,Atlantic Ocean,Neuston net,0.280776,High
29.23,-59.18,2000,10,Atlantic Ocean,Neuston net,0.0216,Low
28.87,-59.78,1999,10,Atlantic Ocean,Neuston net,0.0108,Low
24.13,-83.69,2007,12,Atlantic Ocean,Neuston net,0.001864,Low
24.64,-84.35,2007,1,Atlantic Ocean,Neuston net,0.034888,Low
24.3,-81.82,1998,3,Atlantic Ocean,Neuston net,0.00216,Low
27.05725,-130.87735,2015,9,Pacific Ocean,Manta net,0.165177,High
24.73,-139.58,2012,2,Pacific Ocean,Neuston net,0.0,Low
26.0,-77.82,1998,2,Atlantic Ocean,Neuston net,0.043196,Low
27.6279,-82.6415,2016,8,Atlantic Ocean,Van Dorn sampler,1000.0,High
17.34,-63.76,2002,11,Atlantic Ocean,Neuston net,0.0,Low
18.87,-58.05,1994,11,Atlantic Ocean,Neuston net,0.0,Low
15.1817,-54.0217,2014,12,Atlantic Ocean,Grab sample,0.048,Low
16.2996,-37.1698,2014,11,Atlantic Ocean,Grab sample,0.005,Low
16.6667,-40.45,2014,11,Atlantic Ocean,Grab sample,0.002,Low
29.009277,-135.1045,2015,7,Pacific Ocean,Manta net,0.914308,High
19.01,-77.9,2002,3,Atlantic Ocean,Neuston net,0.00648,Low
17.94475,-76.8185,2017,11,Atlantic Ocean,Manta net,1.1,High
17.7495,-87.025,2014,2,Atlantic Ocean,Grab sample,0.004,Low
10.4,-65.28,1995,12,Atlantic Ocean,Neuston net,0.0,Low
10.75,-65.8,1991,12,Atlantic Ocean,Neuston net,0.0,Low
18.3642,-64.7255,2016,5,Atlantic Ocean,Grab sample,0.0,Low
-28.1885,-106.3073,2011,4,Pacific Ocean,Neuston net,0.176299,High
-27.1176,-48.5402,2015,5,Atlantic Ocean,Grab sample,0.013,Low
-26.1893,-38.7646,2010,11,Atlantic Ocean,Neuston net,0.037736,Low
-12.9724,-38.516,2015,7,Atlantic Ocean,Grab sample,0.0,Low
19.73,-146.63,2009,3,Pacific Ocean,Neuston net,0.0,Low
18.8,-74.97,1993,2,Atlantic Ocean,Neuston net,0.0,Low
33.1,-156.49,2010,12,Pacific Ocean,Neuston net,0.0,Low
32.059167,34.748333,2013,7,Atlantic Ocean,Manta net,8.774338,High
68.175167,13.333167,2019,9,Arctic Ocean,Manta net,0.011873,Low
88.6113,-121.77868,2016,8,Arctic Ocean,CTD rosette sampler,21.0,High
15.25,-157.55,2003,12,Pacific Ocean,Neuston net,0.00432,Low
22.4,-153.7755,2019,1,Pacific Ocean,Manta net,0.35932,High
20.14,-148.94,2008,5,Pacific Ocean,Neuston net,0.0,Low
23.2731,-150.0637,2014,7,Pacific Ocean,Grab sample,0.024,Low
43.6785,4.623433,2018,8,Atlantic Ocean,Manta net,0.382344,High
43.030017,9.769867,2013,6,Atlantic Ocean,Neuston net,3.924915,High
61.038,-66.9325,2016,9,Arctic Ocean,Grab sample,0.007,Low
57.632,-3.913167,2014,1,Atlantic Ocean,Neuston net,0.0,Low
56.092167,-2.707833,2019,1,Atlantic Ocean,Neuston net,0.072215,Low
33.2,-60.55,1993,10,Atlantic Ocean,Neuston net,0.00864,Low
40.432333,5.630667,2012,8,Atlantic Ocean,Manta net,0.793325,High
40.9526,2.0061,2014,10,Atlantic Ocean,Manta net,0.85043,High
42.49,-125.82,2002,8,Pacific Ocean,Neuston net,0.0,Low
45.41,-58.64,1989,7,Atlantic Ocean,Neuston net,0.0,Low
43.93,-64.54,1992,5,Atlantic Ocean,Neuston net,0.0,Low
41.41,-71.18,2008,7,Atlantic Ocean,Neuston net,0.01152,Low
40.18,-65.82,1992,5,Atlantic Ocean,Neuston net,0.0,Low
41.64,-63.63,2007,6,Atlantic Ocean,Neuston net,0.00322,Low
37.78,-66.74,2003,10,Atlantic Ocean,Neuston net,0.0,Low
31.88,-69.68,2000,4,Atlantic Ocean,Neuston net,0.025524,Low
33.52,-65.08,2001,6,Atlantic Ocean,Neuston net,0.003088,Low
39.32,-70.27,1990,5,Atlantic Ocean,Neuston net,0.00648,Low
27.05,-67.32,1998,4,Atlantic Ocean,Neuston net,0.025916,Low
30.48,-64.89,2001,5,Atlantic Ocean,Neuston net,0.0144,Low
32.003858,-143.1125,2015,8,Pacific Ocean,Manta net,2.191318,High
31.54,-143.82,2006,5,Pacific Ocean,Neuston net,0.0,Low
37.35,-129.267,1972,11,Pacific Ocean,Neuston net,0.0,Low
25.0,-77.58,1995,5,Atlantic Ocean,Neuston net,0.0,Low
22.28,-58.0,1993,10,Atlantic Ocean,Neuston net,0.086392,High
21.82,-58.07,1996,11,Atlantic Ocean,Neuston net,0.041036,Low
20.53,-73.81,2000,2,Atlantic Ocean,Neuston net,0.00216,Low
27.55,-71.97,1995,5,Atlantic Ocean,Neuston net,0.03568,Low
21.8264,-108.0153,2015,2,Pacific Ocean,Grab sample,0.01,Low
25.87,-79.97,1991,4,Atlantic Ocean,Neuston net,0.0,Low
27.9899,-82.6316,2016,11,Atlantic Ocean,Van Dorn sampler,0.0,Low
14.01,-59.97,1998,11,Atlantic Ocean,Neuston net,0.0,Low
13.9,-60.15,1996,11,Atlantic Ocean,Neuston net,0.0,Low
29.2231,-133.03935,2015,9,Pacific Ocean,Manta net,2.787855,High
22.76,-141.69,2011,10,Pacific Ocean,Neuston net,0.0,Low
25.69,-141.14,2012,10,Pacific Ocean,Neuston net,7.772284,High
29.37,-139.91,2005,5,Pacific Ocean,Neuston net,0.0,Low
17.24,-77.53,2001,2,Atlantic Ocean,Neuston net,0.00432,Low
11.78,-67.35,1998,12,Atlantic Ocean,Neuston net,0.0,Low
16.07,-61.95,1997,11,Atlantic Ocean,Neuston net,0.0,Low
15.94,-63.93,2004,11,Atlantic Ocean,Neuston net,0.00216,Low
17.81,-58.63,2005,10,Atlantic Ocean,Neuston net,0.0,Low
14.1616,-59.8337,2014,12,Atlantic Ocean,Grab sample,0.006,Low
-32.3348,-9.2109,2010,11,Atlantic Ocean,Neuston net,2.356803,High
5.28,-146.64,2012,4,Pacific Ocean,Neuston net,0.0,Low
3.48,-143.62,2010,7,Pacific Ocean,Neuston net,0.0,Low
2.19,-135.73,2008,2,Pacific Ocean,Neuston net,0.0,Low
-1.5,-86.0,2017,10,Pacific Ocean,Plankton net,0.7,High
8.45,-85.33,2001,11,Pacific Ocean,Neuston net,0.00864,Low
31.8705,34.6625,2015,5,Atlantic Ocean,Manta net,3.163192,High
19.24,-156.55,2005,8,Pacific Ocean,Neuston net,0.0,Low
20.49,-157.42,2003,2,Pacific Ocean,Neuston net,0.0,Low
21.6979,-154.6366,2010,10,Pacific Ocean,Manta net,0.046,Low
20.14,-148.94,2008,10,Pacific Ocean,Neuston net,0.0,Low
40.58,-157.79,2005,4,Pacific Ocean,Neuston net,0.043748,Low
32.903333,35.071,2014,1,Atlantic Ocean,Manta net,0.484765,High
59.9816,-139.4554,2015,6,Pacific Ocean,Grab sample,0.012,Low
57.794333,-2.616,2018,1,Atlantic Ocean,Neuston net,0.0,Low
54.768,-3.840167,2021,9,Atlantic Ocean,Neuston net,0.051523,Low
54.606333,-4.429,2017,1,Atlantic Ocean,Neuston net,0.018357,Low
14.13,-158.31,2003,5,Pacific Ocean,Neuston net,0.0,Low
36.776667,-7.79,2013,10,Atlantic Ocean,Manta net,1.531306,High
41.263153,1.963507,2021,3,Atlantic Ocean,Manta net,0.442667,High
43.1,-64.21,1992,8,Atlantic Ocean,Neuston net,0.00432,Low
34.35,-64.57,1995,5,Atlantic Ocean,Neuston net,0.136692,High
40.86,-68.75,2000,7,Atlantic Ocean,Neuston net,0.0,Low
40.18,-70.73,2003,7,Atlantic Ocean,Neuston net,0.0,Low
39.1,-64.55,1992,5,Atlantic Ocean,Neuston net,0.01944,Low
36.7966,-146.6179,2015,8,Pacific Ocean,Manta net,3.084044,High
41.7463,-124.1842,2015,5,Pacific Ocean,Grab sample,0.01,Low
35.31,-65.27,1999,5,Atlantic Ocean,Neuston net,0.050388,Low
34.22,-65.34,2001,5,Atlantic Ocean,Neuston net,0.034556,Low
29.6,-55.84,2005,10,Atlantic Ocean,Neuston net,0.005708,Low
22.83,-69.17,1990,4,Atlantic Ocean,Neuston net,0.028076,Low
27.78,-67.52,2000,4,Atlantic Ocean,Neuston net,0.034556,Low
29.9,-74.18,2008,4,Atlantic Ocean,Neuston net,0.0,Low
21.31,-28.02,2014,11,Atlantic Ocean,Grab sample,0.006,Low
32.8909,-140.3057,2009,8,Pacific Ocean,Manta net,7.253,High
24.22,-80.93,1998,3,Atlantic Ocean,Neuston net,0.0108,Low
25.48,-79.48,1999,3,Atlantic Ocean,Neuston net,0.00216,Low
25.68,-76.8,1997,5,Atlantic Ocean,Neuston net,0.0,Low
29.9987,-139.356,2015,8,Pacific Ocean,Manta net,31.209877,High
30.1733,-140.705,2018,11,Pacific Ocean,Manta net,2.372212,High
25.92,-75.6,1987,4,Atlantic Ocean,Neuston net,0.012552,Low
15.15,-70.6,1994,12,Atlantic Ocean,Neuston net,0.0,Low
16.89,-63.88,2007,11,Atlantic Ocean,Neuston net,0.0,Low
12.81,-59.99,1999,11,Atlantic Ocean,Neuston net,0.0,Low
16.726333,-27.050333,2018,12,Atlantic Ocean,Manta net,0.0,Low
12.751589,-22.485699,2015,11,Atlantic Ocean,Intake seawater pump,1.0,High
24.52,-148.47,2004,3,Pacific Ocean,Neuston net,0.0,Low
19.62,-146.5,2012,10,Pacific Ocean,Neuston net,0.782908,High
19.96,-146.64,2011,3,Pacific Ocean,Neuston net,0.00216,Low
18.45,-76.83,1995,12,Atlantic Ocean,Neuston net,0.086392,High
17.57,-85.97,1997,12,Atlantic Ocean,Neuston net,0.00864,Low
12.5,-62.03,1987,12,Atlantic Ocean,Neuston net,0.0,Low
12.68,-64.43,2000,12,Atlantic Ocean,Neuston net,0.00216,Low
-24.9143,-8.2032,2011,1,Atlantic Ocean,Neuston net,0.732867,High
5.28,-146.64,2005,10,Pacific Ocean,Neuston net,0.0,Low
1.0645,-10.585833,2019,3,Atlantic Ocean,Manta net,0.038661,Low
17.64,-115.08,2002,12,Pacific Ocean,Neuston net,0.00214,Low
16.88,-81.53,1995,12,Atlantic Ocean,Neuston net,0.00216,Low
19.82,-81.07,2008,4,Atlantic Ocean,Neuston net,0.008016,Low
80.1349,6.14062,2016,8,Arctic Ocean,CTD rosette sampler,0.0,Low
-25.930833,32.781833,2018,9,Indian Ocean,Manta net,0.119995,High
6.42,-148.97,2008,6,Pacific Ocean,Neuston net,0.0,Low
23.65,-149.74,2012,10,Pacific Ocean,Neuston net,1.186904,High
33.1,-156.49,2011,8,Pacific Ocean,Neuston net,0.0,Low
43.82,-69.5,1992,5,Atlantic Ocean,Neuston net,0.00216,Low
60.8605,-0.762333,2019,1,Atlantic Ocean,Neuston net,0.008901,Low
57.724667,-2.358,2014,11,Atlantic Ocean,Neuston net,0.0,Low
55.530167,-6.505833,2016,1,Atlantic Ocean,Neuston net,0.057847,Low
55.970333,-4.8105,2018,10,Atlantic Ocean,Neuston net,0.170799,High
66.1741,-23.2302,2014,3,Atlantic Ocean,Grab sample,0.006,Low
39.651,20.032,2015,4,Atlantic Ocean,Manta net,3.036667,High
46.1,-124.36,2002,8,Pacific Ocean,Neuston net,0.095032,High
44.048367,-129.019067,2019,12,Pacific Ocean,Manta net,0.016427,Low
44.34,-64.24,1999,7,Atlantic Ocean,Neuston net,0.0,Low
42.51,-65.67,2007,9,Atlantic Ocean,Neuston net,0.0,Low
31.75,-69.11,2005,4,Atlantic Ocean,Neuston net,0.014396,Low
32.13,-64.63,2005,5,Atlantic Ocean,Neuston net,0.039596,Low
41.43,-69.2,1997,6,Atlantic Ocean,Neuston net,0.0,Low
40.43,-70.74,2008,8,Atlantic Ocean,Neuston net,0.015244,Low
39.33,-65.77,1992,5,Atlantic Ocean,Neuston net,0.032396,Low
37.997997,-12.218874,2015,11,Atlantic Ocean,Intake seawater pump,1.0,High
41.18,-143.62,2003,7,Pacific Ocean,Neuston net,0.026448,Low
37.6317,-76.4366,2015,10,Atlantic Ocean,Grab sample,0.004,Low
31.18,-56.85,1991,10,Atlantic Ocean,Neuston net,0.034556,Low
25.9,-57.2,2002,10,Atlantic Ocean,Neuston net,0.028076,Low
24.84,-65.48,2001,5,Atlantic Ocean,Neuston net,0.00432,Low
22.8,-73.8,1990,4,Atlantic Ocean,Neuston net,0.049676,Low
28.3091,-37.4031,2013,6,Atlantic Ocean,Neuston net,0.150579,High
21.7247,-27.0357,2014,11,Atlantic Ocean,Grab sample,0.016,Low
25.36,-76.07,2006,3,Atlantic Ocean,Neuston net,0.035992,Low
22.93,-74.65,1995,2,Atlantic Ocean,Neuston net,0.0,Low
27.8524,-82.4093,2016,11,Atlantic Ocean,Plankton net,4.4,High
27.5737,-82.6868,2016,8,Atlantic Ocean,Van Dorn sampler,1000.0,High
24.52,-148.47,2011,2,Pacific Ocean,Neuston net,0.0,Low
25.28,-147.0,2008,10,Pacific Ocean,Neuston net,2.712124,High
26.21,-144.53,2005,12,Pacific Ocean,Neuston net,0.060476,Low
26.05,-141.2,2003,11,Pacific Ocean,Neuston net,0.0,Low
26.17,-79.28,1993,3,Atlantic Ocean,Neuston net,0.0,Low
27.7,-79.29,1999,2,Atlantic Ocean,Neuston net,0.0,Low
13.4,-69.05,1993,12,Atlantic Ocean,Neuston net,0.0,Low
14.8,-60.14,1996,11,Atlantic Ocean,Neuston net,0.0,Low
16.66,-59.06,2005,11,Atlantic Ocean,Neuston net,0.001792,Low
17.69,-58.38,2007,10,Atlantic Ocean,Neuston net,0.012952,Low
16.1198,-53.8882,2014,12,Atlantic Ocean,Grab sample,0.004,Low
30.999668,-135.406,2015,8,Pacific Ocean,Manta net,2.23836,High
-24.5847,-125.7344,2011,4,Pacific Ocean,Neuston net,0.284423,High
-30.9504,-95.3477,2011,4,Pacific Ocean,Manta net,0.245825,High
-7.73,-120.06,2001,12,Pacific Ocean,Neuston net,0.0,Low
-2.52,-94.4,2016,4,Pacific Ocean,Grab sample,0.004,Low
1.45,-87.033,1999,11,Pacific Ocean,Manta net,0.006,Low
20.02,-70.32,2000,5,Atlantic Ocean,Neuston net,0.001964,Low
56.129667,-4.897333,2018,10,Atlantic Ocean,Neuston net,0.323111,High
11.09,-156.77,2006,11,Pacific Ocean,Neuston net,0.043196,Low
13.69,-156.87,2011,7,Pacific Ocean,Neuston net,0.018584,Low
16.28,-160.37,2009,7,Pacific Ocean,Neuston net,0.0,Low
28.3786,-149.9736,2015,8,Pacific Ocean,Manta net,1.175749,High
32.76,-150.21,2010,12,Pacific Ocean,Neuston net,0.0,Low
45.9863,-6.7093,2018,7,Atlantic Ocean,Intake seawater pump,7.0,High
43.4446,8.0662,2014,6,Atlantic Ocean,Manta net,0.426723,High
43.023,6.280833,2016,6,Atlantic Ocean,Manta net,0.582043,High
57.710667,-6.199167,2015,1,Atlantic Ocean,Neuston net,0.026583,Low
57.900667,-5.845167,2022,1,Atlantic Ocean,Neuston net,0.048123,Low
39.595,-13.568333,2014,8,Atlantic Ocean,Manta net,0.323625,High
41.168333,9.63,2018,6,Atlantic Ocean,Manta net,0.017663,Low
41.397303,2.21315,2021,2,Atlantic Ocean,Manta net,1.319333,High
48.701083,-136.82175,2019,3,Pacific Ocean,Neuston net,0.0,Low
34.17,-64.37,1995,10,Atlantic Ocean,Neuston net,0.99568,High
41.12,-71.09,1998,8,Atlantic Ocean,Neuston net,0.0,Low
41.13,-70.69,2001,10,Atlantic Ocean,Neuston net,0.0081,Low
41.12,-70.49,1998,8,Atlantic Ocean,Neuston net,0.0,Low
41.83,-70.23,2002,7,Atlantic Ocean,Neuston net,0.0,Low
41.57,-69.4,1993,8,Atlantic Ocean,Neuston net,0.0,Low
32.13,-65.02,2000,10,Atlantic Ocean,Neuston net,0.0216,Low
32.303,-64.7397,2014,6,Atlantic Ocean,Grab sample,0.007,Low
32.73,-64.33,1994,10,Atlantic Ocean,Neuston net,0.038876,Low
32.6833,-62.5167,2015,5,Atlantic Ocean,Grab sample,0.003,Low
34.67,-66.21,1989,5,Atlantic Ocean,Neuston net,0.092872,High
21.3517,-32.5617,2014,12,Atlantic Ocean,Grab sample,0.054,Low
33.76,-118.1551,2014,10,Pacific Ocean,Grab sample,0.005,Low
25.93,-58.0,1992,10,Atlantic Ocean,Neuston net,0.041036,Low
21.37,-58.67,1991,10,Atlantic Ocean,Neuston net,0.01944,Low
21.62,-69.46,2006,2,Atlantic Ocean,Neuston net,0.00864,Low
21.3,-73.75,1996,4,Atlantic Ocean,Neuston net,0.00432,Low
24.43,-72.43,1993,2,Atlantic Ocean,Neuston net,0.00432,Low
31.0,-68.78,1991,5,Atlantic Ocean,Neuston net,0.051836,Low
24.2,-81.92,2007,1,Atlantic Ocean,Neuston net,0.040112,Low
25.6,-79.65,1997,3,Atlantic Ocean,Neuston net,0.0216,Low
25.62,-76.55,1992,4,Atlantic Ocean,Neuston net,0.01296,Low
28.907,-51.8931,2010,2,Atlantic Ocean,Neuston net,0.376668,High
27.08,-76.52,2004,2,Atlantic Ocean,Neuston net,0.0108,Low
27.9185,-82.5379,2016,6,Atlantic Ocean,Van Dorn sampler,4000.0,High
26.05,-141.2,2012,2,Pacific Ocean,Neuston net,0.00216,Low
29.98,-140.0,2003,10,Pacific Ocean,Neuston net,0.0,Low
30.98986,-142.8715,2015,8,Pacific Ocean,Manta net,10.74915,High
30.53,-145.04,2019,7,Pacific Ocean,Manta net,26.854787,High
24.29,-110.41,2002,11,Pacific Ocean,Neuston net,0.0,Low
31.01,-78.76,2001,5,Atlantic Ocean,Neuston net,0.0,Low
16.97,-62.88,1996,12,Atlantic Ocean,Neuston net,0.0,Low
15.45,-62.03,1996,12,Atlantic Ocean,Neuston net,0.019864,Low
18.77,-60.59,2005,4,Atlantic Ocean,Neuston net,0.024684,Low
16.5,-38.2522,2014,12,Atlantic Ocean,Grab sample,0.178,High
24.03,-138.44,2007,10,Pacific Ocean,Neuston net,0.0,Low
26.21,-144.53,2012,6,Pacific Ocean,Neuston net,0.0,Low
-25.9512,-120.4278,2011,4,Pacific Ocean,Manta net,0.048181,Low
-2.53,-101.99,2001,12,Pacific Ocean,Neuston net,0.0,Low
-3.1023,-35.6709,2018,4,Atlantic Ocean,Intake seawater pump,26.0,High
19.24,-143.41,2004,11,Pacific Ocean,Neuston net,0.0,Low
19.12,-106.06,2001,10,Pacific Ocean,Neuston net,0.00216,Low
17.07,-76.4,1994,4,Atlantic Ocean,Neuston net,0.00432,Low
18.46,-157.58,2007,11,Pacific Ocean,Neuston net,0.0108,Low
20.61,-155.0,2012,3,Pacific Ocean,Neuston net,0.0,Low
30.0368,-150.34875,2015,8,Pacific Ocean,Manta net,0.424666,High
33.26,-156.98,2009,4,Pacific Ocean,Neuston net,0.0,Low
32.35,-155.1,2004,5,Pacific Ocean,Neuston net,0.0,Low
42.661667,27.775833,2017,8,Atlantic Ocean,Manta net,0.508715,High
46.23,-63.1456,2015,6,Atlantic Ocean,Grab sample,0.001,Low
43.27,-63.66,2000,8,Atlantic Ocean,Neuston net,0.0,Low
44.2,-69.01,1998,6,Atlantic Ocean,Neuston net,0.0,Low
42.84,-69.17,2004,7,Atlantic Ocean,Neuston net,0.00432,Low
44.38,8.9306,2013,7,Atlantic Ocean,Manta net,1.69186,High
58.281333,-3.1475,2022,1,Atlantic Ocean,Neuston net,0.0,Low
35.0555,-7.661,2014,7,Atlantic Ocean,Manta net,0.103245,High
36.960333,15.4725,2021,7,Atlantic Ocean,Manta net,0.109957,High
38.1824,20.8171,2014,7,Atlantic Ocean,Manta net,0.994082,High
41.989333,7.451333,2021,10,Atlantic Ocean,Manta net,0.666638,High
39.80334,4.607777,2013,6,Atlantic Ocean,Neuston net,16.963109,High
42.38,-61.08,1994,7,Atlantic Ocean,Neuston net,0.00216,Low
40.52,-67.62,1989,6,Atlantic Ocean,Neuston net,0.0,Low
41.88,-63.56,1995,7,Atlantic Ocean,Neuston net,0.00864,Low
35.88,-58.03,1991,10,Atlantic Ocean,Neuston net,0.036716,Low
32.81,-27.253333,2013,9,Atlantic Ocean,Manta net,0.809166,High
38.743167,-9.091667,2020,10,Atlantic Ocean,Manta net,0.048335,Low
35.11,-64.23,1998,10,Atlantic Ocean,Neuston net,0.0108,Low
35.71,-67.12,2001,7,Atlantic Ocean,Neuston net,0.032396,Low
21.54,-69.53,2007,2,Atlantic Ocean,Neuston net,0.035996,Low
24.18,-70.07,1996,4,Atlantic Ocean,Neuston net,0.056156,Low
28.11,-71.53,2000,6,Atlantic Ocean,Neuston net,0.863932,High
33.08,-147.02,2012,4,Pacific Ocean,Neuston net,0.017552,Low
32.0809,-136.3499,2009,8,Pacific Ocean,Manta net,1.137,High
33.07095,-133.2357,2015,9,Pacific Ocean,Manta net,6.487523,High
30.51,-60.37,1998,10,Atlantic Ocean,Neuston net,0.00216,Low
28.49,-58.73,2000,4,Atlantic Ocean,Neuston net,0.131748,High
31.06,-143.46,2008,3,Pacific Ocean,Neuston net,0.00216,Low
30.43,-74.83,2000,4,Atlantic Ocean,Neuston net,0.069424,Low
27.9456,-82.6943,2016,10,Atlantic Ocean,Van Dorn sampler,0.0,Low
11.18,-61.09,1998,11,Atlantic Ocean,Neuston net,0.0,Low
21.42,-142.07,2009,6,Pacific Ocean,Neuston net,0.0,Low
20.15,-147.77,2006,8,Pacific Ocean,Neuston net,0.0,Low
25.68,-143.09,2005,2,Pacific Ocean,Neuston net,0.0,Low
27.6269,-142.9212,2015,8,Pacific Ocean,Manta net,0.546338,High
28.04,-140.48,2009,10,Pacific Ocean,Neuston net,0.0,Low
16.16,-74.36,2004,3,Atlantic Ocean,Neuston net,0.0,Low
16.47,-79.02,1998,4,Atlantic Ocean,Neuston net,0.00648,Low
16.44,-78.05,1987,12,Atlantic Ocean,Neuston net,0.01512,Low
13.97,-62.58,2003,12,Atlantic Ocean,Neuston net,0.0,Low
15.35,-62.7,1995,12,Atlantic Ocean,Neuston net,0.000832,Low
14.4813,-58.0162,2014,12,Atlantic Ocean,Grab sample,0.018,Low
-26.47547,-105.36776,2015,11,Pacific Ocean,Neuston net,0.01461,Low
-34.0,-78.191667,2016,4,Pacific Ocean,Manta net,0.007542,Low
-16.7579,-147.562,2016,10,Pacific Ocean,Grab sample,0.0,Low
4.369,-84.8008,2016,9,Pacific Ocean,Grab sample,0.0,Low
19.01,-75.52,2005,3,Atlantic Ocean,Neuston net,0.006172,Low
19.73,-79.26,2001,3,Atlantic Ocean,Neuston net,0.003084,Low
20.35,-154.67,2003,11,Pacific Ocean,Neuston net,0.00648,Low
33.38,-156.38,2007,7,Pacific Ocean,Neuston net,0.0,Low
32.35,-155.1,2004,12,Pacific Ocean,Neuston net,0.0,Low
34.7917,31.5748,2014,8,Atlantic Ocean,Manta net,0.124855,High
43.079833,6.26915,2016,8,Atlantic Ocean,Manta net,0.416385,High
43.0325,6.252,2015,10,Atlantic Ocean,Manta net,0.977112,High
55.446167,-4.9365,2014,11,Atlantic Ocean,Neuston net,0.026032,Low
55.537167,-4.859167,2014,11,Atlantic Ocean,Neuston net,0.0,Low
18.46,-157.58,2008,5,Pacific Ocean,Neuston net,0.0108,Low
19.95,-156.16,2010,11,Pacific Ocean,Neuston net,0.0,Low
41.6075,7.4315,2012,8,Atlantic Ocean,Manta net,0.305976,High
47.3001,-122.5335,2014,12,Pacific Ocean,Grab sample,0.005,Low
44.55,-62.69,1990,8,Atlantic Ocean,Neuston net,0.0,Low
43.12,-64.76,1989,7,Atlantic Ocean,Neuston net,0.0,Low
42.93,-69.99,2007,7,Atlantic Ocean,Neuston net,0.0,Low
43.0098,4.3971,2010,8,Atlantic Ocean,Neuston net,0.09958,High
33.65,-65.63,1995,6,Atlantic Ocean,Neuston net,0.0,Low
41.08,-70.9,1991,6,Atlantic Ocean,Neuston net,0.00864,Low
40.25,-70.23,1994,6,Atlantic Ocean,Neuston net,0.0,Low
38.99,-65.09,2002,10,Atlantic Ocean,Neuston net,0.0,Low
41.0245,17.374167,2021,7,Atlantic Ocean,Manta net,0.137618,High
36.716517,2.788723,2018,11,Atlantic Ocean,Manta net,1.003069,High
28.615167,-72.5195,2021,5,Atlantic Ocean,Manta net,1.277268,High
36.84485,-132.94685,2015,9,Pacific Ocean,Manta net,1.511378,High
33.72,-65.38,1994,5,Atlantic Ocean,Neuston net,0.056948,Low
24.1,-82.08,2000,3,Atlantic Ocean,Neuston net,0.00648,Low
24.11,-83.36,2001,3,Atlantic Ocean,Neuston net,0.001272,Low
23.78,-75.08,1993,5,Atlantic Ocean,Neuston net,0.238356,High
23.23,-74.93,1996,2,Atlantic Ocean,Neuston net,0.030236,Low
20.92,-59.37,1998,11,Atlantic Ocean,Neuston net,0.00216,Low
26.78,-73.9,1992,2,Atlantic Ocean,Neuston net,0.280776,High
23.98,-81.64,2005,3,Atlantic Ocean,Neuston net,0.0,Low
26.31,-79.6,1997,3,Atlantic Ocean,Neuston net,0.00864,Low
27.7084,-82.6092,2016,8,Atlantic Ocean,Van Dorn sampler,0.0,Low
30.06,-75.7,1997,4,Atlantic Ocean,Neuston net,0.0054,Low
29.86,-77.94,2001,4,Atlantic Ocean,Neuston net,0.002056,Low
28.57,-77.2783,2014,4,Atlantic Ocean,Grab sample,0.015,Low
26.2,-78.25,1993,5,Atlantic Ocean,Neuston net,0.013644,Low
15.6498,-51.0078,2014,12,Atlantic Ocean,Grab sample,0.0,Low
27.0,-135.0,1972,10,Pacific Ocean,Neuston net,0.02,Low
20.15,-147.77,2005,12,Pacific Ocean,Neuston net,0.0,Low
23.15,-144.69,2007,2,Pacific Ocean,Neuston net,0.0,Low
28.04,-140.48,2009,5,Pacific Ocean,Neuston net,0.0,Low
27.33,-142.18,2006,12,Pacific Ocean,Neuston net,0.003324,Low
16.3,-85.9,2004,4,Atlantic Ocean,Neuston net,0.0,Low
15.47,-71.2,2003,12,Atlantic Ocean,Neuston net,0.018512,Low
18.2893,-64.277,2016,1,Atlantic Ocean,Grab sample,0.0,Low
17.97,-59.03,1993,11,Atlantic Ocean,Neuston net,0.0108,Low
15.4657,-54.9102,2014,12,Atlantic Ocean,Grab sample,0.025,Low
-26.7957,-29.097,2010,11,Atlantic Ocean,Neuston net,0.029624,Low
-8.99,-140.0,2003,3,Pacific Ocean,Neuston net,0.0,Low
-7.309898,-4.062083,2015,11,Atlantic Ocean,Intake seawater pump,0.5,High
-0.898,-89.6147,2016,6,Pacific Ocean,Grab sample,0.001,Low
16.85,-83.58,1996,2,Atlantic Ocean,Neuston net,0.0,Low
17.68,-80.64,2007,12,Atlantic Ocean,Neuston net,0.009244,Low
19.4577,-154.8418,2016,5,Pacific Ocean,Grab sample,0.0,Low
59.3787,-153.5209,2013,7,Pacific Ocean,Grab sample,0.001,Low
57.371,-7.766167,2018,1,Atlantic Ocean,Neuston net,0.0,Low
9.55,-155.93,2003,12,Pacific Ocean,Neuston net,0.0,Low
9.55,-155.93,2011,4,Pacific Ocean,Neuston net,0.0054,Low
11.09,-156.77,2006,2,Pacific Ocean,Neuston net,0.043196,Low
11.09,-156.77,2012,11,Pacific Ocean,Neuston net,0.027148,Low
14.71,-157.43,2012,11,Pacific Ocean,Neuston net,0.313264,High
41.403637,2.2193,2020,12,Atlantic Ocean,Manta net,2.480667,High
45.28,-58.22,2001,7,Atlantic Ocean,Neuston net,0.079912,Low
42.66,-69.58,2002,8,Atlantic Ocean,Neuston net,0.0,Low
43.2654,5.3486,2018,10,Atlantic Ocean,Manta net,0.04557,Low
42.9838,9.3248,2010,7,Atlantic Ocean,Neuston net,0.670899,High
58.456833,-5.9115,2014,1,Atlantic Ocean,Neuston net,0.043242,Low
39.03,-68.33,1992,10,Atlantic Ocean,Neuston net,0.0,Low
41.5,-70.63,1994,8,Atlantic Ocean,Neuston net,0.0,Low
36.87,-64.17,1993,10,Atlantic Ocean,Neuston net,0.01728,Low
36.72,-60.33,2005,10,Atlantic Ocean,Neuston net,0.011544,Low
36.731746,2.773019,2018,1,Atlantic Ocean,Manta net,0.757046,High
41.849824,3.147244,2021,2,Atlantic Ocean,Manta net,2.977333,High
31.69,-69.19,1996,5,Atlantic Ocean,Neuston net,0.038876,Low
35.7,-61.98,1989,10,Atlantic Ocean,Neuston net,0.299496,High
27.66,-71.12,2005,2,Atlantic Ocean,Neuston net,0.05554,Low
28.08,-70.37,1993,5,Atlantic Ocean,Neuston net,0.174948,High
27.52,-68.88,1990,5,Atlantic Ocean,Neuston net,0.01296,Low
25.98,-70.23,1991,4,Atlantic Ocean,Neuston net,0.0216,Low
29.96,-68.44,1992,5,Atlantic Ocean,Neuston net,0.0108,Low
21.12,-74.37,1997,4,Atlantic Ocean,Neuston net,0.0,Low
23.78,-59.05,2001,10,Atlantic Ocean,Neuston net,0.037796,Low
24.7657,-62.7221,2010,1,Atlantic Ocean,Neuston net,0.025173,Low
22.3494,-63.5046,2014,5,Atlantic Ocean,Grab sample,0.013,Low
25.25,-69.42,1990,4,Atlantic Ocean,Neuston net,0.00864,Low
26.5,-72.53,1993,5,Atlantic Ocean,Neuston net,0.07724,Low
25.18,-75.5,1991,4,Atlantic Ocean,Neuston net,0.025916,Low
26.33,-79.73,1992,4,Atlantic Ocean,Neuston net,0.004112,Low
27.66,-79.96,2008,2,Atlantic Ocean,Neuston net,0.0,Low
27.729,-82.4987,2017,4,Atlantic Ocean,Van Dorn sampler,0.0,Low
14.9766,-50.5562,2014,12,Atlantic Ocean,Grab sample,0.001,Low
14.3039,-59.8393,2014,12,Atlantic Ocean,Grab sample,0.006,Low
13.85,-61.07,1993,11,Atlantic Ocean,Neuston net,0.0,Low
18.2429,-29.1413,2014,12,Atlantic Ocean,Grab sample,0.011,Low
29.01001,-139.813,2015,7,Pacific Ocean,Manta net,0.81936,High
25.9,-77.65,1991,4,Atlantic Ocean,Neuston net,0.01512,Low
11.63,-62.25,1994,12,Atlantic Ocean,Neuston net,0.0,Low
14.62,-62.9,1994,12,Atlantic Ocean,Neuston net,0.0,Low
16.08,-59.95,1992,11,Atlantic Ocean,Neuston net,0.0,Low
14.7917,-55.6639,2014,12,Atlantic Ocean,Grab sample,0.002,Low
15.1785,-53.7555,2014,12,Atlantic Ocean,Grab sample,0.0,Low
-29.1922,-100.739,2011,4,Pacific Ocean,Manta net,0.559632,High
-13.21,-141.2,2003,4,Pacific Ocean,Neuston net,0.0,Low
-16.2545,-145.553,2016,8,Pacific Ocean,Manta net,0.0,Low
-23.729,-37.4867,2010,8,Atlantic Ocean,Neuston net,0.065742,Low
4.25,-125.433,1987,11,Pacific Ocean,Manta net,0.0,Low
19.8,-143.03,2007,10,Pacific Ocean,Neuston net,0.0,Low
9.55,-155.93,2004,5,Pacific Ocean,Neuston net,0.031496,Low
14.71,-157.43,2006,10,Pacific Ocean,Neuston net,0.0072,Low
23.65,-149.74,2012,6,Pacific Ocean,Neuston net,0.0,Low
27.7306,34.1927,2015,2,Indian Ocean,Grab sample,0.005,Low
33.47,-151.63,2012,10,Pacific Ocean,Neuston net,1.309736,High
43.210898,5.406395,2019,6,Atlantic Ocean,Manta net,0.209184,High
43.6134,7.7151,2014,6,Atlantic Ocean,Manta net,0.282401,High
58.475,-3.000333,2015,1,Atlantic Ocean,Neuston net,0.0,Low
56.011833,-3.099,2017,12,Atlantic Ocean,Neuston net,0.0,Low
75.698167,-65.011333,2021,8,Arctic Ocean,Manta net,0.03628,Low
-0.4,-152.9,2012,12,Pacific Ocean,Neuston net,0.001964,Low
39.64,-18.155,2014,8,Atlantic Ocean,Manta net,0.199134,High
43.49,-59.55,1997,7,Atlantic Ocean,Neuston net,0.0,Low
41.47,-70.52,1993,8,Atlantic Ocean,Neuston net,0.0,Low
40.73,-69.98,2008,7,Atlantic Ocean,Neuston net,0.001444,Low
40.89,-70.33,2004,8,Atlantic Ocean,Neuston net,0.0,Low
40.66,-70.96,2005,8,Atlantic Ocean,Neuston net,0.0,Low
37.8,-67.9,1993,10,Atlantic Ocean,Neuston net,0.0144,Low
31.98,-60.23,1994,10,Atlantic Ocean,Neuston net,0.107992,High
36.78,-68.72,2000,10,Atlantic Ocean,Neuston net,0.0216,Low
39.35,-68.48,1989,5,Atlantic Ocean,Neuston net,0.00648,Low
24.6667,-17.7,2014,11,Atlantic Ocean,Grab sample,0.037,Low
32.84,-147.81,2003,10,Pacific Ocean,Neuston net,0.0,Low
31.72,-144.77,2011,2,Pacific Ocean,Neuston net,0.0,Low
34.057,-141.4002,2009,8,Pacific Ocean,Manta net,0.83,High
36.697833,-145.119667,2015,8,Pacific Ocean,Manta net,7.903851,High
37.62775,-147.2708,2015,8,Pacific Ocean,Manta net,1.996085,High
29.45,-60.07,2007,10,Atlantic Ocean,Neuston net,0.003084,Low
28.17,-57.8,1992,10,Atlantic Ocean,Neuston net,0.00432,Low
20.57,-73.12,1997,4,Atlantic Ocean,Neuston net,0.01296,Low
28.67,-63.07,1995,10,Atlantic Ocean,Neuston net,0.043196,Low
28.33,-44.9782,2013,7,Atlantic Ocean,Neuston net,6.457159,High
20.6,-33.5167,2014,12,Atlantic Ocean,Grab sample,0.006,Low
24.52,-82.93,1998,1,Atlantic Ocean,Neuston net,0.00432,Low
24.01,-82.2,2008,12,Atlantic Ocean,Neuston net,0.007132,Low
25.38,-74.65,1992,4,Atlantic Ocean,Neuston net,0.0108,Low
22.47,-74.47,2001,2,Atlantic Ocean,Neuston net,0.0108,Low
25.35,-141.11,2009,11,Pacific Ocean,Neuston net,0.0,Low
30.983093,-141.2415,2015,8,Pacific Ocean,Manta net,6.950086,High
25.98,-76.2,1994,2,Atlantic Ocean,Neuston net,0.0036,Low
27.9185,-82.5379,2017,7,Atlantic Ocean,Van Dorn sampler,0.0,Low
16.58,-70.77,2004,12,Atlantic Ocean,Neuston net,0.0036,Low
18.03,-68.42,1989,12,Atlantic Ocean,Neuston net,0.0,Low
18.72,-64.64,2001,5,Atlantic Ocean,Neuston net,0.00216,Low
18.37,-64.13,2005,4,Atlantic Ocean,Neuston net,0.0,Low
16.1,-62.23,1997,12,Atlantic Ocean,Neuston net,0.0,Low
14.3023,-58.7245,2014,12,Atlantic Ocean,Grab sample,0.023,Low
17.94925,-76.82475,2017,11,Atlantic Ocean,Manta net,1.19,High
17.22,-81.83,1994,3,Atlantic Ocean,Neuston net,0.0,Low
16.41,-84.65,2000,12,Atlantic Ocean,Neuston net,0.00864,Low
11.4717,-86.1314,2014,1,Pacific Ocean,Grab sample,0.006,Low
14.17,-62.08,1991,2,Atlantic Ocean,Neuston net,0.00216,Low
-3.7023,-30.0677,2017,11,Atlantic Ocean,Intake seawater pump,16.0,High
3.48,-143.62,2009,7,Pacific Ocean,Neuston net,0.0,Low
19.62,-146.5,2012,7,Pacific Ocean,Neuston net,0.369644,High
19.8,-143.03,2007,3,Pacific Ocean,Neuston net,0.0,Low
16.97,-82.65,1994,4,Atlantic Ocean,Neuston net,0.0,Low
33.38,-156.38,2006,12,Pacific Ocean,Neuston net,0.0,Low
32.62765,-150.518,2015,8,Pacific Ocean,Manta net,3.504488,High
33.1,-149.63,2004,7,Pacific Ocean,Neuston net,0.00216,Low
36.17985,-153.7338,2015,8,Pacific Ocean,Manta net,0.563965,High
34.360313,-150.425565,2015,8,Pacific Ocean,Manta net,0.665633,High
15.94,-162.49,2007,12,Pacific Ocean,Neuston net,0.0,Low
42.43,-70.14,1998,6,Atlantic Ocean,Neuston net,0.006172,Low
42.8535,5.916167,2015,8,Atlantic Ocean,Manta net,0.200583,High
44.113,9.68065,2019,6,Atlantic Ocean,Manta net,0.876588,High
74.647833,-92.948333,2016,8,Arctic Ocean,Manta net,0.0,Low
19.95,-156.16,2009,12,Pacific Ocean,Neuston net,0.0,Low
20.35,-154.67,2004,4,Pacific Ocean,Neuston net,0.0,Low
52.3732,-131.356,2015,6,Pacific Ocean,Grab sample,0.001,Low
43.95,-57.26,1989,8,Atlantic Ocean,Neuston net,0.01728,Low
43.02,-60.73,2000,7,Atlantic Ocean,Neuston net,0.0,Low
45.05,-60.25,1998,7,Atlantic Ocean,Neuston net,0.00648,Low
35.15,-61.73,2004,10,Atlantic Ocean,Neuston net,0.00864,Low
37.524483,-0.7165,2014,5,Atlantic Ocean,Manta net,0.690494,High
36.3635,-4.835833,2021,4,Atlantic Ocean,Manta net,0.416761,High
38.4763,15.0934,2014,7,Atlantic Ocean,Manta net,2.762513,High
37.7341,3.8056,2014,9,Atlantic Ocean,Manta net,0.299882,High
40.988333,2.831667,2014,8,Atlantic Ocean,Manta net,2.670203,High
35.82,-65.81,1989,6,Atlantic Ocean,Neuston net,0.00648,Low
41.41,-70.88,1995,8,Atlantic Ocean,Neuston net,0.01296,Low
40.67,-70.52,1994,8,Atlantic Ocean,Neuston net,0.0,Low
40.3786,-71.1533,2018,5,Atlantic Ocean,Intake seawater pump,36.0,High
37.75,-67.62,2000,10,Atlantic Ocean,Neuston net,0.0,Low
32.2103,-130.245,2009,8,Pacific Ocean,Manta net,1.203,High
32.01,-66.6,2001,4,Atlantic Ocean,Neuston net,0.040112,Low
32.16,-64.88,1997,4,Atlantic Ocean,Neuston net,0.030236,Low
36.14,-63.92,2004,5,Atlantic Ocean,Neuston net,0.028796,Low
25.22,-68.4,1998,2,Atlantic Ocean,Neuston net,0.0,Low
27.62,-72.5,2000,6,Atlantic Ocean,Neuston net,1.465596,High
31.72,-144.77,2010,10,Pacific Ocean,Neuston net,0.0,Low
35.806,-139.7601,2009,8,Pacific Ocean,Manta net,4.155,High
38.0,-127.817,1972,5,Pacific Ocean,Neuston net,0.0,Low
35.3361,-129.8055,2010,10,Pacific Ocean,Manta net,0.053,Low
23.33,-74.62,1998,2,Atlantic Ocean,Neuston net,0.003928,Low
29.18,-61.13,1997,10,Atlantic Ocean,Neuston net,0.075592,Low
22.1,-69.2,2001,2,Atlantic Ocean,Neuston net,0.00864,Low
27.33,-142.18,2007,8,Pacific Ocean,Neuston net,0.003324,Low
16.54,-86.05,2001,3,Atlantic Ocean,Neuston net,0.00648,Low
16.7997,-87.8579,2015,3,Atlantic Ocean,Grab sample,0.002,Low
15.45,-70.82,1997,12,Atlantic Ocean,Neuston net,0.00864,Low
16.1,-73.79,2000,12,Atlantic Ocean,Neuston net,0.00216,Low
16.97,-61.91,2000,11,Atlantic Ocean,Neuston net,0.02376,Low
-32.9105,-84.4851,2011,3,Pacific Ocean,Neuston net,0.007571,Low
-34.333,-15.9772,2010,11,Atlantic Ocean,Neuston net,1.03176,High
-14.4675,-143.850333,2018,5,Pacific Ocean,Manta net,0.034178,Low
5.28,-146.64,2005,4,Pacific Ocean,Neuston net,0.0,Low
0.27,-127.68,2002,12,Pacific Ocean,Neuston net,0.0,Low
20.61,-155.0,2011,3,Pacific Ocean,Neuston net,0.0,Low
24.8516,-152.3562,2014,9,Pacific Ocean,Grab sample,0.005,Low
41.1557,-150.14325,2015,8,Pacific Ocean,Manta net,0.186791,High
31.8705,34.6625,2013,10,Atlantic Ocean,Manta net,0.796266,High
60.0442,-149.4409,2015,7,Pacific Ocean,Grab sample,0.007,Low
54.546833,-146.002,2019,3,Pacific Ocean,Neuston net,0.197789,High
57.6858,-2.0011,2015,1,Atlantic Ocean,Grab sample,0.0,Low
57.172,-1.823333,2018,1,Atlantic Ocean,Neuston net,0.005593,Low
6.42,-148.97,2007,12,Pacific Ocean,Neuston net,0.0,Low
7.43,-149.9,2010,7,Pacific Ocean,Neuston net,0.00648,Low
20.6,-154.81,2012,10,Pacific Ocean,Neuston net,4.726408,High
44.13,-68.82,1996,10,Atlantic Ocean,Neuston net,0.04612,Low
42.49,-69.48,2001,8,Atlantic Ocean,Neuston net,0.0,Low
43.48,-69.66,1992,5,Atlantic Ocean,Neuston net,0.0,Low
44.29785,9.149569,2018,9,Atlantic Ocean,Manta net,0.557809,High
42.17,-67.39,1992,8,Atlantic Ocean,Neuston net,0.00432,Low
40.5,-64.07,2001,6,Atlantic Ocean,Neuston net,0.018512,Low
39.133667,-30.372,2019,6,Atlantic Ocean,Manta net,0.058058,Low
38.418333,2.066667,2013,10,Atlantic Ocean,Manta net,1.092936,High
41.175724,1.526081,2021,1,Atlantic Ocean,Manta net,0.399333,High
32.12,-68.0,1996,5,Atlantic Ocean,Neuston net,0.043196,Low
35.6,-64.67,1995,5,Atlantic Ocean,Neuston net,0.00432,Low
35.47,-63.87,1992,5,Atlantic Ocean,Neuston net,0.02376,Low
36.23,-64.02,1991,10,Atlantic Ocean,Neuston net,0.092872,High
40.35,-69.23,2003,7,Atlantic Ocean,Neuston net,0.0,Low
24.89,-73.03,2000,4,Atlantic Ocean,Neuston net,0.064796,Low
29.76,-61.95,2002,5,Atlantic Ocean,Neuston net,0.023204,Low
20.9097,-35.0307,2014,11,Atlantic Ocean,Grab sample,0.021,Low
33.08,-147.02,2011,12,Pacific Ocean,Neuston net,0.0,Low
25.27,-77.23,1997,5,Atlantic Ocean,Neuston net,0.0,Low
25.48,-56.1,2005,10,Atlantic Ocean,Neuston net,0.024128,Low
20.22,-70.48,1990,4,Atlantic Ocean,Neuston net,0.00432,Low
25.3,-68.2,1999,2,Atlantic Ocean,Neuston net,0.01728,Low
26.05,-141.2,2004,3,Pacific Ocean,Neuston net,0.00648,Low
30.002517,-141.358,2015,8,Pacific Ocean,Manta net,6.136246,High
29.35,-78.98,1998,2,Atlantic Ocean,Neuston net,0.050404,Low
29.7,-76.98,1997,2,Atlantic Ocean,Neuston net,0.01944,Low
26.3583,-78.4833,2016,1,Atlantic Ocean,Grab sample,0.068,Low
27.9237,-82.4807,2017,7,Atlantic Ocean,Van Dorn sampler,4000.0,High
18.52,-59.56,2004,11,Atlantic Ocean,Neuston net,0.0,Low
27.8938,-131.25535,2015,9,Pacific Ocean,Manta net,1.977825,High
24.52,-148.47,2011,5,Pacific Ocean,Neuston net,0.0,Low
25.28,-147.0,2009,2,Pacific Ocean,Neuston net,2.712124,High
26.876733,-144.96945,2019,11,Pacific Ocean,Manta net,3.938291,High
26.21,-144.53,2006,5,Pacific Ocean,Neuston net,0.060476,Low
16.45,-79.18,1993,3,Atlantic Ocean,Neuston net,0.0,Low
16.25,-85.87,1987,3,Atlantic Ocean,Neuston net,0.0,Low
11.72,-67.75,1994,12,Atlantic Ocean,Neuston net,0.0,Low
15.33,-62.15,1993,12,Atlantic Ocean,Neuston net,0.0072,Low
15.37,-62.1,1993,12,Atlantic Ocean,Neuston net,0.038416,Low
-26.99475,-104.54404,2015,10,Pacific Ocean,AVANI net,0.02852,Low
-27.15432,-109.46261,2015,10,Pacific Ocean,AVANI net,0.09506,High
-34.678741,17.230938,2017,3,Atlantic Ocean,Neuston net,0.007988,Low
-30.934833,14.513833,2019,3,Atlantic Ocean,Manta net,0.07533,Low
2.19,-135.73,2008,6,Pacific Ocean,Neuston net,0.0,Low
18.27,-76.27,1994,2,Atlantic Ocean,Neuston net,0.0216,Low
51.4031,-30.1821,2015,8,Atlantic Ocean,Grab sample,0.01,Low
44.54368,-7.205424,2015,11,Atlantic Ocean,Intake seawater pump,1.0,High
56.984833,-6.517333,2016,1,Atlantic Ocean,Neuston net,0.099199,High
23.65,-149.74,2005,12,Pacific Ocean,Neuston net,0.0,Low
40.58,-157.79,2005,10,Pacific Ocean,Neuston net,0.043748,Low
40.16,-157.42,2003,7,Pacific Ocean,Neuston net,0.042284,Low
33.4238,-35.0883,2013,6,Atlantic Ocean,Neuston net,0.367589,High
39.286,19.847,2015,4,Atlantic Ocean,Manta net,0.576667,High
41.5305,5.151183,2018,5,Atlantic Ocean,Manta net,0.174134,High
44.14,-59.85,1999,7,Atlantic Ocean,Neuston net,0.0,Low
38.1414,-76.6133,2015,8,Atlantic Ocean,Grab sample,0.008,Low
37.45,-57.42,1991,10,Atlantic Ocean,Neuston net,0.007716,Low
28.98,-58.43,2002,10,Atlantic Ocean,Neuston net,0.028076,Low
21.68,-56.7,2002,11,Atlantic Ocean,Neuston net,0.00432,Low
20.98,-68.28,1991,12,Atlantic Ocean,Neuston net,0.0,Low
27.54,-64.44,2005,5,Atlantic Ocean,Neuston net,0.062636,Low
31.23,-73.62,2005,4,Atlantic Ocean,Neuston net,0.00216,Low
33.94,-142.0,2019,7,Pacific Ocean,Manta net,7.753387,High
24.37,-82.24,2003,1,Atlantic Ocean,Neuston net,0.0,Low
24.01,-82.07,2008,5,Atlantic Ocean,Neuston net,0.0,Low
25.6,-77.58,1993,3,Atlantic Ocean,Neuston net,0.0,Low
24.22,-74.4,1990,4,Atlantic Ocean,Neuston net,0.001168,Low
23.74,-74.7,1999,2,Atlantic Ocean,Neuston net,0.00648,Low
20.21,-79.82,2001,12,Atlantic Ocean,Neuston net,0.0,Low
26.25,-78.57,1993,2,Atlantic Ocean,Neuston net,0.0,Low
26.03,-79.58,1994,5,Atlantic Ocean,Neuston net,0.0,Low
25.93,-79.7,1996,2,Atlantic Ocean,Neuston net,0.02376,Low
27.9528,-82.6416,2016,10,Atlantic Ocean,Plankton net,2.3,High
27.5737,-82.6868,2017,6,Atlantic Ocean,Van Dorn sampler,1000.0,High
27.6081,-82.5712,2017,4,Atlantic Ocean,Van Dorn sampler,1000.0,High
18.3043,-45.5097,2014,12,Atlantic Ocean,Grab sample,0.022,Low
19.0,-43.95,2014,12,Atlantic Ocean,Grab sample,0.012,Low
25.35,-141.11,2008,10,Pacific Ocean,Neuston net,0.0,Low
24.03,-138.44,2005,12,Pacific Ocean,Neuston net,0.0,Low
23.15,-144.69,2008,10,Pacific Ocean,Neuston net,0.0,Low
24.28,-143.99,2011,2,Pacific Ocean,Neuston net,0.00216,Low
15.49,-58.88,1999,11,Atlantic Ocean,Neuston net,0.0216,Low
20.07,-57.93,2007,10,Atlantic Ocean,Neuston net,0.0036,Low
17.0717,-53.8258,2014,12,Atlantic Ocean,Grab sample,0.009,Low
12.63,-61.63,1996,12,Atlantic Ocean,Neuston net,0.0,Low
12.49,-61.68,1993,12,Atlantic Ocean,Neuston net,0.0,Low
11.87,-61.33,1995,11,Atlantic Ocean,Neuston net,0.007196,Low
17.4983,-87.8358,2014,3,Atlantic Ocean,Grab sample,0.0,Low
12.13,-62.2,1999,12,Atlantic Ocean,Neuston net,0.0018,Low
12.65,-62.57,1989,12,Atlantic Ocean,Neuston net,0.0,Low
14.17,-63.99,1998,12,Atlantic Ocean,Neuston net,0.0,Low
20.13,-71.87,1993,1,Atlantic Ocean,Neuston net,0.0,Low
-32.795,-32.393333,2019,2,Atlantic Ocean,Manta net,0.687988,High
-35.25027,13.067,2017,7,Atlantic Ocean,Neuston net,0.006382,Low
5.28,-146.64,2004,5,Pacific Ocean,Neuston net,0.112084,High
3.017,-117.033,1987,9,Pacific Ocean,Manta net,0.022,Low
19.24,-143.41,2005,2,Pacific Ocean,Neuston net,0.0,Low
88.04016,10.04138,2016,9,Arctic Ocean,CTD rosette sampler,21.0,High
7.43,-149.9,2009,4,Pacific Ocean,Neuston net,0.00648,Low
16.14,-157.92,2002,4,Pacific Ocean,Neuston net,0.0,Low
20.61,-155.0,2011,11,Pacific Ocean,Neuston net,0.0,Low
32.35,-155.1,2003,12,Pacific Ocean,Neuston net,0.0,Low
31.7495,34.5525,2014,8,Atlantic Ocean,Manta net,2.132038,High
42.35,-69.43,1997,7,Atlantic Ocean,Neuston net,0.0,Low
42.41,-70.6,2004,8,Atlantic Ocean,Neuston net,0.00648,Low
64.328167,-22.139667,2021,6,Atlantic Ocean,Manta net,0.649773,High
60.387167,-1.923,2014,1,Atlantic Ocean,Neuston net,0.023639,Low
57.965833,-5.779833,2020,1,Atlantic Ocean,Neuston net,0.009605,Low
33.919014,10.128889,2019,4,Atlantic Ocean,Manta net,3.378668,High
37.061167,12.1335,2020,11,Atlantic Ocean,Manta net,0.050022,Low
41.0169,11.5414,2014,10,Atlantic Ocean,Manta net,0.099286,High
42.37,-69.4,2006,7,Atlantic Ocean,Neuston net,0.0,Low
40.63,-71.0,1993,10,Atlantic Ocean,Neuston net,0.0,Low
40.43,-70.05,1995,10,Atlantic Ocean,Neuston net,0.0,Low
39.6,-70.47,2008,6,Atlantic Ocean,Neuston net,0.0,Low
38.27,-64.85,2002,5,Atlantic Ocean,Neuston net,0.0,Low
38.5197,-8.89348,2018,12,Atlantic Ocean,Neuston net,0.182944,High
40.038611,17.975556,2021,4,Atlantic Ocean,Manta net,0.082305,High
32.4368,-133.8719,2015,9,Pacific Ocean,Manta net,2.958448,High
32.9,-64.68,1987,6,Atlantic Ocean,Neuston net,0.064796,Low
41.92,-70.45,1996,8,Atlantic Ocean,Neuston net,0.0,Low
26.74,-58.88,2007,10,Atlantic Ocean,Neuston net,0.017292,Low
23.24,-57.67,2003,10,Atlantic Ocean,Neuston net,0.025916,Low
28.3556,-13.8777,2015,2,Atlantic Ocean,Grab sample,0.02,Low
33.08,-147.02,2012,10,Pacific Ocean,Neuston net,3.226456,High
37.5533,-140.9014,2015,8,Pacific Ocean,Manta net,5.809413,High
33.7467,-131.7753,2018,10,Pacific Ocean,Manta net,0.383834,High
21.08,-82.52,1999,1,Atlantic Ocean,Neuston net,0.00432,Low
25.31,-79.78,2001,2,Atlantic Ocean,Neuston net,0.0,Low
20.18,-79.84,1999,12,Atlantic Ocean,Neuston net,0.0,Low
30.97,-60.68,1986,10,Atlantic Ocean,Neuston net,0.071956,Low
24.3242,-110.3272,2015,11,Pacific Ocean,Grab sample,0.0,Low
26.0,-75.68,1994,3,Atlantic Ocean,Neuston net,0.025916,Low
26.22,-78.2,1995,1,Atlantic Ocean,Neuston net,0.0,Low
25.8,-79.73,1995,5,Atlantic Ocean,Neuston net,0.01728,Low
14.35,-62.47,1997,12,Atlantic Ocean,Neuston net,0.005404,Low
17.97,-64.61,1989,12,Atlantic Ocean,Neuston net,0.00432,Low
15.88,-53.5628,2014,11,Atlantic Ocean,Grab sample,0.003,Low
14.5411,-51.9311,2014,12,Atlantic Ocean,Grab sample,0.071,Low
24.52,-148.47,2010,10,Pacific Ocean,Neuston net,0.0,Low
26.21,-144.53,2005,7,Pacific Ocean,Neuston net,0.060476,Low
17.73,-75.85,1995,2,Atlantic Ocean,Neuston net,0.0,Low
16.8,-74.29,2004,12,Atlantic Ocean,Neuston net,0.009256,Low
17.35,-77.3,1991,3,Atlantic Ocean,Neuston net,0.00432,Low
17.1,-85.95,2003,4,Atlantic Ocean,Neuston net,0.00432,Low
11.04,-63.41,1998,12,Atlantic Ocean,Neuston net,0.00216,Low
-26.642333,-106.676667,2016,5,Pacific Ocean,Manta net,0.160535,High
-14.39,-146.61,2002,2,Pacific Ocean,Neuston net,0.00216,Low
3.78,-144.02,2002,3,Pacific Ocean,Neuston net,0.0,Low
2.19,-135.73,2007,7,Pacific Ocean,Neuston net,0.0,Low
0.183,-105.55,1987,9,Pacific Ocean,Manta net,0.0,Low
19.43,-145.47,2004,4,Pacific Ocean,Neuston net,0.0,Low
40.58,-157.79,2006,11,Pacific Ocean,Neuston net,0.043748,Low
-37.4152,-12.4744,2017,1,Atlantic Ocean,Grab sample,0.001,Low
-22.513,-151.3205,2016,6,Pacific Ocean,Manta net,0.011762,Low
-15.91,-148.58,2002,2,Pacific Ocean,Neuston net,0.0,Low
11.09,-156.77,2007,4,Pacific Ocean,Neuston net,0.043196,Low
16.28,-160.37,2010,6,Pacific Ocean,Neuston net,0.0,Low
33.110395,-153.10956,2015,8,Pacific Ocean,Manta net,1.407189,High
57.767333,-2.150667,2021,1,Atlantic Ocean,Neuston net,0.0,Low
56.166333,-6.064333,2021,1,Atlantic Ocean,Neuston net,0.046953,Low
56.068667,-2.299333,2020,1,Atlantic Ocean,Neuston net,0.031503,Low
42.33,-70.78,1992,7,Atlantic Ocean,Neuston net,0.0,Low
42.1,-70.4,2006,9,Atlantic Ocean,Neuston net,0.00432,Low
35.05,-59.25,1992,10,Atlantic Ocean,Neuston net,0.045592,Low
40.514333,-8.858333,2015,8,Atlantic Ocean,Manta net,0.12053,High
36.536667,-1.026667,2014,8,Atlantic Ocean,Manta net,0.110063,High
32.43,-75.63,1996,5,Atlantic Ocean,Neuston net,0.00648,Low
32.67,-64.62,1997,10,Atlantic Ocean,Neuston net,0.095032,High
26.3433,-20.9633,2014,11,Atlantic Ocean,Grab sample,0.019,Low
27.3182,-16.0608,2014,11,Atlantic Ocean,Grab sample,0.021,Low
34.065,-141.8314,2009,8,Pacific Ocean,Manta net,14.753,High
35.9848,-139.9853,2009,9,Pacific Ocean,Neuston net,2.164778,High
37.2971,-140.7126,2009,8,Pacific Ocean,Manta net,0.691,High
23.46,-58.83,2000,11,Atlantic Ocean,Neuston net,0.0216,Low
20.24,-71.71,2001,3,Atlantic Ocean,Neuston net,0.038876,Low
26.85,-68.22,1998,2,Atlantic Ocean,Neuston net,0.02376,Low
30.67,-69.27,1987,4,Atlantic Ocean,Neuston net,0.043196,Low
30.94,-69.19,1997,4,Atlantic Ocean,Neuston net,0.066956,Low
24.3061,-18.1438,2014,11,Atlantic Ocean,Grab sample,0.003,Low
24.42,-83.35,1993,1,Atlantic Ocean,Neuston net,0.0,Low
23.15,-144.69,2007,8,Pacific Ocean,Neuston net,0.0,Low
25.68,-143.09,2012,1,Pacific Ocean,Neuston net,0.0,Low
16.73,-63.68,1992,11,Atlantic Ocean,Neuston net,0.0,Low
14.96,-62.06,2006,11,Atlantic Ocean,Neuston net,0.0,Low
16.81,-60.17,2000,11,Atlantic Ocean,Neuston net,0.0108,Low
13.72,-60.68,1992,11,Atlantic Ocean,Neuston net,0.0,Low
16.3997,-28.7435,2014,11,Atlantic Ocean,Grab sample,0.033,Low
24.03,-138.44,2007,2,Pacific Ocean,Neuston net,0.0,Low
10.45,-64.35,1997,12,Atlantic Ocean,Neuston net,0.0,Low
13.32,-69.8,1997,12,Atlantic Ocean,Neuston net,0.0,Low
17.24,-74.22,2000,12,Atlantic Ocean,Neuston net,0.004048,Low
19.35,-68.92,2006,12,Atlantic Ocean,Neuston net,0.0018,Low
18.17,-64.72,1991,11,Atlantic Ocean,Neuston net,0.0,Low
17.47,-79.6,2000,12,Atlantic Ocean,Neuston net,0.00648,Low
17.85,-77.68,1992,3,Atlantic Ocean,Neuston net,0.0,Low
17.949806,-76.820278,2017,9,Atlantic Ocean,Manta net,1.22,High
16.79,-76.84,2000,12,Atlantic Ocean,Neuston net,0.0,Low
17.32,-78.5,1991,12,Atlantic Ocean,Neuston net,0.0,Low
16.18,-85.55,2006,4,Atlantic Ocean,Neuston net,0.0216,Low
3.2,-107.266,2000,9,Pacific Ocean,Manta net,0.033,Low
19.43,-145.47,2003,11,Pacific Ocean,Neuston net,0.036716,Low
16.67,-79.33,2006,4,Atlantic Ocean,Neuston net,0.0,Low
18.1,-83.08,2002,4,Atlantic Ocean,Neuston net,0.01152,Low
10.56,-64.31,1999,12,Atlantic Ocean,Neuston net,0.006172,Low
14.95,-60.43,1995,11,Atlantic Ocean,Neuston net,0.0,Low
74.84,-151.12,2017,9,Arctic Ocean,Manta net,0.086,High
82.7728,18.8161,2016,9,Arctic Ocean,Intake seawater pump,0.5,High
87.6096,6.37678,2016,9,Arctic Ocean,Intake seawater pump,0.0,Low
13.69,-156.87,2010,11,Pacific Ocean,Neuston net,0.018584,Low
12.52,-156.96,2008,6,Pacific Ocean,Neuston net,0.0072,Low
16.28,-160.37,2010,11,Pacific Ocean,Neuston net,0.0,Low
16.88,-159.15,2012,7,Pacific Ocean,Neuston net,0.029688,Low
42.2428,8.5225,2010,8,Atlantic Ocean,Neuston net,0.127594,High
53.31,-135.67,2002,7,Pacific Ocean,Neuston net,0.0,Low
60.1536,-147.3296,2015,12,Pacific Ocean,Grab sample,0.016,Low
57.743333,-2.615333,2019,1,Atlantic Ocean,Neuston net,0.003574,Low
57.261167,-1.984,2014,5,Atlantic Ocean,Neuston net,0.0,Low
40.13,-69.95,1995,7,Atlantic Ocean,Neuston net,0.0,Low
40.03,-71.06,2008,10,Atlantic Ocean,Neuston net,0.0,Low
31.37,-59.93,1997,10,Atlantic Ocean,Neuston net,0.01512,Low
37.729,12.335,2013,6,Atlantic Ocean,Neuston net,0.282678,High
38.87,4.353333,2011,9,Atlantic Ocean,Manta net,0.542422,High
38.632,10.684,2013,6,Atlantic Ocean,Neuston net,1.768116,High
40.74,-71.68,2008,9,Atlantic Ocean,Neuston net,0.0024,Low
42.21,-70.19,2007,7,Atlantic Ocean,Neuston net,0.0,Low
41.49,-69.35,2007,7,Atlantic Ocean,Neuston net,0.004632,Low
31.998633,-135.1255,2015,8,Pacific Ocean,Manta net,7.197871,High
31.27,-72.76,2000,4,Atlantic Ocean,Neuston net,0.0,Low
29.14,-71.19,1990,4,Atlantic Ocean,Neuston net,0.0,Low
30.25,-73.59,1997,4,Atlantic Ocean,Neuston net,0.02376,Low
33.489333,-143.100333,2019,12,Pacific Ocean,Manta net,3.417758,High
32.015833,-136.70005,2015,8,Pacific Ocean,Manta net,12.438422,High
37.47505,-131.48945,2015,9,Pacific Ocean,Manta net,0.844273,High
27.97,-58.6,1997,11,Atlantic Ocean,Neuston net,0.176416,High
21.67,-60.02,1998,10,Atlantic Ocean,Neuston net,0.028076,Low
22.03,-60.0,1996,11,Atlantic Ocean,Neuston net,0.01512,Low
25.33,-59.96,1996,10,Atlantic Ocean,Neuston net,0.230216,High
30.187,-85.7308,2014,4,Atlantic Ocean,Grab sample,0.019,Low
28.54,-140.09,2011,10,Pacific Ocean,Neuston net,0.0,Low
29.15,-79.77,2000,4,Atlantic Ocean,Neuston net,0.001964,Low
26.95,-79.25,2005,3,Atlantic Ocean,Neuston net,0.064796,Low
27.09,-79.73,2001,3,Atlantic Ocean,Neuston net,0.0,Low
19.29,-59.61,1998,11,Atlantic Ocean,Neuston net,0.0216,Low
12.7,-60.79,1998,11,Atlantic Ocean,Neuston net,0.00216,Low
11.38,-59.92,1993,11,Atlantic Ocean,Neuston net,0.0,Low
24.28,-143.99,2009,5,Pacific Ocean,Neuston net,0.00216,Low
25.68,-143.09,2011,10,Pacific Ocean,Neuston net,0.0,Low
27.488783,-144.98985,2019,11,Pacific Ocean,Manta net,1.415723,High
-14.28853,-0.90514,2016,12,Atlantic Ocean,Neuston net,0.0,Low
-3.99,-142.07,2003,4,Pacific Ocean,Neuston net,0.0,Low
-6.08,-147.02,2012,12,Pacific Ocean,Neuston net,0.0,Low
-10.8,-139.91,2012,12,Pacific Ocean,Neuston net,0.0,Low
-3.85484,-9.30984,2016,12,Atlantic Ocean,Neuston net,0.0,Low
8.19,-145.47,2003,4,Pacific Ocean,Neuston net,0.002,Low
16.88,-159.15,2012,10,Pacific Ocean,Neuston net,5.661444,High
14.62,-152.27,2003,2,Pacific Ocean,Neuston net,0.0,Low
56.01535,-4.871667,2017,11,Atlantic Ocean,Neuston net,0.0,Low
56.023167,-3.5375,2017,12,Atlantic Ocean,Neuston net,0.0,Low
7.43,-149.9,2008,11,Pacific Ocean,Neuston net,0.00648,Low
13.69,-156.87,2011,4,Pacific Ocean,Neuston net,0.018584,Low
12.52,-156.96,2008,11,Pacific Ocean,Neuston net,0.0072,Low
16.28,-160.37,2011,4,Pacific Ocean,Neuston net,0.0,Low
49.773333,-144.5225,2019,3,Pacific Ocean,Neuston net,0.021286,Low
44.08,-61.99,2005,7,Atlantic Ocean,Neuston net,0.00216,Low
47.89658,-9.026751,2020,11,Atlantic Ocean,Manta net,0.421108,High
44.364776,-21.876063,2020,11,Atlantic Ocean,Manta net,0.211942,High
42.377821,3.158952,2021,4,Atlantic Ocean,Manta net,0.245333,High
54.556083,-143.001917,2019,3,Pacific Ocean,Neuston net,0.0,Low
39.65,-69.13,1994,8,Atlantic Ocean,Neuston net,0.0,Low
42.08,-63.42,2001,7,Atlantic Ocean,Neuston net,0.0024,Low
38.43987,-9.09325,2018,10,Atlantic Ocean,Neuston net,0.078107,Low
33.770319,10.253245,2019,11,Atlantic Ocean,Manta net,0.089993,High
41.465446,2.282388,2021,4,Atlantic Ocean,Manta net,2.036,High
41.389383,2.203525,2021,2,Atlantic Ocean,Manta net,3.243333,High
33.0,-62.5,2001,10,Atlantic Ocean,Neuston net,0.062636,Low
35.63,-62.01,1999,10,Atlantic Ocean,Neuston net,0.01296,Low
40.73,-69.88,2002,7,Atlantic Ocean,Neuston net,0.0,Low
40.3,-69.77,1989,10,Atlantic Ocean,Neuston net,0.0,Low
31.14,-66.25,1999,4,Atlantic Ocean,Neuston net,0.0108,Low
20.3775,-40.3907,2014,12,Atlantic Ocean,Grab sample,0.033,Low
22.07,-59.27,1992,10,Atlantic Ocean,Neuston net,0.00432,Low
22.57,-64.8,1999,5,Atlantic Ocean,Neuston net,0.032396,Low
20.8,-68.79,1999,2,Atlantic Ocean,Neuston net,0.610152,High
23.24,-73.25,2008,3,Atlantic Ocean,Neuston net,0.021528,Low
23.22,-71.22,1997,2,Atlantic Ocean,Neuston net,0.013744,Low
28.17,-70.99,1999,4,Atlantic Ocean,Neuston net,0.02376,Low
24.02,-80.88,1997,5,Atlantic Ocean,Neuston net,0.0018,Low
29.4,-59.07,2001,10,Atlantic Ocean,Neuston net,0.104392,High
22.76,-141.69,2005,7,Pacific Ocean,Neuston net,0.0,Low
25.68,-143.09,2011,5,Pacific Ocean,Neuston net,0.0,Low
29.000848,-141.6045,2015,7,Pacific Ocean,Manta net,3.472031,High
28.54,-140.09,2011,5,Pacific Ocean,Neuston net,0.0,Low
28.990018,-143.5385,2015,7,Pacific Ocean,Manta net,0.636328,High
27.12,-83.27,1996,3,Atlantic Ocean,Neuston net,0.0,Low
15.89,-69.58,2007,12,Atlantic Ocean,Neuston net,0.00556,Low
19.97,-69.03,1997,2,Atlantic Ocean,Neuston net,0.0,Low
19.32,-65.08,1999,5,Atlantic Ocean,Neuston net,0.012,Low
27.3857,-130.72035,2015,9,Pacific Ocean,Manta net,2.893381,High
0.956002,-15.556694,2015,11,Atlantic Ocean,Intake seawater pump,2.5,High
7.183664,-19.193286,2015,11,Atlantic Ocean,Intake seawater pump,0.5,High
20.02,-80.17,1991,3,Atlantic Ocean,Neuston net,0.0,Low
17.06,-76.08,2007,12,Atlantic Ocean,Neuston net,0.0,Low
-32.4768,-29.7142,2011,1,Atlantic Ocean,Neuston net,2.163984,High
5.355,-130.105,2017,4,Pacific Ocean,Manta net,0.02046,Low
10.2884,-109.2038,2016,3,Pacific Ocean,Grab sample,0.001,Low
19.1,-74.37,2000,3,Atlantic Ocean,Neuston net,0.02,Low
17.67,-80.58,1995,3,Atlantic Ocean,Neuston net,0.0,Low
12.52,-156.96,2009,3,Pacific Ocean,Neuston net,0.0072,Low
16.88,-159.15,2011,11,Pacific Ocean,Neuston net,0.0,Low
36.4245,-148.8456,2015,8,Pacific Ocean,Manta net,17.37797,High
40.16,-157.42,2003,12,Pacific Ocean,Neuston net,0.0,Low
57.7,-5.844667,2014,1,Atlantic Ocean,Neuston net,0.012492,Low
56.198333,-4.753333,2018,10,Atlantic Ocean,Neuston net,0.583215,High
57.3629,11.0655,2018,6,Atlantic Ocean,Intake seawater pump,63.0,High
64.0445,9.583167,2020,6,Arctic Ocean,Manta net,0.030121,Low
80.9713,8.02501,2016,8,Arctic Ocean,Intake seawater pump,7.5,High
6.42,-148.97,2006,11,Pacific Ocean,Neuston net,0.0,Low
42.2383,8.3221,2014,10,Atlantic Ocean,Manta net,3.546349,High
40.910469,0.833376,2021,2,Atlantic Ocean,Manta net,0.190667,High
43.96,-64.33,2002,6,Atlantic Ocean,Neuston net,0.0,Low
42.82,-65.4,1989,8,Atlantic Ocean,Neuston net,0.00432,Low
42.88,-70.38,1998,7,Atlantic Ocean,Neuston net,0.0,Low
39.1,-69.52,1992,6,Atlantic Ocean,Neuston net,0.028076,Low
42.07,-70.52,1993,9,Atlantic Ocean,Neuston net,0.0,Low
39.7,-69.75,1996,8,Atlantic Ocean,Neuston net,0.0,Low
36.99625,-0.63875,2013,8,Atlantic Ocean,Manta net,0.338094,High
32.4016,-119.9682,2009,8,Pacific Ocean,Manta net,0.035,Low
31.57,-67.18,1992,5,Atlantic Ocean,Neuston net,0.030236,Low
32.2489,-64.8333,2014,6,Atlantic Ocean,Grab sample,0.005,Low
38.2,-68.85,1995,10,Atlantic Ocean,Neuston net,0.064796,Low
24.27,-72.9,1994,4,Atlantic Ocean,Neuston net,0.01944,Low
27.51,-69.33,2001,4,Atlantic Ocean,Neuston net,0.009,Low
29.83,-70.88,1991,5,Atlantic Ocean,Neuston net,0.081028,High
20.7311,-23.6322,2014,11,Atlantic Ocean,Grab sample,0.011,Low
38.5759,-134.14955,2015,8,Pacific Ocean,Manta net,1.232119,High
31.61485,-134.05885,2015,9,Pacific Ocean,Manta net,0.600369,High
24.79,-79.72,2005,2,Atlantic Ocean,Neuston net,0.005892,Low
25.27,-65.59,2007,5,Atlantic Ocean,Neuston net,0.06154,Low
21.53,-65.82,2001,5,Atlantic Ocean,Neuston net,0.064796,Low
20.93,-73.74,2000,5,Atlantic Ocean,Neuston net,0.015708,Low
27.53,-76.0,2006,2,Atlantic Ocean,Neuston net,0.018,Low
26.4443,-82.0791,2015,3,Atlantic Ocean,Grab sample,0.001,Low
25.28,-147.0,2008,5,Pacific Ocean,Neuston net,2.712124,High
29.37,-139.91,2012,10,Pacific Ocean,Neuston net,0.19164,High
24.301,-111.7071,2015,4,Pacific Ocean,Grab sample,0.014,Low
23.05,-108.68,2002,11,Pacific Ocean,Neuston net,0.0,Low
22.97,-110.49,2001,10,Pacific Ocean,Neuston net,0.0,Low
11.86,-67.63,1998,12,Atlantic Ocean,Neuston net,0.0,Low
11.98,-64.02,1997,12,Atlantic Ocean,Neuston net,0.0,Low
14.98,-58.29,2003,11,Atlantic Ocean,Neuston net,0.0,Low
13.15,-61.28,1996,12,Atlantic Ocean,Neuston net,0.00432,Low
22.76,-141.69,2005,2,Pacific Ocean,Neuston net,0.0,Low
24.28,-143.99,2010,10,Pacific Ocean,Neuston net,0.00216,Low
-26.5353,-114.8312,2011,4,Pacific Ocean,Manta net,0.254525,High
-14.55,-147.82,2002,2,Pacific Ocean,Neuston net,0.0,Low
-23.862833,-122.293167,2016,5,Pacific Ocean,Manta net,0.075994,Low
-0.98,-93.76,2001,12,Pacific Ocean,Neuston net,0.0,Low
1.5,-90.5,2017,10,Pacific Ocean,Plankton net,0.46,High
7.4795,-82.2342,2016,6,Pacific Ocean,Grab sample,0.005,Low
16.88,-159.15,2012,3,Pacific Ocean,Neuston net,0.0,Low
27.20655,-152.87545,2015,8,Pacific Ocean,Manta net,0.223018,High
40.16,-157.42,2004,5,Pacific Ocean,Neuston net,0.0,Low
31.8705,34.6625,2014,12,Atlantic Ocean,Manta net,7.468237,High
32.0113,-165.4,2008,1,Pacific Ocean,Neuston net,0.238339,High
55.224167,-5.5325,2020,1,Atlantic Ocean,Neuston net,0.020866,Low
-37.3127,-12.662,2017,1,Atlantic Ocean,Grab sample,0.0,Low
6.42,-148.97,2007,5,Pacific Ocean,Neuston net,0.0,Low
12.52,-156.96,2009,7,Pacific Ocean,Neuston net,0.0072,Low
42.44,-69.99,2006,8,Atlantic Ocean,Neuston net,0.0,Low
43.3125,7.035,2013,7,Atlantic Ocean,Manta net,0.96326,High
43.023,6.221333,2015,10,Atlantic Ocean,Manta net,0.018044,Low
42.836583,10.46935,2018,5,Atlantic Ocean,Manta net,0.249738,High
57.943833,-3.223,2022,1,Atlantic Ocean,Neuston net,0.0,Low
58.579167,-6.222833,2021,1,Atlantic Ocean,Neuston net,0.030151,Low
37.595333,15.204667,2021,7,Atlantic Ocean,Manta net,0.498871,High
45.768667,-129.335167,2019,11,Pacific Ocean,Manta net,0.266492,High
42.88,-69.9,2000,8,Atlantic Ocean,Neuston net,0.0,Low
40.84,-70.51,1997,8,Atlantic Ocean,Neuston net,0.0,Low
41.45,-65.98,1987,6,Atlantic Ocean,Neuston net,0.0,Low
41.02,-65.95,1994,7,Atlantic Ocean,Neuston net,0.0,Low
38.2,-60.9,1992,10,Atlantic Ocean,Neuston net,0.0,Low
36.589733,-6.5741,2014,8,Atlantic Ocean,Manta net,0.125369,High
38.259167,15.081667,2021,9,Atlantic Ocean,Manta net,0.78763,High
34.0529,-142.0422,2009,8,Pacific Ocean,Manta net,2.338,High
34.8136,-139.8794,2009,8,Pacific Ocean,Manta net,7.717,High
40.88055,-146.87765,2015,8,Pacific Ocean,Manta net,0.402879,High
39.98695,-130.389,2015,8,Pacific Ocean,Manta net,0.640253,High
24.39,-82.04,2004,1,Atlantic Ocean,Neuston net,0.0,Low
25.67,-75.53,1996,4,Atlantic Ocean,Neuston net,0.01296,Low
27.63,-61.25,2000,10,Atlantic Ocean,Neuston net,0.0,Low
28.62,-71.67,1998,2,Atlantic Ocean,Neuston net,0.045356,Low
28.734,-13.83,2020,11,Atlantic Ocean,Manta net,0.251139,High
25.6958,-16.8288,2014,11,Atlantic Ocean,Grab sample,0.046,Low
28.54,-140.09,2012,1,Pacific Ocean,Neuston net,0.0,Low
21.7932,-105.8398,2015,4,Pacific Ocean,Grab sample,0.003,Low
26.18,-79.45,2004,3,Atlantic Ocean,Neuston net,0.00432,Low
11.72,-61.9,1992,11,Atlantic Ocean,Neuston net,0.0,Low
16.35,-31.3,2014,11,Atlantic Ocean,Grab sample,0.004,Low
16.46,-46.59,2014,12,Atlantic Ocean,Grab sample,0.018,Low
22.76,-141.69,2004,10,Pacific Ocean,Neuston net,0.0,Low
24.28,-143.99,2009,10,Pacific Ocean,Neuston net,0.00216,Low
26.21,-144.53,2007,2,Pacific Ocean,Neuston net,0.060476,Low
16.87,-86.72,1991,12,Atlantic Ocean,Neuston net,0.0,Low
17.0,-65.25,2006,12,Atlantic Ocean,Neuston net,0.0108,Low
19.88,-59.07,1994,10,Atlantic Ocean,Neuston net,0.01944,Low
13.05,-61.3,1991,11,Atlantic Ocean,Neuston net,0.0,Low
12.9,-61.55,2000,11,Atlantic Ocean,Neuston net,0.0216,Low
11.72,-61.25,1995,11,Atlantic Ocean,Neuston net,0.0,Low
19.37,-74.52,1997,12,Atlantic Ocean,Neuston net,0.0,Low
18.96,-76.96,2000,12,Atlantic Ocean,Neuston net,0.01296,Low
18.55,-75.03,1998,4,Atlantic Ocean,Neuston net,0.0,Low
16.74,-83.72,1987,12,Atlantic Ocean,Neuston net,0.0108,Low
-33.6899,-72.0005,2011,2,Pacific Ocean,Neuston net,0.015594,Low
-34.1586,4.8587,2010,12,Atlantic Ocean,Neuston net,0.162885,High
2.79,-143.0,2002,3,Pacific Ocean,Neuston net,0.0,Low
-1.5,-92.0,2017,10,Pacific Ocean,Plankton net,0.42,High
18.78,-77.71,2000,12,Atlantic Ocean,Neuston net,0.113392,High
18.43,-74.55,1997,12,Atlantic Ocean,Neuston net,0.0,Low
55.9655,-4.787333,2017,11,Atlantic Ocean,Neuston net,0.0,Low
14.71,-157.43,2003,12,Pacific Ocean,Neuston net,0.0,Low
16.28,-160.37,2008,11,Pacific Ocean,Neuston net,0.0,Low
18.46,-157.58,2012,10,Pacific Ocean,Neuston net,2.275144,High
32.35,-155.1,2010,7,Pacific Ocean,Neuston net,0.0,Low
33.35,-150.87,2005,5,Pacific Ocean,Neuston net,0.0,Low
47.3421,-122.776,2014,11,Pacific Ocean,Grab sample,0.002,Low
43.39,-68.81,1992,8,Atlantic Ocean,Neuston net,0.01296,Low
45.795133,4.990917,2018,8,Atlantic Ocean,Manta net,0.155531,High
63.721167,-51.620167,2021,7,Arctic Ocean,Manta net,0.0,Low
56.159833,-4.801667,2021,9,Atlantic Ocean,Neuston net,0.0,Low
39.855,19.341,2015,4,Atlantic Ocean,Manta net,0.266667,High
35.7053,14.8884,2014,8,Atlantic Ocean,Manta net,1.218947,High
39.143,1.398667,2012,8,Atlantic Ocean,Manta net,0.956359,High
40.012667,11.417333,2021,7,Atlantic Ocean,Manta net,0.30879,High
41.445167,4.416167,2014,5,Atlantic Ocean,Manta net,14.137286,High
37.97,-73.12,2006,6,Atlantic Ocean,Neuston net,0.0,Low
42.32,-70.27,2003,7,Atlantic Ocean,Neuston net,0.00864,Low
40.8,-70.12,1994,7,Atlantic Ocean,Neuston net,0.0,Low
42.24,-63.21,1999,7,Atlantic Ocean,Neuston net,0.0,Low
39.29,-65.69,1991,10,Atlantic Ocean,Neuston net,0.0024,Low
38.46124,-8.99428,2018,8,Atlantic Ocean,Neuston net,0.23359,High
33.54,-65.63,1987,4,Atlantic Ocean,Neuston net,0.052796,Low
35.8035,-139.9833,2009,8,Pacific Ocean,Manta net,2.928,High
35.319,-132.9537,2015,9,Pacific Ocean,Manta net,0.678457,High
24.1,-81.77,1993,1,Atlantic Ocean,Neuston net,0.0,Low
25.35,-79.81,2003,3,Atlantic Ocean,Neuston net,0.0108,Low
22.68,-74.55,1993,12,Atlantic Ocean,Neuston net,0.0,Low
28.72,-61.33,2001,4,Atlantic Ocean,Neuston net,0.692944,High
31.17,-64.9,1998,4,Atlantic Ocean,Neuston net,0.0,Low
28.47,-73.05,1998,2,Atlantic Ocean,Neuston net,0.00432,Low
29.998983,-136.076,2015,8,Pacific Ocean,Manta net,4.653116,High
24.37,-147.78,2011,10,Pacific Ocean,Neuston net,0.892728,High
26.14,-143.12,2007,2,Pacific Ocean,Neuston net,0.0,Low
29.37,-77.36,2001,4,Atlantic Ocean,Neuston net,0.0,Low
29.78,-80.52,2005,3,Atlantic Ocean,Neuston net,0.0032,Low
18.52,-60.49,1996,11,Atlantic Ocean,Neuston net,0.0,Low
18.13,-61.15,2006,10,Atlantic Ocean,Neuston net,0.00216,Low
15.2898,-54.2092,2014,12,Atlantic Ocean,Grab sample,0.038,Low
13.08,-61.35,1999,12,Atlantic Ocean,Neuston net,0.0,Low
18.0665,-35.9566,2014,12,Atlantic Ocean,Grab sample,0.016,Low
18.3,-48.1,2014,12,Atlantic Ocean,Grab sample,0.007,Low
17.17,-74.75,1994,12,Atlantic Ocean,Neuston net,0.00288,Low
16.81,-74.92,2007,12,Atlantic Ocean,Neuston net,0.183528,High
17.23,-80.32,1996,2,Atlantic Ocean,Neuston net,0.00432,Low
14.06,-63.67,2004,12,Atlantic Ocean,Neuston net,0.0216,Low
17.98,-63.98,1990,1,Atlantic Ocean,Neuston net,0.00432,Low
17.67,-63.58,1995,12,Atlantic Ocean,Neuston net,0.0,Low
-29.9482,-20.712,2011,1,Atlantic Ocean,Neuston net,1.084698,High
-11.66,-141.92,2002,2,Pacific Ocean,Neuston net,0.0,Low
4.146767,-27.815967,2017,11,Atlantic Ocean,Manta net,0.01334,Low
19.24,-143.41,2003,11,Pacific Ocean,Neuston net,0.0,Low
17.98,-79.2,1995,3,Atlantic Ocean,Neuston net,0.0,Low
17.27,-76.75,2006,4,Atlantic Ocean,Neuston net,0.032396,Low
54.827167,-5.226333,2016,1,Atlantic Ocean,Neuston net,0.120435,High
56.0425,-4.897,2018,10,Atlantic Ocean,Neuston net,0.102082,High
88.6113,-121.77868,2016,8,Arctic Ocean,CTD rosette sampler,0.0,Low
8.38,-151.97,2005,4,Pacific Ocean,Neuston net,0.003456,Low
11.44,-156.82,2010,7,Pacific Ocean,Neuston net,0.00432,Low
37.5,25.4,2015,6,Atlantic Ocean,Manta net,0.133333,High
41.7705,8.5923,2014,10,Atlantic Ocean,Manta net,1.424415,High
41.058333,8.106667,2011,9,Atlantic Ocean,Manta net,0.543099,High
42.78,-66.57,1992,5,Atlantic Ocean,Neuston net,0.0,Low
45.336667,13.318833,2021,6,Atlantic Ocean,Manta net,0.298631,High
56.784667,-145.950083,2019,2,Pacific Ocean,Neuston net,0.009593,Low
56.8385,-2.1295,2022,1,Atlantic Ocean,Neuston net,0.040177,Low
40.83,-65.51,1999,10,Atlantic Ocean,Neuston net,0.00432,Low
31.38,-57.07,2003,10,Atlantic Ocean,Neuston net,0.0216,Low
33.0022,-41.2924,2013,6,Atlantic Ocean,Neuston net,2.617408,High
37.74,-0.085,2018,6,Atlantic Ocean,Manta net,0.1275,High
35.447,-22.172667,2014,7,Atlantic Ocean,Manta net,1.083789,High
38.859333,15.936,2021,9,Atlantic Ocean,Manta net,0.34566,High
38.42595,-141.46505,2015,8,Pacific Ocean,Manta net,3.210041,High
32.46055,-133.6301,2015,9,Pacific Ocean,Manta net,1.222912,High
32.91,-118.48,2002,10,Pacific Ocean,Neuston net,0.0,Low
33.9,-64.45,1987,5,Atlantic Ocean,Neuston net,0.185744,High
25.37,-68.49,1999,2,Atlantic Ocean,Neuston net,0.030236,Low
28.77,-64.96,2001,4,Atlantic Ocean,Neuston net,0.029904,Low
23.8871,-18.5837,2014,11,Atlantic Ocean,Grab sample,0.008,Low
25.6112,-18.863,2014,11,Atlantic Ocean,Grab sample,0.019,Low
33.08,-147.02,2011,10,Pacific Ocean,Neuston net,0.0,Low
34.0538,-139.9901,2009,8,Pacific Ocean,Manta net,1.427,High
25.58,-74.8,1990,4,Atlantic Ocean,Neuston net,0.00648,Low
30.06,-60.4,2005,4,Atlantic Ocean,Neuston net,0.314816,High
28.53,-58.78,1997,10,Atlantic Ocean,Neuston net,0.380128,High
26.17,-56.82,2004,10,Atlantic Ocean,Neuston net,0.00864,Low
20.53,-65.44,2001,5,Atlantic Ocean,Neuston net,0.0144,Low
21.08,-68.58,1998,2,Atlantic Ocean,Neuston net,0.00864,Low
24.24,-81.86,2000,1,Atlantic Ocean,Neuston net,0.00216,Low
25.58,-75.82,1993,2,Atlantic Ocean,Neuston net,0.023564,Low
25.65,-75.42,2003,2,Atlantic Ocean,Neuston net,0.866092,High
26.15,-75.47,1994,5,Atlantic Ocean,Neuston net,0.01296,Low
26.37,-79.28,1998,2,Atlantic Ocean,Neuston net,0.0,Low
27.8493,-82.4314,2017,7,Atlantic Ocean,Plankton net,2.9,High
30.5013,-86.4355,2016,10,Atlantic Ocean,Grab sample,0.0,Low
21.42,-142.07,2008,10,Pacific Ocean,Neuston net,0.0,Low
31.001332,-139.0185,2015,8,Pacific Ocean,Manta net,4.227363,High
31.06,-143.46,2006,12,Pacific Ocean,Neuston net,0.00216,Low
30.45,-78.95,2008,5,Atlantic Ocean,Neuston net,0.179984,High
13.7,-63.73,1991,11,Atlantic Ocean,Neuston net,0.0027,Low
20.12,-69.95,2006,12,Atlantic Ocean,Neuston net,0.01512,Low
15.73,-65.21,2000,12,Atlantic Ocean,Neuston net,0.0,Low
15.62,-62.03,1996,11,Atlantic Ocean,Neuston net,0.0108,Low
11.03,-57.91,2007,11,Atlantic Ocean,Neuston net,0.0,Low
24.03,-138.44,2012,10,Pacific Ocean,Neuston net,0.56472,High
-27.2818,-108.9362,2011,4,Pacific Ocean,Manta net,0.847522,High
-16.9837,-23.7325,2010,9,Atlantic Ocean,Neuston net,0.065628,Low
5.28,-146.64,2011,7,Pacific Ocean,Neuston net,0.0,Low
2.89,-137.24,2004,5,Pacific Ocean,Neuston net,0.363376,High
2.19,-135.73,2006,11,Pacific Ocean,Neuston net,0.0,Low
19.96,-146.64,2009,11,Pacific Ocean,Neuston net,0.00216,Low
43.6823,7.699,2010,7,Atlantic Ocean,Neuston net,0.261157,High
82.293,-143.86,2016,9,Arctic Ocean,Intake seawater pump,0.4,High
-15.9,-149.55,2002,2,Pacific Ocean,Neuston net,0.002036,Low
6.84,-149.44,2009,7,Pacific Ocean,Neuston net,0.0,Low
20.6,-154.81,2005,3,Pacific Ocean,Neuston net,0.0,Low
59.0875,-152.3912,2014,7,Pacific Ocean,Grab sample,0.066,Low
42.1,-35.3,2015,8,Atlantic Ocean,Grab sample,0.004,Low
40.2678,9.6363,2014,7,Atlantic Ocean,Manta net,0.470255,High
41.465446,2.282388,2021,2,Atlantic Ocean,Manta net,3.279333,High
41.03,-71.07,1993,10,Atlantic Ocean,Neuston net,0.0,Low
42.32,-69.08,2008,7,Atlantic Ocean,Neuston net,0.0,Low
41.63,-69.35,1997,8,Atlantic Ocean,Neuston net,0.00648,Low
40.18,-69.88,1998,8,Atlantic Ocean,Neuston net,0.0,Low
39.71,-67.97,2004,10,Atlantic Ocean,Neuston net,0.0,Low
38.36,-64.68,2001,6,Atlantic Ocean,Neuston net,0.0216,Low
32.6,-77.15,1996,5,Atlantic Ocean,Neuston net,0.0096,Low
33.75,-64.93,1989,6,Atlantic Ocean,Neuston net,0.172788,High
34.45,-65.72,1991,5,Atlantic Ocean,Neuston net,0.039604,Low
35.33,-64.51,2001,10,Atlantic Ocean,Neuston net,0.062396,Low
28.25,-64.89,2001,5,Atlantic Ocean,Neuston net,0.403888,High
21.0048,-31.766,2014,12,Atlantic Ocean,Grab sample,0.028,Low
21.2109,-27.4535,2014,12,Atlantic Ocean,Grab sample,0.001,Low
32.3087,-125.2308,2009,8,Pacific Ocean,Manta net,0.074,Low
20.48,-64.24,2005,5,Atlantic Ocean,Neuston net,0.051836,Low
20.43,-71.17,1991,12,Atlantic Ocean,Neuston net,0.0,Low
20.17,-73.65,1998,4,Atlantic Ocean,Neuston net,0.215984,High
25.57,-73.6,1995,5,Atlantic Ocean,Neuston net,0.01296,Low
25.76,-73.68,2000,5,Atlantic Ocean,Neuston net,0.01296,Low
25.95,-72.9,1992,5,Atlantic Ocean,Neuston net,0.00864,Low
24.85,-79.86,2006,3,Atlantic Ocean,Neuston net,0.00216,Low
26.96,-59.02,2000,10,Atlantic Ocean,Neuston net,0.01152,Low
26.62,-61.23,1994,10,Atlantic Ocean,Neuston net,0.0108,Low
26.41,-58.01,1999,11,Atlantic Ocean,Neuston net,0.091192,High
22.54,-57.89,2007,10,Atlantic Ocean,Neuston net,0.018392,Low
20.98,-59.33,1992,10,Atlantic Ocean,Neuston net,0.043196,Low
24.59,-80.45,2007,2,Atlantic Ocean,Neuston net,0.0,Low
27.9687,-82.5621,2017,6,Atlantic Ocean,Van Dorn sampler,1000.0,High
27.33,-142.18,2005,12,Pacific Ocean,Neuston net,0.003324,Low
29.37,-139.91,2011,5,Pacific Ocean,Neuston net,0.0,Low
29.008008,-137.4495,2015,7,Pacific Ocean,Manta net,0.795394,High
21.44,-105.6,2002,12,Pacific Ocean,Neuston net,0.004644,Low
26.86,-79.48,1996,5,Atlantic Ocean,Neuston net,0.00216,Low
27.9185,-82.5379,2016,10,Atlantic Ocean,Plankton net,4.1,High
11.23,-62.23,1996,12,Atlantic Ocean,Neuston net,0.0,Low
16.35,-63.31,2003,12,Atlantic Ocean,Neuston net,0.0,Low
15.9,-62.75,1987,12,Atlantic Ocean,Neuston net,0.00864,Low
23.35,-144.31,2003,10,Pacific Ocean,Neuston net,0.00432,Low
26.6,-142.77,2008,7,Pacific Ocean,Neuston net,0.0,Low
28.04,-140.48,2006,5,Pacific Ocean,Neuston net,0.0,Low
19.43,-145.47,2008,5,Pacific Ocean,Neuston net,0.00432,Low
19.8,-143.03,2012,6,Pacific Ocean,Neuston net,0.029052,Low
19.68,-79.97,1994,3,Atlantic Ocean,Neuston net,0.0,Low
18.25,-76.2,1993,2,Atlantic Ocean,Neuston net,0.0,Low
18.15,-74.59,2002,12,Atlantic Ocean,Neuston net,0.016936,Low
17.29,-84.13,1998,12,Atlantic Ocean,Neuston net,0.00216,Low
-31.8705,-20.748,2010,11,Atlantic Ocean,Neuston net,0.03309,Low
-5.78,-111.27,2001,12,Pacific Ocean,Neuston net,0.0,Low
8.71,-120.48,2002,12,Pacific Ocean,Neuston net,0.0,Low
-1.0,-82.0,2017,10,Pacific Ocean,Plankton net,0.5,High
19.13,-77.2,1996,4,Atlantic Ocean,Neuston net,0.00864,Low
18.74,-77.39,2007,3,Atlantic Ocean,Neuston net,0.0,Low
33.47,-151.63,2003,10,Pacific Ocean,Neuston net,0.0,Low
33.6858,34.7054,2014,8,Atlantic Ocean,Manta net,0.251603,High
15.94,-162.49,2012,7,Pacific Ocean,Neuston net,0.00388,Low
56.52,-1.589167,2018,1,Atlantic Ocean,Neuston net,0.028995,Low
83.6607,13.752,2016,8,Arctic Ocean,Intake seawater pump,0.5,High
12.52,-156.96,2007,12,Pacific Ocean,Neuston net,0.0072,Low
16.36,-159.94,2006,10,Pacific Ocean,Neuston net,0.016196,Low
23.6348,-154.91,2014,9,Pacific Ocean,Grab sample,0.012,Low
33.09,-156.27,2008,6,Pacific Ocean,Neuston net,0.00266,Low
44.38,-62.28,2005,5,Atlantic Ocean,Neuston net,0.092872,High
43.09,-67.49,1989,8,Atlantic Ocean,Neuston net,0.0,Low
42.43,-69.91,2004,8,Atlantic Ocean,Neuston net,0.0,Low
43.0758,6.384,2010,7,Atlantic Ocean,Neuston net,0.477478,High
42.17,-61.95,1997,7,Atlantic Ocean,Neuston net,0.034556,Low
38.302483,-19.782367,2013,10,Atlantic Ocean,Manta net,0.467905,High
36.956667,14.11,2021,9,Atlantic Ocean,Manta net,0.109254,High
41.373055,2.191604,2021,1,Atlantic Ocean,Manta net,1.564667,High
44.64,-62.69,2001,8,Atlantic Ocean,Neuston net,0.0,Low
40.99,-71.54,1995,7,Atlantic Ocean,Neuston net,0.00864,Low
41.11,-71.06,2000,9,Atlantic Ocean,Neuston net,0.0,Low
40.87,-68.43,1998,7,Atlantic Ocean,Neuston net,0.0054,Low
40.82,-71.02,1992,6,Atlantic Ocean,Neuston net,0.007856,Low
40.26,-70.26,2001,9,Atlantic Ocean,Neuston net,0.0,Low
39.66,-70.88,2008,9,Atlantic Ocean,Neuston net,0.005708,Low
38.52335,-130.46275,2015,9,Pacific Ocean,Manta net,0.179689,High
33.94,-63.06,2007,10,Atlantic Ocean,Neuston net,0.062272,Low
39.22,-69.37,1994,8,Atlantic Ocean,Neuston net,0.0,Low
25.55,-79.4,1994,1,Atlantic Ocean,Neuston net,0.0,Low
30.9,-60.48,1992,10,Atlantic Ocean,Neuston net,0.088552,High
24.5833,-21.65,2014,11,Atlantic Ocean,Grab sample,0.021,Low
32.84,-147.81,2009,4,Pacific Ocean,Neuston net,0.0,Low
31.54,-143.82,2004,8,Pacific Ocean,Neuston net,0.0,Low
32.0242,-138.9792,2009,8,Pacific Ocean,Manta net,2.497,High
24.88,-82.97,1997,1,Atlantic Ocean,Neuston net,0.0036,Low
23.98,-81.55,1996,4,Atlantic Ocean,Neuston net,0.172788,High
27.9237,-82.4807,2016,6,Atlantic Ocean,Van Dorn sampler,0.0,Low
27.61,-82.7832,2017,5,Atlantic Ocean,Van Dorn sampler,0.0,Low
25.69,-141.14,2011,6,Pacific Ocean,Neuston net,0.0,Low
30.007623,-142.2708,2015,8,Pacific Ocean,Manta net,5.735766,High
27.9,-74.37,1991,4,Atlantic Ocean,Neuston net,0.090712,High
26.41,-78.76,1993,5,Atlantic Ocean,Neuston net,0.004112,Low
26.4168,-80.0667,2016,9,Atlantic Ocean,Grab sample,0.005,Low
13.92,-61.39,2005,11,Atlantic Ocean,Neuston net,0.0,Low
13.46,-61.65,2002,11,Atlantic Ocean,Neuston net,0.001964,Low
17.3463,-36.238,2014,12,Atlantic Ocean,Grab sample,0.005,Low
24.73,-139.58,2011,3,Pacific Ocean,Neuston net,0.0,Low
22.11,-141.71,2005,12,Pacific Ocean,Neuston net,0.0,Low
26.21,-144.53,2005,2,Pacific Ocean,Neuston net,0.060476,Low
16.63,-84.97,1998,4,Atlantic Ocean,Neuston net,0.0,Low
13.03,-75.58,1992,2,Atlantic Ocean,Neuston net,0.0,Low
10.41,-64.62,1999,12,Atlantic Ocean,Neuston net,0.0,Low
11.79,-62.27,1998,12,Atlantic Ocean,Neuston net,0.0,Low
11.82,-65.13,2003,12,Atlantic Ocean,Neuston net,0.0,Low
17.37,-65.25,2000,5,Atlantic Ocean,Neuston net,0.0,Low
7.16,-147.02,2003,2,Pacific Ocean,Neuston net,0.0,Low
15.35,-74.3,1991,12,Atlantic Ocean,Neuston net,0.00648,Low
17.08,-78.18,1991,12,Atlantic Ocean,Neuston net,0.00216,Low
11.91,-63.24,1998,12,Atlantic Ocean,Neuston net,0.00216,Low
12.58,-62.77,1994,12,Atlantic Ocean,Neuston net,0.0,Low
16.51,-69.6,2001,12,Atlantic Ocean,Neuston net,0.0018,Low
33.09,-156.27,2008,3,Pacific Ocean,Neuston net,0.00266,Low
33.1848,-159.229,2009,9,Pacific Ocean,Neuston net,0.613721,High
33.02,-152.9,2012,4,Pacific Ocean,Neuston net,0.0,Low
32.983333,35.074333,2014,4,Atlantic Ocean,Manta net,1.679375,High
32.059167,34.748333,2014,2,Atlantic Ocean,Manta net,4.827586,High
55.306,-5.018833,2019,11,Atlantic Ocean,Neuston net,0.0,Low
56.180667,-4.7815,2019,11,Atlantic Ocean,Neuston net,0.014985,Low
14.12,-157.12,2006,2,Pacific Ocean,Neuston net,0.0,Low
19.24,-156.55,2011,3,Pacific Ocean,Neuston net,0.0,Low
20.61,-155.0,2009,3,Pacific Ocean,Neuston net,0.0,Low
30.31,-155.93,2003,7,Pacific Ocean,Neuston net,0.092452,High
42.34,-67.43,2000,8,Atlantic Ocean,Neuston net,0.005892,Low
44.283333,9.01,2018,5,Atlantic Ocean,Manta net,0.0219,Low
43.119667,6.3745,2019,6,Atlantic Ocean,Manta net,0.023075,Low
56.724833,-6.3945,2021,1,Atlantic Ocean,Neuston net,0.054027,Low
38.19171,8.8,2013,6,Atlantic Ocean,Neuston net,0.775194,High
43.118,-129.198667,2019,12,Pacific Ocean,Manta net,0.062741,Low
43.0,-60.62,1998,7,Atlantic Ocean,Neuston net,0.00216,Low
47.09,-56.57,1989,7,Atlantic Ocean,Neuston net,0.004516,Low
43.32,-65.13,1995,6,Atlantic Ocean,Neuston net,0.0,Low
40.26,-70.83,2007,8,Atlantic Ocean,Neuston net,0.0108,Low
42.33,-66.1,1992,5,Atlantic Ocean,Neuston net,0.00432,Low
41.53,-66.15,2000,7,Atlantic Ocean,Neuston net,0.0,Low
41.13,-61.57,2005,7,Atlantic Ocean,Neuston net,0.00378,Low
40.972,-9.5495,2020,7,Atlantic Ocean,Manta net,0.216508,High
31.75,-69.47,2004,5,Atlantic Ocean,Neuston net,0.0108,Low
36.43,-65.36,2002,5,Atlantic Ocean,Neuston net,1.619872,High
23.8825,-21.5175,2014,11,Atlantic Ocean,Grab sample,0.013,Low
30.0571,-16.0405,2015,9,Atlantic Ocean,Grab sample,0.0,Low
33.8991,-140.526517,2019,12,Pacific Ocean,Manta net,4.256084,High
35.3843,-141.0217,2009,9,Pacific Ocean,Neuston net,1.154449,High
42.197333,-130.174,2019,12,Pacific Ocean,Manta net,0.351267,High
24.6,-80.17,1996,3,Atlantic Ocean,Neuston net,0.043244,Low
25.41,-79.91,2002,5,Atlantic Ocean,Neuston net,0.01296,Low
29.42,-57.48,1991,10,Atlantic Ocean,Neuston net,0.041036,Low
20.15,-59.65,2007,4,Atlantic Ocean,Neuston net,0.00432,Low
26.17,-73.47,1999,4,Atlantic Ocean,Neuston net,0.047516,Low
31.03,-67.03,1997,5,Atlantic Ocean,Neuston net,0.095032,High
26.84925,-130.1594,2015,9,Pacific Ocean,Manta net,1.394636,High
24.59,-143.47,2012,1,Pacific Ocean,Neuston net,0.041396,Low
26.21,-144.53,2004,10,Pacific Ocean,Neuston net,0.060476,Low
26.05,-141.2,2009,5,Pacific Ocean,Neuston net,0.00216,Low
27.8096,-82.446,2016,10,Atlantic Ocean,Van Dorn sampler,3000.0,High
15.58,-62.67,1993,12,Atlantic Ocean,Neuston net,0.00288,Low
15.3789,-61.4929,2016,3,Atlantic Ocean,Grab sample,0.001,Low
17.29,-59.34,2008,11,Atlantic Ocean,Neuston net,0.001596,Low
17.43,-61.04,1998,11,Atlantic Ocean,Neuston net,0.0,Low
19.794,-39.0278,2014,12,Atlantic Ocean,Grab sample,0.008,Low
27.5609,-135.581,2014,5,Pacific Ocean,Grab sample,0.132,High
-14.7,-147.78,2003,3,Pacific Ocean,Neuston net,0.0072,Low
5.28,-146.64,2011,4,Pacific Ocean,Neuston net,0.0,Low
0.0,-42.0,2014,5,Atlantic Ocean,Grab sample,0.004,Low
19.58,-78.68,2004,4,Atlantic Ocean,Neuston net,0.0168,Low
33.26,-156.98,2006,4,Pacific Ocean,Neuston net,0.0,Low
33.02,-152.9,2011,12,Pacific Ocean,Neuston net,0.0,Low
32.840167,34.951833,2013,10,Atlantic Ocean,Manta net,6.217617,High
32.152,34.783167,2013,11,Atlantic Ocean,Manta net,0.957363,High
54.289083,11.604533,2019,5,Atlantic Ocean,Manta net,0.031576,Low
-37.458,-55.868,2015,8,Atlantic Ocean,Grab sample,0.001,Low
14.12,-157.12,2005,9,Pacific Ocean,Neuston net,0.0,Low
20.6,-154.81,2004,11,Pacific Ocean,Neuston net,0.0,Low
20.61,-155.0,2009,7,Pacific Ocean,Neuston net,0.0,Low
43.97,-68.0,1995,7,Atlantic Ocean,Neuston net,0.036716,Low
42.8155,-9.423833,2018,10,Atlantic Ocean,Manta net,0.012198,Low
43.4052,6.7653,2014,6,Atlantic Ocean,Manta net,0.162905,High
60.3119,-148.0556,2015,12,Pacific Ocean,Grab sample,0.013,Low
56.366333,-2.746333,2019,11,Atlantic Ocean,Neuston net,0.0,Low
42.1,-66.22,1995,7,Atlantic Ocean,Neuston net,0.00432,Low
41.6,-66.48,1989,7,Atlantic Ocean,Neuston net,0.01728,Low
32.822983,-37.958275,2020,11,Atlantic Ocean,Manta net,1.573654,High
38.324,9.303,2013,6,Atlantic Ocean,Neuston net,2.541296,High
42.206833,9.704833,2018,6,Atlantic Ocean,Manta net,0.03615,Low
42.44,-67.56,1999,6,Atlantic Ocean,Neuston net,0.0,Low
42.19,-70.25,2002,7,Atlantic Ocean,Neuston net,0.00166,Low
41.27,-69.05,2005,8,Atlantic Ocean,Neuston net,0.0,Low
40.71,-69.65,2007,7,Atlantic Ocean,Neuston net,0.00648,Low
40.72,-70.64,2000,7,Atlantic Ocean,Neuston net,0.043196,Low
40.08,-69.77,1996,8,Atlantic Ocean,Neuston net,0.086392,High
31.57,-65.83,1992,5,Atlantic Ocean,Neuston net,0.075592,Low
31.73,-63.11,2000,4,Atlantic Ocean,Neuston net,0.00864,Low
35.53,-64.83,2002,5,Atlantic Ocean,Neuston net,0.003812,Low
38.18,-68.52,1991,10,Atlantic Ocean,Neuston net,0.149028,High
28.25,-55.02,1992,10,Atlantic Ocean,Neuston net,0.181424,High
22.08,-58.53,1993,10,Atlantic Ocean,Neuston net,0.01296,Low
24.36,-60.04,1998,10,Atlantic Ocean,Neuston net,0.02356,Low
21.5053,-36.7888,2014,12,Atlantic Ocean,Grab sample,0.005,Low
25.19,-18.6083,2014,11,Atlantic Ocean,Grab sample,0.008,Low
26.3517,-18.7,2014,11,Atlantic Ocean,Grab sample,0.018,Low
25.25,-79.83,1992,1,Atlantic Ocean,Neuston net,0.0,Low
25.27,-77.23,1997,5,Atlantic Ocean,Neuston net,0.0,Low
27.897,-82.4382,2017,5,Atlantic Ocean,Van Dorn sampler,1000.0,High
26.6,-142.77,2008,4,Pacific Ocean,Neuston net,0.0,Low
26.05,-141.2,2009,2,Pacific Ocean,Neuston net,0.00216,Low
28.6633,-147.0067,2018,11,Pacific Ocean,Manta net,1.671019,High
30.6,-117.47,2001,10,Pacific Ocean,Neuston net,0.0,Low
26.2,-78.08,1992,2,Atlantic Ocean,Neuston net,0.029688,Low
11.32,-63.3,1995,12,Atlantic Ocean,Neuston net,0.00864,Low
15.9,-64.55,1994,12,Atlantic Ocean,Neuston net,0.0,Low
17.78,-59.51,2001,10,Atlantic Ocean,Neuston net,0.006644,Low
19.38,-40.5,2014,12,Atlantic Ocean,Grab sample,0.006,Low
24.609417,-144.861117,2019,11,Pacific Ocean,Manta net,10.896818,High
24.59,-143.47,2012,5,Pacific Ocean,Neuston net,0.0,Low
-35.1497,-47.8308,2011,2,Atlantic Ocean,Neuston net,0.693518,High
-8.56,-126.6,2001,12,Pacific Ocean,Neuston net,0.0,Low
19.51,-144.23,2005,7,Pacific Ocean,Neuston net,0.0,Low
15.63,-76.2,1992,3,Atlantic Ocean,Neuston net,0.0,Low
16.43,-79.94,1998,12,Atlantic Ocean,Neuston net,0.015432,Low
17.09,-80.34,2006,2,Atlantic Ocean,Neuston net,0.0,Low
59.611,-149.6231,2014,7,Pacific Ocean,Grab sample,0.001,Low
47.931167,-4.471167,2020,8,Atlantic Ocean,Manta net,0.02603,Low
57.3255,-7.075333,2022,10,Atlantic Ocean,Neuston net,0.042301,Low
55.8365,-4.9605,2018,10,Atlantic Ocean,Neuston net,0.012221,Low
8.38,-151.97,2004,12,Pacific Ocean,Neuston net,0.003456,Low
11.09,-156.77,2011,11,Pacific Ocean,Neuston net,0.043196,Low
41.25,-67.6,1992,7,Atlantic Ocean,Neuston net,0.00432,Low
37.72,-66.48,1999,10,Atlantic Ocean,Neuston net,0.050404,Low
37.48,-67.43,1996,10,Atlantic Ocean,Neuston net,0.015432,Low
33.66,-58.72,2005,10,Atlantic Ocean,Neuston net,0.090804,High
40.617633,-8.826117,2018,9,Atlantic Ocean,Manta net,0.035406,Low
36.806,23.468,2019,3,Atlantic Ocean,Manta net,0.133333,High
32.07,-78.21,1996,5,Atlantic Ocean,Neuston net,0.00216,Low
34.98,-64.22,1995,10,Atlantic Ocean,Neuston net,0.106028,High
35.82,-65.81,1989,6,Atlantic Ocean,Neuston net,0.02376,Low
40.02,-71.3,1993,10,Atlantic Ocean,Neuston net,0.0,Low
21.318,-28.0175,2014,11,Atlantic Ocean,Grab sample,0.015,Low
26.7518,-18.3423,2014,11,Atlantic Ocean,Grab sample,0.003,Low
33.08,-147.02,2011,5,Pacific Ocean,Neuston net,0.0,Low
31.91,-145.09,2019,8,Pacific Ocean,Manta net,2.800453,High
40.68,-128.9,2009,4,Pacific Ocean,Neuston net,2.611356,High
24.67,-79.56,2000,4,Atlantic Ocean,Neuston net,0.0,Low
22.88,-73.6,1999,2,Atlantic Ocean,Neuston net,0.0,Low
25.31,-71.56,2007,2,Atlantic Ocean,Neuston net,0.0,Low
26.82,-72.94,2000,6,Atlantic Ocean,Neuston net,0.48476,High
28.72,-68.03,1997,4,Atlantic Ocean,Neuston net,0.043196,Low
21.0185,-37.7999,2014,12,Atlantic Ocean,Grab sample,0.006,Low
27.9976,-82.5863,2016,6,Atlantic Ocean,Van Dorn sampler,0.0,Low
27.6934,-82.5559,2016,6,Atlantic Ocean,Van Dorn sampler,0.0,Low
23.15,-144.69,2005,12,Pacific Ocean,Neuston net,0.0,Low
29.98,-140.0,2008,12,Pacific Ocean,Neuston net,0.0,Low
23.63,-109.38,2002,12,Pacific Ocean,Neuston net,0.036464,Low
29.05,-80.15,1996,5,Atlantic Ocean,Neuston net,0.0,Low
26.23,-77.91,2002,4,Atlantic Ocean,Neuston net,0.043184,Low
17.8,-59.43,1992,11,Atlantic Ocean,Neuston net,0.00864,Low
17.92,-59.75,1992,11,Atlantic Ocean,Neuston net,0.009,Low
18.33,-58.12,1999,11,Atlantic Ocean,Neuston net,0.025196,Low
30.18595,-133.83395,2015,9,Pacific Ocean,Manta net,2.029278,High
21.42,-142.07,2008,5,Pacific Ocean,Neuston net,0.0,Low
20.15,-147.77,2012,2,Pacific Ocean,Neuston net,0.0,Low
15.78,-98.47,2001,11,Pacific Ocean,Neuston net,0.008468,Low
10.9357,-85.8666,2015,8,Pacific Ocean,Grab sample,0.006,Low
16.45,-71.33,2002,12,Atlantic Ocean,Neuston net,0.0,Low
19.21,-69.09,2004,3,Atlantic Ocean,Neuston net,0.00432,Low
15.62,-62.2,2003,12,Atlantic Ocean,Neuston net,0.000676,Low
15.02,-57.67,1986,10,Atlantic Ocean,Neuston net,0.0,Low
1.99,-125.33,2002,12,Pacific Ocean,Neuston net,0.0,Low
5.0,-87.56,2001,11,Pacific Ocean,Neuston net,0.0,Low
19.51,-144.23,2005,12,Pacific Ocean,Neuston net,0.0,Low
18.35,-75.3,1997,3,Atlantic Ocean,Neuston net,0.014388,Low
17.77,-74.39,1998,12,Atlantic Ocean,Neuston net,0.0,Low
16.27,-80.22,1987,2,Atlantic Ocean,Neuston net,0.0,Low
19.0713,-155.4457,2007,11,Pacific Ocean,Neuston net,0.059654,Low
27.91,-153.84,2019,6,Pacific Ocean,Manta net,0.486787,High
33.35,-150.87,2004,12,Pacific Ocean,Neuston net,0.0,Low
32.279667,34.825,2014,7,Atlantic Ocean,Manta net,27.177042,High
58.15,-3.4555,2019,1,Atlantic Ocean,Neuston net,0.003657,Low
55.884833,-2.0085,2021,1,Atlantic Ocean,Neuston net,0.024933,Low
11.09,-156.77,2012,4,Pacific Ocean,Neuston net,0.043196,Low
12.15,-159.95,2002,4,Pacific Ocean,Neuston net,0.004236,Low
16.28,-160.37,2008,6,Pacific Ocean,Neuston net,0.0,Low
38.489,-28.559167,2019,5,Atlantic Ocean,Manta net,0.039775,Low
38.48294,-8.94286,2019,1,Atlantic Ocean,Neuston net,0.411184,High
37.931667,12.177667,2020,11,Atlantic Ocean,Manta net,0.10361,High
41.373055,2.191604,2020,10,Atlantic Ocean,Manta net,37.481333,High
43.68,-63.39,2003,6,Atlantic Ocean,Neuston net,0.0,Low
43.28,-70.03,1993,7,Atlantic Ocean,Neuston net,0.0,Low
41.6319,-71.4039,2015,10,Atlantic Ocean,Grab sample,0.002,Low
40.82,-70.34,2006,7,Atlantic Ocean,Neuston net,0.0,Low
40.15,-69.48,1992,6,Atlantic Ocean,Neuston net,0.00432,Low
39.72,-68.86,1989,5,Atlantic Ocean,Neuston net,0.0027,Low
42.0602,-137.5418,2011,11,Pacific Ocean,Neuston net,2.139785,High
40.68,-128.9,2008,12,Pacific Ocean,Neuston net,2.611356,High
25.15,-74.7,1996,4,Atlantic Ocean,Neuston net,0.0216,Low
28.73,-58.23,1992,10,Atlantic Ocean,Neuston net,0.23974,High
27.97,-60.07,1996,10,Atlantic Ocean,Neuston net,0.663968,High
22.42,-68.73,2002,2,Atlantic Ocean,Neuston net,0.094492,High
21.13,-73.73,1996,4,Atlantic Ocean,Neuston net,0.0,Low
27.58,-65.05,1999,5,Atlantic Ocean,Neuston net,0.00216,Low
24.73,-83.47,1992,3,Atlantic Ocean,Neuston net,0.0,Low
25.04,-79.91,1995,3,Atlantic Ocean,Neuston net,0.0108,Low
25.31,-79.98,2007,3,Atlantic Ocean,Neuston net,0.0,Low
29.98,-140.0,2009,5,Pacific Ocean,Neuston net,0.0,Low
17.3928,-32.9782,2014,11,Atlantic Ocean,Grab sample,0.003,Low
28.0647,-131.50285,2015,9,Pacific Ocean,Manta net,3.891236,High
20.15,-147.77,2011,10,Pacific Ocean,Neuston net,0.0,Low
23.15,-144.69,2005,7,Pacific Ocean,Neuston net,0.0,Low
24.37,-147.78,2011,6,Pacific Ocean,Neuston net,0.892728,High
27.50425,-144.989917,2019,11,Pacific Ocean,Manta net,1.415722,High
15.17,-63.26,1998,12,Atlantic Ocean,Neuston net,0.00864,Low
15.95,-60.05,1991,10,Atlantic Ocean,Neuston net,0.0,Low
18.07,-60.15,1995,11,Atlantic Ocean,Neuston net,0.0,Low
19.87,-59.71,1999,11,Atlantic Ocean,Neuston net,0.00216,Low
19.38,-57.75,2002,11,Atlantic Ocean,Neuston net,0.0036,Low
15.85,-35.6,2014,12,Atlantic Ocean,Grab sample,0.021,Low
19.136,-96.1015,2014,11,Atlantic Ocean,Grab sample,0.001,Low
15.12,-68.68,2003,12,Atlantic Ocean,Neuston net,0.004112,Low
19.71,-69.16,2000,2,Atlantic Ocean,Neuston net,0.030236,Low
17.77,-67.08,2000,5,Atlantic Ocean,Neuston net,0.0144,Low
18.3167,-64.0,2016,1,Atlantic Ocean,Grab sample,0.01,Low
15.83,-62.93,1992,12,Atlantic Ocean,Neuston net,0.0,Low
-27.8781,-107.246,2011,4,Pacific Ocean,Neuston net,0.062052,Low
-19.1813,-5.9712,2011,1,Atlantic Ocean,Neuston net,0.036072,Low
4.41,-145.74,2012,9,Pacific Ocean,Neuston net,0.0,Low
-0.99,-141.84,2002,3,Pacific Ocean,Neuston net,0.0,Low
18.55,-77.46,2008,4,Atlantic Ocean,Neuston net,0.00216,Low
16.44,-83.03,2003,3,Atlantic Ocean,Neuston net,0.0,Low
55.508667,-4.711667,2018,11,Atlantic Ocean,Neuston net,0.0,Low
16.88,-159.15,2003,12,Pacific Ocean,Neuston net,0.136068,High
19.95,-156.16,2008,11,Pacific Ocean,Neuston net,0.0,Low
20.57,-154.86,2006,8,Pacific Ocean,Neuston net,0.0108,Low
33.1,-149.63,2010,8,Pacific Ocean,Neuston net,0.00216,Low
-44.9322,-57.1367,2015,4,Atlantic Ocean,Grab sample,0.013,Low
46.2363,-124.1054,2016,9,Pacific Ocean,Grab sample,0.007,Low
43.090667,6.5825,2018,7,Atlantic Ocean,Manta net,0.021867,Low
55.394833,-5.035333,2021,9,Atlantic Ocean,Neuston net,0.024001,Low
35.2415,19.8529,2014,8,Atlantic Ocean,Manta net,1.400998,High
37.354,7.0942,2014,9,Atlantic Ocean,Manta net,0.235958,High
38.067333,7.042,2021,3,Atlantic Ocean,Manta net,0.524865,High
40.187667,4.439,2012,8,Atlantic Ocean,Manta net,0.77567,High
41.403637,2.2193,2021,3,Atlantic Ocean,Manta net,3.541333,High
48.34,-124.93,2002,8,Pacific Ocean,Neuston net,0.002076,Low
31.74,-68.55,2001,4,Atlantic Ocean,Neuston net,0.053996,Low
31.85,-62.65,2000,4,Atlantic Ocean,Neuston net,0.036716,Low
41.78,-68.47,2003,8,Atlantic Ocean,Neuston net,0.0108,Low
39.82,-69.08,1992,10,Atlantic Ocean,Neuston net,0.0,Low
41.17,-64.32,1996,7,Atlantic Ocean,Neuston net,0.048956,Low
39.648,19.944,2014,10,Atlantic Ocean,Manta net,5.033333,High
32.6086,-136.9844,2010,10,Pacific Ocean,Manta net,3.039,High
33.64765,-133.0587,2015,9,Pacific Ocean,Manta net,0.489709,High
23.92,-75.32,1992,4,Atlantic Ocean,Neuston net,0.0,Low
20.2,-70.38,1992,12,Atlantic Ocean,Neuston net,0.00216,Low
26.67,-68.1,1998,4,Atlantic Ocean,Neuston net,0.028076,Low
29.2,-67.2,1990,5,Atlantic Ocean,Neuston net,0.207344,High
30.32,-73.56,2001,4,Atlantic Ocean,Neuston net,0.001964,Low
32.37,-146.51,2005,5,Pacific Ocean,Neuston net,0.0,Low
25.65,-76.94,1993,5,Atlantic Ocean,Neuston net,0.00216,Low
25.65,-76.72,1991,4,Atlantic Ocean,Neuston net,0.0,Low
25.23,-76.02,1995,2,Atlantic Ocean,Neuston net,0.00432,Low
21.42,-142.07,2009,2,Pacific Ocean,Neuston net,0.0,Low
20.15,-147.77,2011,7,Pacific Ocean,Neuston net,0.0,Low
23.15,-144.69,2005,2,Pacific Ocean,Neuston net,0.0,Low
25.69,-141.14,2011,10,Pacific Ocean,Neuston net,0.0,Low
31.06,-143.46,2007,7,Pacific Ocean,Neuston net,0.00216,Low
16.78,-60.19,1996,11,Atlantic Ocean,Neuston net,0.0,Low
17.35,-60.75,1997,11,Atlantic Ocean,Neuston net,0.0,Low
13.9238,-59.2152,2014,12,Atlantic Ocean,Grab sample,0.004,Low
13.88,-61.71,2004,11,Atlantic Ocean,Neuston net,0.0,Low
18.9455,-29.6013,2014,12,Atlantic Ocean,Grab sample,0.003,Low
30.002482,-134.2835,2015,8,Pacific Ocean,Manta net,11.344484,High
14.75,-81.67,1992,3,Atlantic Ocean,Neuston net,0.00216,Low
17.28,-71.8,1994,12,Atlantic Ocean,Neuston net,0.01728,Low
18.47,-67.82,1993,12,Atlantic Ocean,Neuston net,0.0,Low
17.39,-64.93,1999,12,Atlantic Ocean,Neuston net,0.0144,Low
-26.45591,-105.42128,2015,11,Pacific Ocean,AVANI net,0.22815,High
-27.6412,-14.3013,2011,1,Atlantic Ocean,Neuston net,2.954988,High
-15.142267,-8.123633,2020,3,Atlantic Ocean,Manta net,0.0,Low
-10.89,-140.58,2002,2,Pacific Ocean,Neuston net,0.0,Low
19.43,-145.47,2008,10,Pacific Ocean,Neuston net,0.00432,Low
19.8,-143.03,2012,10,Pacific Ocean,Neuston net,0.209968,High
86.75014,-140.88221,2016,8,Arctic Ocean,CTD rosette sampler,21.0,High
12.95,-156.94,2005,3,Pacific Ocean,Neuston net,0.0216,Low
14.71,-157.43,2004,4,Pacific Ocean,Neuston net,0.003176,Low
32.35,-155.1,2010,12,Pacific Ocean,Neuston net,0.0,Low
33.35,-150.87,2005,11,Pacific Ocean,Neuston net,0.0,Low
47.67425,-144.665,2019,2,Pacific Ocean,Neuston net,0.304642,High
50.3201,-5.2333,2016,10,Atlantic Ocean,Grab sample,0.003,Low
42.414333,-8.934833,2018,7,Atlantic Ocean,Manta net,0.349503,High
43.3025,6.6375,2013,7,Atlantic Ocean,Manta net,0.39597,High
54.623167,-3.841833,2016,1,Atlantic Ocean,Neuston net,1.038491,High
56.011833,-3.466167,2022,11,Atlantic Ocean,Neuston net,0.025321,Low
35.52,-66.75,1987,5,Atlantic Ocean,Neuston net,0.0108,Low
40.57,-70.25,1992,8,Atlantic Ocean,Neuston net,0.058316,Low
40.23,-69.57,1994,7,Atlantic Ocean,Neuston net,0.007856,Low
39.81,-23.361667,2014,8,Atlantic Ocean,Manta net,0.171885,High
32.1204,-116.8859,2014,10,Pacific Ocean,Grab sample,0.006,Low
33.25,-64.64,2001,5,Atlantic Ocean,Neuston net,0.105292,High
35.69,-62.43,1999,10,Atlantic Ocean,Neuston net,0.077752,Low
25.64,-68.25,1999,2,Atlantic Ocean,Neuston net,0.028796,Low
28.97,-70.32,1994,5,Atlantic Ocean,Neuston net,0.129588,High
28.1603,-38.518,2013,6,Atlantic Ocean,Neuston net,1.009762,High
28.0164,-42.8324,2013,7,Atlantic Ocean,Neuston net,0.735177,High
34.4641,-139.9072,2009,8,Pacific Ocean,Manta net,3.344,High
34.74145,-145.67045,2015,8,Pacific Ocean,Manta net,1.799987,High
24.27,-80.94,1998,3,Atlantic Ocean,Neuston net,0.0,Low
24.28,-79.38,1998,1,Atlantic Ocean,Neuston net,0.0054,Low
23.27,-74.92,1996,2,Atlantic Ocean,Neuston net,0.0,Low
23.87,-59.03,2005,4,Atlantic Ocean,Neuston net,0.01728,Low
24.07,-58.13,1991,10,Atlantic Ocean,Neuston net,0.0108,Low
23.23,-67.72,1998,2,Atlantic Ocean,Neuston net,0.01944,Low
21.15,-142.77,2009,11,Pacific Ocean,Neuston net,0.0,Low
24.37,-147.78,2012,2,Pacific Ocean,Neuston net,0.892728,High
28.04,-140.48,2006,12,Pacific Ocean,Neuston net,0.0,Low
29.98,-140.0,2008,7,Pacific Ocean,Neuston net,0.0,Low
26.7097,-80.0475,2014,11,Atlantic Ocean,Grab sample,0.0,Low
15.65,-65.51,2000,12,Atlantic Ocean,Neuston net,0.0,Low
14.1,-58.19,2007,10,Atlantic Ocean,Neuston net,0.0,Low
13.95,-61.88,1987,12,Atlantic Ocean,Neuston net,0.0,Low
13.12,-61.53,1991,11,Atlantic Ocean,Neuston net,0.0,Low
12.43,-60.13,1996,11,Atlantic Ocean,Neuston net,0.0108,Low
18.5833,-42.2167,2014,12,Atlantic Ocean,Grab sample,0.003,Low
18.4,-76.38,2006,4,Atlantic Ocean,Neuston net,0.0,Low
11.52,-67.32,1995,12,Atlantic Ocean,Neuston net,0.00216,Low
12.17,-64.56,2000,12,Atlantic Ocean,Neuston net,0.0,Low
19.95,-73.58,2006,12,Atlantic Ocean,Neuston net,0.0,Low
17.87,-70.4,1989,12,Atlantic Ocean,Neuston net,0.00432,Low
17.97,-63.15,2007,11,Atlantic Ocean,Neuston net,0.0,Low
19.82,-75.51,2001,2,Atlantic Ocean,Neuston net,0.0,Low
17.94864,-76.83483,2017,12,Atlantic Ocean,Manta net,0.46,High
16.77,-81.14,2001,3,Atlantic Ocean,Neuston net,0.0,Low
13.254,-88.909,2014,11,Pacific Ocean,Grab sample,0.007,Low
13.92,-78.9,1993,3,Atlantic Ocean,Neuston net,0.0,Low
37.148,25.407,2017,7,Atlantic Ocean,Manta net,1.557143,High
68.5093,-101.725,2016,8,Arctic Ocean,Grab sample,0.073,Low
73.6261,-81.3676,2015,7,Arctic Ocean,Grab sample,0.041,Low
6.42,-148.97,2011,11,Pacific Ocean,Neuston net,0.0,Low
30.633,-154.95,1973,2,Pacific Ocean,Neuston net,0.0,Low
33.02,-152.9,2011,8,Pacific Ocean,Neuston net,0.0,Low
32.840167,34.951833,2013,7,Atlantic Ocean,Manta net,1.138385,High
43.2013,5.3827,2014,10,Atlantic Ocean,Manta net,0.844475,High
63.6813,-51.6392,2015,7,Arctic Ocean,Grab sample,0.021,Low
56.369167,-5.651833,2022,1,Atlantic Ocean,Neuston net,0.017302,Low
58.663833,-5.012667,2014,1,Atlantic Ocean,Neuston net,0.00305,Low
56.0245,-2.395333,2018,12,Atlantic Ocean,Neuston net,0.089565,High
59.321067,5.1497,2019,9,Atlantic Ocean,Manta net,0.021665,Low
33.0612,-16.3139,2014,12,Atlantic Ocean,Grab sample,0.009,Low
40.1265,19.3085,2013,5,Atlantic Ocean,Neuston net,1.701702,High
41.379079,2.194423,2020,12,Atlantic Ocean,Manta net,7.975333,High
42.378,-8.915667,2020,9,Atlantic Ocean,Manta net,0.0,Low
32.82,-64.29,2003,5,Atlantic Ocean,Neuston net,0.136068,High
35.89,-65.75,1996,10,Atlantic Ocean,Neuston net,0.2018,High
35.85,-65.93,1992,5,Atlantic Ocean,Neuston net,0.00216,Low
38.29,-70.51,1999,10,Atlantic Ocean,Neuston net,0.0,Low
38.44652,-9.04146,2019,2,Atlantic Ocean,Neuston net,1.791708,High
31.54,-143.82,2004,1,Pacific Ocean,Neuston net,0.0,Low
32.009235,-141.5065,2015,8,Pacific Ocean,Manta net,9.260515,High
31.8886,-139.6587,2018,10,Pacific Ocean,Manta net,6.887565,High
30.4,-60.82,1995,10,Atlantic Ocean,Neuston net,0.025016,Low
27.92,-60.18,1993,10,Atlantic Ocean,Neuston net,0.084232,High
20.22,-70.42,1992,2,Atlantic Ocean,Neuston net,0.0135,Low
27.47,-70.42,2005,2,Atlantic Ocean,Neuston net,0.0216,Low
32.84,-147.81,2008,12,Pacific Ocean,Neuston net,0.0,Low
25.26,-84.56,2008,2,Atlantic Ocean,Neuston net,0.01432,Low
24.12,-74.65,1998,2,Atlantic Ocean,Neuston net,0.01512,Low
30.74,-75.17,2003,5,Atlantic Ocean,Neuston net,1.125268,High
27.26,-75.3,2001,2,Atlantic Ocean,Neuston net,0.067496,Low
26.42,-78.62,1987,2,Atlantic Ocean,Neuston net,0.00432,Low
26.21,-78.1,2000,2,Atlantic Ocean,Neuston net,0.014804,Low
26.14,-78.48,1995,5,Atlantic Ocean,Neuston net,0.0216,Low
26.28,-78.62,1990,4,Atlantic Ocean,Neuston net,0.0216,Low
16.63,-63.87,1994,12,Atlantic Ocean,Neuston net,0.00216,Low
14.5453,-56.4675,2014,12,Atlantic Ocean,Grab sample,0.03,Low
29.38735,-133.2961,2015,9,Pacific Ocean,Manta net,2.831999,High
24.73,-139.58,2010,10,Pacific Ocean,Neuston net,0.0,Low
25.28,-147.0,2012,10,Pacific Ocean,Neuston net,0.274544,High
31.003027,-143.2895,2015,8,Pacific Ocean,Manta net,5.291144,High
-34.671667,-58.1,2015,10,Atlantic Ocean,Manta net,0.125046,High
19.73,-146.63,2007,3,Pacific Ocean,Neuston net,0.0,Low
19.24,-143.41,2011,10,Pacific Ocean,Neuston net,0.0,Low
18.99,-75.11,2005,3,Atlantic Ocean,Neuston net,0.01296,Low
17.93206,-76.84219,2017,11,Atlantic Ocean,Manta net,0.41,High
36.4749,-148.93995,2015,8,Pacific Ocean,Manta net,2.791323,High
32.903333,35.071,2014,7,Atlantic Ocean,Manta net,6.339204,High
8.38,-151.97,2012,11,Pacific Ocean,Neuston net,0.081712,High
18.9533,-155.7185,2007,11,Pacific Ocean,Neuston net,0.018042,Low
20.6,-154.81,2005,7,Pacific Ocean,Neuston net,0.0,Low
24.6293,-151.6611,2010,10,Pacific Ocean,Manta net,0.036,Low
27.1,-154.37,2019,6,Pacific Ocean,Manta net,0.465907,High
33.1,-156.49,2008,12,Pacific Ocean,Neuston net,0.0,Low
56.662333,-2.244833,2022,1,Atlantic Ocean,Neuston net,0.005255,Low
58.155167,-6.245167,2019,1,Atlantic Ocean,Neuston net,0.008044,Low
56.823833,1.223667,2015,1,Atlantic Ocean,Neuston net,0.0,Low
60.432333,1.321667,2021,1,Atlantic Ocean,Neuston net,0.029562,Low
8.03,-157.49,2012,11,Pacific Ocean,Neuston net,0.013372,Low
37.730333,12.396667,2020,9,Atlantic Ocean,Manta net,0.076938,Low
49.4856,-124.3535,2015,8,Pacific Ocean,Grab sample,0.0,Low
42.69,-69.17,2006,7,Atlantic Ocean,Neuston net,0.0,Low
43.2465,5.2947,2019,6,Atlantic Ocean,Manta net,0.025063,Low
32.1257,-148.25085,2015,8,Pacific Ocean,Manta net,0.662175,High
35.7626,-138.7748,2008,2,Pacific Ocean,Neuston net,2.938051,High
32.18,-65.82,1999,4,Atlantic Ocean,Neuston net,0.01728,Low
39.86,-64.56,2006,10,Atlantic Ocean,Neuston net,0.0,Low
39.530167,-9.652,2019,7,Atlantic Ocean,Manta net,0.019178,Low
22.85,-71.58,1994,2,Atlantic Ocean,Neuston net,0.0,Low
23.2,-69.8,1991,4,Atlantic Ocean,Neuston net,0.01296,Low
25.48,-73.35,1997,2,Atlantic Ocean,Neuston net,0.0216,Low
31.23,-65.32,1991,5,Atlantic Ocean,Neuston net,0.02,Low
31.1,-65.07,1999,5,Atlantic Ocean,Neuston net,0.222804,High
22.294707,-21.334325,2015,11,Atlantic Ocean,Intake seawater pump,1.0,High
24.4,-81.97,2001,1,Atlantic Ocean,Neuston net,0.075592,Low
26.65,-57.67,1994,10,Atlantic Ocean,Neuston net,0.047516,Low
22.38,-58.28,1997,11,Atlantic Ocean,Neuston net,0.213824,High
23.28,-59.93,1995,11,Atlantic Ocean,Neuston net,0.013744,Low
23.35,-144.31,2004,2,Pacific Ocean,Neuston net,0.0,Low
27.33,-142.18,2005,6,Pacific Ocean,Neuston net,0.003324,Low
30.152309,-144.034902,2015,8,Pacific Ocean,Manta net,3.881957,High
22.8767,-109.8961,2014,11,Pacific Ocean,Grab sample,0.003,Low
11.93,-62.22,1995,12,Atlantic Ocean,Neuston net,0.0,Low
13.63,-62.7,1991,12,Atlantic Ocean,Neuston net,0.00216,Low
18.3342,-64.9263,2014,1,Atlantic Ocean,Grab sample,0.008,Low
17.8,-64.32,1989,11,Atlantic Ocean,Neuston net,0.0,Low
15.9533,-56.3133,2014,12,Atlantic Ocean,Grab sample,0.006,Low
28.56225,-132.25355,2015,9,Pacific Ocean,Manta net,1.471346,High
18.69,-75.06,1987,2,Atlantic Ocean,Neuston net,0.0054,Low
16.66,-84.63,1999,3,Atlantic Ocean,Neuston net,0.00216,Low
17.65,-82.97,1997,12,Atlantic Ocean,Neuston net,0.0,Low
18.8,-84.9,2007,12,Atlantic Ocean,Neuston net,0.00808,Low
12.32,-68.08,1992,12,Atlantic Ocean,Neuston net,0.0,Low
-21.662,-38.4664,2018,4,Atlantic Ocean,Intake seawater pump,7.0,High
-7.8,-14.5,2014,5,Atlantic Ocean,Grab sample,0.0,Low
19.96,-146.64,2009,3,Pacific Ocean,Neuston net,0.00216,Low
32.76,-150.21,2008,3,Pacific Ocean,Neuston net,0.0,Low
34.9259,-153.49335,2015,8,Pacific Ocean,Manta net,2.58064,High
40.58,-157.79,2010,12,Pacific Ocean,Neuston net,0.043748,Low
39.9,-157.2,2012,4,Pacific Ocean,Neuston net,0.0,Low
43.89,-64.4,1992,5,Atlantic Ocean,Neuston net,0.090712,High
44.32,-61.97,1989,7,Atlantic Ocean,Neuston net,0.00216,Low
42.77,-64.77,1996,5,Atlantic Ocean,Neuston net,0.0,Low
59.406333,-0.444667,2014,1,Atlantic Ocean,Neuston net,0.004703,Low
16.36,-159.94,2006,2,Pacific Ocean,Neuston net,0.016196,Low
39.92,-70.28,1995,6,Atlantic Ocean,Neuston net,0.0216,Low
37.046833,-8.715333,2019,7,Atlantic Ocean,Manta net,0.020972,Low
36.633333,-3.083333,2017,8,Atlantic Ocean,Manta net,0.074671,Low
41.066,4.021,2020,7,Atlantic Ocean,Manta net,0.426341,High
43.122333,-129.1965,2019,12,Pacific Ocean,Manta net,0.036533,Low
45.41,-58.64,1989,7,Atlantic Ocean,Neuston net,0.0,Low
35.617,-127.883,1972,11,Pacific Ocean,Neuston net,0.013,Low
36.8461,-121.8083,2015,1,Pacific Ocean,Grab sample,0.001,Low
32.04,-68.14,2007,4,Atlantic Ocean,Neuston net,0.00216,Low
28.65,-71.97,1997,5,Atlantic Ocean,Neuston net,0.030828,Low
24.2833,-22.1,2014,11,Atlantic Ocean,Grab sample,0.015,Low
38.983,-133.017,1972,10,Pacific Ocean,Neuston net,0.007,Low
42.1925,-130.178667,2019,12,Pacific Ocean,Manta net,0.580413,High
39.25,-124.02,2002,8,Pacific Ocean,Neuston net,0.0,Low
23.28,-56.77,2005,10,Atlantic Ocean,Neuston net,0.003272,Low
21.7367,-63.4227,2010,1,Atlantic Ocean,Neuston net,1.138242,High
22.87,-69.81,2000,2,Atlantic Ocean,Neuston net,0.016796,Low
24.75,-74.28,1993,5,Atlantic Ocean,Neuston net,0.01512,Low
26.17,-72.5,1993,5,Atlantic Ocean,Neuston net,0.05942,Low
29.0,-71.82,1993,5,Atlantic Ocean,Neuston net,0.030236,Low
29.9,-59.78,1996,10,Atlantic Ocean,Neuston net,0.038876,Low
25.84,-60.2,2007,4,Atlantic Ocean,Neuston net,0.071112,Low
20.63,-58.0,1996,11,Atlantic Ocean,Neuston net,0.0216,Low
21.98,-60.05,2000,4,Atlantic Ocean,Neuston net,0.004628,Low
25.93,-76.72,1992,4,Atlantic Ocean,Neuston net,0.01944,Low
27.99,-78.26,2000,2,Atlantic Ocean,Neuston net,0.032396,Low
27.8524,-82.4093,2016,6,Atlantic Ocean,Van Dorn sampler,0.0,Low
10.760339,-61.441728,2016,1,Atlantic Ocean,Hand picking,2.888889,High
22.0153,-138.7614,2014,5,Pacific Ocean,Grab sample,0.055,Low
21.15,-142.77,2011,6,Pacific Ocean,Neuston net,0.0,Low
28.41,-140.21,2005,1,Pacific Ocean,Neuston net,0.0,Low
30.42635,-137.804,2015,8,Pacific Ocean,Manta net,2.182661,High
29.92,-77.72,2002,5,Atlantic Ocean,Neuston net,0.395248,High
10.7,-66.05,1998,12,Atlantic Ocean,Neuston net,0.0,Low
13.09,-69.5,2000,12,Atlantic Ocean,Neuston net,0.0,Low
16.32,-69.31,2008,12,Atlantic Ocean,Neuston net,0.002516,Low
15.73,-60.3,1998,11,Atlantic Ocean,Neuston net,0.0,Low
16.68,-59.05,2005,11,Atlantic Ocean,Neuston net,0.004552,Low
13.73,-59.93,1998,11,Atlantic Ocean,Neuston net,0.0,Low
-31.3878,-93.3457,2011,4,Pacific Ocean,Manta net,7.014418,High
-17.9684,-38.7122,2015,7,Atlantic Ocean,Grab sample,0.001,Low
-18.18641,4.823897,2015,11,Atlantic Ocean,Intake seawater pump,0.5,High
-22.886368,7.904522,2015,11,Atlantic Ocean,Intake seawater pump,0.0,Low
-5.77,-140.77,2003,3,Pacific Ocean,Neuston net,0.0,Low
-12.74,-144.31,2003,3,Pacific Ocean,Neuston net,0.0,Low
32.76,-150.21,2007,7,Pacific Ocean,Neuston net,0.0,Low
40.58,-157.79,2011,4,Pacific Ocean,Neuston net,0.043748,Low
39.9,-157.2,2011,12,Pacific Ocean,Neuston net,0.0,Low
56.022667,-3.3045,2019,11,Atlantic Ocean,Neuston net,0.084366,High
70.679633,-13.738817,2018,6,Arctic Ocean,Manta net,0.028456,Low
16.36,-159.94,2005,8,Pacific Ocean,Neuston net,0.016196,Low
18.46,-157.58,2004,11,Pacific Ocean,Neuston net,0.0108,Low
20.57,-154.86,2008,5,Pacific Ocean,Neuston net,0.0108,Low
28.0083,-160.3058,2009,9,Pacific Ocean,Neuston net,3.771039,High
41.397303,2.21315,2021,1,Atlantic Ocean,Manta net,0.956667,High
44.44,-67.5,2002,9,Atlantic Ocean,Neuston net,0.0,Low
42.87,-69.43,1999,6,Atlantic Ocean,Neuston net,0.0,Low
49.104,-66.756,2021,7,Atlantic Ocean,Manta net,0.418316,High
56.790167,-2.247667,2020,1,Atlantic Ocean,Neuston net,0.0,Low
55.9855,-4.866667,2014,11,Atlantic Ocean,Neuston net,0.084777,High
39.28,-68.57,1990,10,Atlantic Ocean,Neuston net,0.00432,Low
39.88,-69.44,2002,9,Atlantic Ocean,Neuston net,0.00216,Low
35.6619,-27.745187,2020,11,Atlantic Ocean,Manta net,0.870983,High
36.731746,2.773019,2018,4,Atlantic Ocean,Manta net,0.627637,High
36.731746,2.773019,2018,6,Atlantic Ocean,Manta net,0.291172,High
41.397303,2.21315,2020,11,Atlantic Ocean,Manta net,0.356667,High
36.29165,-145.8333,2015,8,Pacific Ocean,Manta net,2.081533,High
37.3026,-76.2937,2013,11,Atlantic Ocean,Grab sample,0.007,Low
31.61,-70.95,1999,4,Atlantic Ocean,Neuston net,0.0,Low
31.92,-65.57,2000,6,Atlantic Ocean,Neuston net,0.138228,High
34.67,-66.21,1989,5,Atlantic Ocean,Neuston net,0.095032,High
26.02,-68.83,1997,4,Atlantic Ocean,Neuston net,0.079192,Low
31.07,-65.99,1997,4,Atlantic Ocean,Neuston net,0.222152,High
30.68,-67.94,2000,6,Atlantic Ocean,Neuston net,1.592444,High
28.1833,-45.8667,2015,5,Atlantic Ocean,Grab sample,0.016,Low
24.9933,-26.2117,2014,11,Atlantic Ocean,Grab sample,0.024,Low
34.679,-142.0756,2008,2,Pacific Ocean,Neuston net,3.860091,High
30.85,-58.87,1993,10,Atlantic Ocean,Neuston net,0.088552,High
26.01,-59.34,2006,10,Atlantic Ocean,Neuston net,0.111076,High
25.58,-56.28,1992,10,Atlantic Ocean,Neuston net,0.003456,Low
25.05,-73.83,2004,2,Atlantic Ocean,Neuston net,0.003928,Low
26.2,-73.62,1992,2,Atlantic Ocean,Neuston net,0.00288,Low
27.8261,-82.5675,2017,4,Atlantic Ocean,Van Dorn sampler,0.0,Low
27.6934,-82.5559,2017,6,Atlantic Ocean,Van Dorn sampler,4000.0,High
13.7049,-53.6067,2014,12,Atlantic Ocean,Grab sample,0.013,Low
14.23,-61.18,1992,11,Atlantic Ocean,Neuston net,0.0,Low
12.99,-60.14,2001,11,Atlantic Ocean,Neuston net,0.0,Low
30.1667,-140.7683,2018,11,Pacific Ocean,Manta net,4.401403,High
29.92,-80.23,1997,3,Atlantic Ocean,Neuston net,0.01512,Low
25.7,-76.82,2004,2,Atlantic Ocean,Neuston net,0.0,Low
7.73,-85.75,2001,11,Pacific Ocean,Neuston net,0.0,Low
19.96,-146.64,2009,6,Pacific Ocean,Neuston net,0.00216,Low
16.83,-74.48,1995,12,Atlantic Ocean,Neuston net,0.00648,Low
14.03,-63.42,1994,12,Atlantic Ocean,Neuston net,0.00216,Low
14.23,-62.67,1992,12,Atlantic Ocean,Neuston net,0.0,Low
13.92,-70.35,1995,12,Atlantic Ocean,Neuston net,0.002788,Low
-26.131,-37.5873,2010,11,Atlantic Ocean,Neuston net,0.060781,Low
18.72,-78.92,1996,4,Atlantic Ocean,Neuston net,0.00648,Low
18.38,-76.15,1993,2,Atlantic Ocean,Neuston net,0.00216,Low
16.25,-74.98,1989,12,Atlantic Ocean,Neuston net,0.00648,Low
17.0,-78.15,2001,2,Atlantic Ocean,Neuston net,0.0,Low
20.57,-154.86,2007,11,Pacific Ocean,Neuston net,0.0108,Low
20.9955,-154.3647,2019,1,Pacific Ocean,Manta net,0.353437,High
22.413,-153.7496,2019,1,Pacific Ocean,Manta net,0.210769,High
32.35,-155.1,2009,4,Pacific Ocean,Neuston net,0.0,Low
40.58,-157.79,2011,8,Pacific Ocean,Neuston net,0.043748,Low
32.171667,34.791167,2013,7,Atlantic Ocean,Manta net,2.157764,High
50.7794,0.0541,2015,6,Atlantic Ocean,Grab sample,0.0,Low
56.075167,-6.454667,2018,1,Atlantic Ocean,Neuston net,0.009373,Low
67.000717,13.824683,2019,9,Arctic Ocean,Manta net,0.014854,Low
68.941433,15.367,2019,8,Arctic Ocean,Manta net,0.029488,Low
86.2319,-138.81,2016,8,Arctic Ocean,Intake seawater pump,0.4,High
18.46,-157.58,2005,3,Pacific Ocean,Neuston net,0.0108,Low
41.038333,18.533333,2013,5,Atlantic Ocean,Neuston net,1.30491,High
40.038,1.625,2014,10,Atlantic Ocean,Manta net,3.417169,High
43.25,-69.42,2004,9,Atlantic Ocean,Neuston net,0.0,Low
44.125833,9.617667,2018,6,Atlantic Ocean,Manta net,0.017738,Low
41.01,-70.59,1991,6,Atlantic Ocean,Neuston net,0.00432,Low
41.33,-70.91,1997,8,Atlantic Ocean,Neuston net,0.003084,Low
40.0,-70.15,1998,10,Atlantic Ocean,Neuston net,0.00216,Low
41.58,-66.63,1992,5,Atlantic Ocean,Neuston net,0.0,Low
41.63,-63.64,2007,6,Atlantic Ocean,Neuston net,0.0,Low
37.115,-27.92,2013,9,Atlantic Ocean,Manta net,0.427363,High
32.59,-65.55,2001,6,Atlantic Ocean,Neuston net,0.224624,High
39.4,-69.83,1998,10,Atlantic Ocean,Neuston net,0.00432,Low
40.99,-70.67,2008,8,Atlantic Ocean,Neuston net,0.011228,Low
27.1,-72.17,1992,5,Atlantic Ocean,Neuston net,0.02376,Low
22.5915,-31.7097,2014,11,Atlantic Ocean,Grab sample,0.008,Low
32.003092,-143.1145,2015,8,Pacific Ocean,Manta net,4.934588,High
25.14,-84.23,2002,3,Atlantic Ocean,Neuston net,0.0,Low
24.6,-80.12,1997,2,Atlantic Ocean,Neuston net,0.0,Low
25.42,-77.47,1995,5,Atlantic Ocean,Neuston net,0.0,Low
26.5,-58.03,1999,11,Atlantic Ocean,Neuston net,0.00864,Low
20.61,-73.82,2000,2,Atlantic Ocean,Neuston net,0.00216,Low
24.78,-71.63,1990,4,Atlantic Ocean,Neuston net,0.01296,Low
26.51,-79.64,2006,3,Atlantic Ocean,Neuston net,0.003084,Low
27.9899,-82.6316,2017,4,Atlantic Ocean,Van Dorn sampler,1000.0,High
24.03,-138.44,2012,6,Pacific Ocean,Neuston net,0.086572,High
21.15,-142.77,2010,10,Pacific Ocean,Neuston net,0.0,Low
28.41,-140.21,2004,1,Pacific Ocean,Neuston net,0.00216,Low
28.9324,-140.11825,2015,8,Pacific Ocean,Manta net,2.213893,High
31.06,-143.46,2006,5,Pacific Ocean,Neuston net,0.00216,Low
29.967,-144.933,1973,2,Pacific Ocean,Neuston net,0.002,Low
18.301,-64.8292,2016,5,Atlantic Ocean,Grab sample,0.0,Low
17.6365,-63.2573,2014,2,Atlantic Ocean,Grab sample,0.0,Low
15.0,-59.73,1994,11,Atlantic Ocean,Neuston net,0.00166,Low
14.9667,-56.9667,2014,12,Atlantic Ocean,Grab sample,0.001,Low
17.32,-59.93,1993,11,Atlantic Ocean,Neuston net,0.0,Low
-27.00323,-77.51412,2015,10,Pacific Ocean,Neuston net,0.0,Low
-6.96,-115.09,2001,12,Pacific Ocean,Neuston net,0.0,Low
4.41,-145.74,2012,11,Pacific Ocean,Neuston net,0.001596,Low
1.0,-86.0,2017,10,Pacific Ocean,Plankton net,0.54,High
19.03,-79.17,1996,12,Atlantic Ocean,Neuston net,0.0,Low
22.5,-157.43,2003,7,Pacific Ocean,Neuston net,0.00216,Low
20.57,-154.86,2007,3,Pacific Ocean,Neuston net,0.0108,Low
32.35,-155.1,2009,8,Pacific Ocean,Neuston net,0.0,Low
32.76,-150.21,2008,7,Pacific Ocean,Neuston net,0.0,Low
32.059167,34.748333,2014,4,Atlantic Ocean,Manta net,6.418523,High
44.5339,-67.8735,2014,10,Atlantic Ocean,Grab sample,0.009,Low
43.05,-70.01,2005,6,Atlantic Ocean,Neuston net,0.0192,Low
58.249833,-13.034667,2019,9,Atlantic Ocean,Neuston net,0.0,Low
56.981833,-2.086167,2020,1,Atlantic Ocean,Neuston net,0.0,Low
56.004167,-2.9825,2014,12,Atlantic Ocean,Neuston net,0.188642,High
39.9,19.223,2014,10,Atlantic Ocean,Manta net,5.4,High
38.1185,10.761833,2021,9,Atlantic Ocean,Manta net,0.193801,High
42.045183,9.582533,2019,6,Atlantic Ocean,Manta net,0.7346,High
46.75,-54.98,1992,8,Atlantic Ocean,Neuston net,0.00648,Low
43.88,-67.37,1994,9,Atlantic Ocean,Neuston net,0.00648,Low
37.58,-68.63,1995,10,Atlantic Ocean,Neuston net,0.01944,Low
41.89,-70.26,2001,7,Atlantic Ocean,Neuston net,0.0025,Low
41.97,-69.3,2000,9,Atlantic Ocean,Neuston net,0.0,Low
29.23,-59.18,2000,10,Atlantic Ocean,Neuston net,0.014388,Low
27.3,-70.5,1991,5,Atlantic Ocean,Neuston net,0.01296,Low
25.988782,-17.568702,2015,11,Atlantic Ocean,Intake seawater pump,1.0,High
31.24935,-146.28115,2015,8,Pacific Ocean,Manta net,0.707951,High
32.0564,-137.9218,2009,8,Pacific Ocean,Manta net,0.767,High
35.3814,-141.0245,2008,2,Pacific Ocean,Neuston net,8.074308,High
24.56,-83.17,2007,12,Atlantic Ocean,Neuston net,0.0,Low
24.05,-80.15,1994,1,Atlantic Ocean,Neuston net,0.0,Low
24.76,-80.16,1999,3,Atlantic Ocean,Neuston net,0.001964,Low
27.6279,-82.6415,2016,9,Atlantic Ocean,Van Dorn sampler,0.0,Low
29.009007,-135.1075,2015,7,Pacific Ocean,Manta net,1.393601,High
26.89715,-130.59185,2015,9,Pacific Ocean,Manta net,0.183989,High
24.03,-138.44,2012,2,Pacific Ocean,Neuston net,0.0,Low
21.15,-142.77,2011,3,Pacific Ocean,Neuston net,0.0,Low
28.41,-140.21,2004,8,Pacific Ocean,Neuston net,0.0,Low
31.06,-143.46,2005,11,Pacific Ocean,Neuston net,0.00216,Low
17.36,-63.8,2002,11,Atlantic Ocean,Neuston net,0.0,Low
16.63,-63.5,1989,12,Atlantic Ocean,Neuston net,0.00432,Low
14.87,-58.97,1997,11,Atlantic Ocean,Neuston net,0.0,Low
12.2,-61.78,2003,12,Atlantic Ocean,Neuston net,0.0,Low
17.5983,-36.6333,2014,12,Atlantic Ocean,Grab sample,0.02,Low
30.7767,-133.435,2018,12,Pacific Ocean,Manta net,23.06106,High
17.946,-76.75783,2017,11,Atlantic Ocean,Manta net,5.73,High
17.98,-75.4,1996,2,Atlantic Ocean,Neuston net,0.01728,Low
15.9,-74.97,1993,2,Atlantic Ocean,Neuston net,0.0,Low
16.5,-77.6,1997,12,Atlantic Ocean,Neuston net,0.00216,Low
11.25,-66.87,1991,12,Atlantic Ocean,Neuston net,0.0,Low
12.13,-64.27,1987,12,Atlantic Ocean,Neuston net,0.0,Low
-29.168333,-85.061667,2016,4,Pacific Ocean,Manta net,0.070472,Low
5.79,-147.72,2008,6,Pacific Ocean,Neuston net,0.0,Low
4.41,-145.74,2005,10,Pacific Ocean,Neuston net,0.0,Low
2.1683,-39.071,2018,4,Atlantic Ocean,Intake seawater pump,29.0,High
19.24,-143.41,2011,7,Pacific Ocean,Neuston net,0.0,Low
17.61,-76.39,2003,12,Atlantic Ocean,Neuston net,0.145016,High
32.2366,-165.914,2008,1,Pacific Ocean,Neuston net,0.52549,High
57.175,-133.1069,2015,7,Pacific Ocean,Grab sample,0.009,Low
57.723833,-2.554333,2014,11,Atlantic Ocean,Neuston net,0.030549,Low
55.970833,-4.872333,2018,10,Atlantic Ocean,Neuston net,0.230139,High
80.1349,6.14062,2016,8,Arctic Ocean,CTD rosette sampler,148.0,High
6.84,-149.44,2010,11,Pacific Ocean,Neuston net,0.0,Low
8.38,-151.97,2012,9,Pacific Ocean,Neuston net,0.0,Low
43.92,-64.42,1996,6,Atlantic Ocean,Neuston net,0.037436,Low
43.04,-66.0,2007,9,Atlantic Ocean,Neuston net,0.0,Low
43.92,-68.84,1998,6,Atlantic Ocean,Neuston net,0.0,Low
43.7724,7.652,2013,7,Atlantic Ocean,Manta net,0.61915,High
43.015317,9.977433,2019,6,Atlantic Ocean,Manta net,45.836225,High
60.4762,-147.4719,2015,12,Pacific Ocean,Grab sample,0.006,Low
41.169333,8.834333,2012,8,Atlantic Ocean,Manta net,0.680946,High
44.64,-125.27,2002,8,Pacific Ocean,Neuston net,0.007924,Low
42.67,-60.47,1995,7,Atlantic Ocean,Neuston net,0.00648,Low
44.07,-60.6,1994,7,Atlantic Ocean,Neuston net,0.056156,Low
39.11,-69.36,1995,6,Atlantic Ocean,Neuston net,0.0162,Low
42.0,-64.22,1998,7,Atlantic Ocean,Neuston net,0.0,Low
38.2,-60.9,1992,10,Atlantic Ocean,Neuston net,0.0,Low
39.8085,18.486833,2021,7,Atlantic Ocean,Manta net,0.156605,High
39.2555,1.766667,2018,4,Atlantic Ocean,Manta net,0.211163,High
39.774167,11.888333,2013,6,Atlantic Ocean,Neuston net,2.92581,High
31.93,-68.51,2005,4,Atlantic Ocean,Neuston net,0.02376,Low
32.18,-64.61,1997,4,Atlantic Ocean,Neuston net,0.01728,Low
25.6,-57.1,2002,10,Atlantic Ocean,Neuston net,0.0,Low
25.8486,-67.5656,2013,11,Atlantic Ocean,Grab sample,0.029,Low
33.00241,-136.8805,2015,8,Pacific Ocean,Manta net,5.964499,High
34.422667,-139.239667,2019,12,Pacific Ocean,Manta net,42.069682,High
41.07,-137.24,2003,7,Pacific Ocean,Neuston net,0.026448,Low
35.6239,-128.6742,2010,10,Pacific Ocean,Manta net,0.038,Low
26.3,-59.9,2000,4,Atlantic Ocean,Neuston net,0.166308,High
27.5737,-82.6868,2016,9,Atlantic Ocean,Van Dorn sampler,0.0,Low
16.8833,-29.5167,2014,11,Atlantic Ocean,Grab sample,0.008,Low
18.53,-41.32,2014,12,Atlantic Ocean,Grab sample,0.002,Low
16.4895,-47.2143,2014,11,Atlantic Ocean,Grab sample,0.002,Low
30.14065,-133.74765,2015,8,Pacific Ocean,Manta net,4.812514,High
25.78,-76.62,1992,4,Atlantic Ocean,Neuston net,0.01512,Low
26.68,-79.22,2000,2,Atlantic Ocean,Neuston net,0.00864,Low
18.5,-64.37,2015,6,Atlantic Ocean,Grab sample,0.0,Low
17.37,-64.83,1998,12,Atlantic Ocean,Neuston net,0.0,Low
16.64,-59.07,2005,11,Atlantic Ocean,Neuston net,0.005616,Low
19.23,-61.3,1997,11,Atlantic Ocean,Neuston net,0.0,Low
13.98,-61.7,1989,12,Atlantic Ocean,Neuston net,0.0,Low
12.95,-60.15,1995,11,Atlantic Ocean,Neuston net,0.0,Low
16.53,-76.7,2000,12,Atlantic Ocean,Neuston net,0.0,Low
16.44,-78.05,1987,12,Atlantic Ocean,Neuston net,0.00216,Low
16.68,-82.41,2006,4,Atlantic Ocean,Neuston net,0.019636,Low
19.93,-81.81,2008,4,Atlantic Ocean,Neuston net,0.0,Low
14.07,-68.7,1992,12,Atlantic Ocean,Neuston net,0.038876,Low
14.97,-71.18,2000,12,Atlantic Ocean,Neuston net,0.0,Low
-27.078333,-48.47,2015,9,Atlantic Ocean,Manta net,0.113928,High
4.41,-145.74,2012,4,Pacific Ocean,Neuston net,0.0,Low
2.89,-137.24,2010,7,Pacific Ocean,Neuston net,0.003084,Low
19.73,-146.63,2012,10,Pacific Ocean,Neuston net,0.4812,High
17.35,-81.78,1998,4,Atlantic Ocean,Neuston net,0.0,Low
16.5,-82.18,1993,3,Atlantic Ocean,Neuston net,0.0,Low
33.1,-149.63,2010,12,Pacific Ocean,Neuston net,0.00216,Low
31.6661,-148.79285,2015,8,Pacific Ocean,Manta net,0.795527,High
31.746667,34.593,2015,5,Atlantic Ocean,Manta net,10.223308,High
57.6805,-6.056167,2022,1,Atlantic Ocean,Neuston net,0.165077,High
56.803333,-6.842167,2015,1,Atlantic Ocean,Neuston net,0.005078,Low
73.405167,-57.967333,2021,8,Arctic Ocean,Manta net,0.008161,Low
22.6979,-154.6366,2010,10,Pacific Ocean,Manta net,0.008,Low
33.35,-150.87,2012,10,Pacific Ocean,Neuston net,0.874144,High
40.23,-70.38,2001,7,Atlantic Ocean,Neuston net,0.0,Low
37.912383,23.68495,2019,10,Atlantic Ocean,Manta net,0.49096,High
41.263153,1.963507,2021,3,Atlantic Ocean,Manta net,0.738667,High
43.1,-64.21,1992,8,Atlantic Ocean,Neuston net,0.0,Low
31.73,-70.3,1996,5,Atlantic Ocean,Neuston net,0.179264,High
35.01,-65.75,2001,5,Atlantic Ocean,Neuston net,0.01512,Low
34.35,-64.57,1995,5,Atlantic Ocean,Neuston net,0.111612,High
36.51,-64.64,2000,10,Atlantic Ocean,Neuston net,0.01512,Low
36.5,-69.42,1987,5,Atlantic Ocean,Neuston net,0.118792,High
35.9529,-139.6533,2009,8,Pacific Ocean,Manta net,3.381,High
37.8531,-122.4024,2015,6,Pacific Ocean,Grab sample,0.018,Low
22.83,-69.17,1990,4,Atlantic Ocean,Neuston net,0.01512,Low
28.04,-70.42,1999,2,Atlantic Ocean,Neuston net,0.01296,Low
29.27,-68.57,1992,5,Atlantic Ocean,Neuston net,0.183584,High
21.55,-29.8333,2014,11,Atlantic Ocean,Grab sample,0.008,Low
22.4948,-29.7342,2014,11,Atlantic Ocean,Grab sample,0.025,Low
32.84,-147.81,2008,7,Pacific Ocean,Neuston net,0.0,Low
24.36,-82.39,2007,1,Atlantic Ocean,Neuston net,0.00864,Low
24.2,-82.35,1998,1,Atlantic Ocean,Neuston net,0.0,Low
24.55,-80.18,1995,1,Atlantic Ocean,Neuston net,0.01512,Low
24.38,-80.03,1998,3,Atlantic Ocean,Neuston net,0.00216,Low
28.69,-59.68,2007,10,Atlantic Ocean,Neuston net,0.034544,Low
27.6279,-82.6415,2017,4,Atlantic Ocean,Van Dorn sampler,0.0,Low
24.447233,-144.8661,2019,11,Pacific Ocean,Manta net,1.009204,High
25.69,-141.14,2012,2,Pacific Ocean,Neuston net,0.0,Low
24.53,-110.52,2002,11,Pacific Ocean,Neuston net,0.0,Low
26.25,-79.11,1999,3,Atlantic Ocean,Neuston net,0.0,Low
27.9185,-82.5379,2016,8,Atlantic Ocean,Van Dorn sampler,2000.0,High
15.6622,-43.7925,2014,12,Atlantic Ocean,Grab sample,0.059,Low
28.63415,-132.3716,2015,9,Pacific Ocean,Manta net,0.963329,High
24.73,-139.58,2009,11,Pacific Ocean,Neuston net,0.0,Low
23.52,-141.63,2007,10,Pacific Ocean,Neuston net,0.0,Low
22.11,-141.71,2005,2,Pacific Ocean,Neuston net,0.0,Low
20.15,-147.77,2011,3,Pacific Ocean,Neuston net,0.0,Low
12.39,-63.05,1987,12,Atlantic Ocean,Neuston net,0.0108,Low
12.81,-64.41,2000,12,Atlantic Ocean,Neuston net,0.00864,Low
12.1,-68.34,1998,12,Atlantic Ocean,Neuston net,0.00216,Low
14.79,-61.53,2000,11,Atlantic Ocean,Neuston net,0.00864,Low
18.57,-60.82,2005,4,Atlantic Ocean,Neuston net,0.00648,Low
19.25,-61.03,2001,4,Atlantic Ocean,Neuston net,0.01296,Low
-25.8596,-121.3422,2011,4,Pacific Ocean,Manta net,0.043782,Low
-25.801,-34.2127,2010,11,Atlantic Ocean,Neuston net,0.176136,High
-12.94,-139.58,2003,4,Pacific Ocean,Neuston net,0.0,Low
18.18,-105.82,2001,10,Pacific Ocean,Neuston net,0.00216,Low
16.8,-75.32,2004,3,Atlantic Ocean,Neuston net,0.00432,Low
17.03,-76.4,1994,4,Atlantic Ocean,Neuston net,0.00648,Low
36.957,25.362,2017,7,Atlantic Ocean,Manta net,0.978571,High
20.27,-156.47,2012,3,Pacific Ocean,Neuston net,0.0,Low
24.21,-149.32,2012,10,Pacific Ocean,Neuston net,0.08806,High
33.38,-156.38,2011,8,Pacific Ocean,Neuston net,0.0,Low
33.1,-156.49,2009,4,Pacific Ocean,Neuston net,0.0,Low
33.02,-152.9,2004,5,Pacific Ocean,Neuston net,0.0,Low
32.823667,35.035,2014,12,Atlantic Ocean,Manta net,0.338855,High
58.169833,-3.324,2022,1,Atlantic Ocean,Neuston net,0.008347,Low
56.473167,-6.669667,2018,1,Atlantic Ocean,Neuston net,0.436183,High
87.9254,-130.91,2016,8,Arctic Ocean,Intake seawater pump,0.5,High
12.95,-156.94,2004,12,Pacific Ocean,Neuston net,0.0216,Low
15.25,-157.55,2009,7,Pacific Ocean,Neuston net,0.0,Low
17.55,-158.31,2007,12,Pacific Ocean,Neuston net,0.011996,Low
41.4995,18.8355,2013,5,Atlantic Ocean,Neuston net,0.140056,High
42.154167,7.142833,2021,10,Atlantic Ocean,Manta net,0.332265,High
41.389383,2.203525,2021,4,Atlantic Ocean,Manta net,0.460667,High
42.7337,9.0328,2010,7,Atlantic Ocean,Neuston net,0.918317,High
42.6659,9.6224,2014,10,Atlantic Ocean,Manta net,19.215964,High
40.87,-68.7,2002,7,Atlantic Ocean,Neuston net,0.008096,Low
38.17,-62.73,2005,10,Atlantic Ocean,Neuston net,0.0,Low
36.87,-64.17,1993,10,Atlantic Ocean,Neuston net,0.01728,Low
34.431667,-27.53,2013,9,Atlantic Ocean,Manta net,0.583664,High
35.3927,-12.1803,2017,10,Atlantic Ocean,Intake seawater pump,63.0,High
34.3,-62.96,1998,10,Atlantic Ocean,Neuston net,0.001964,Low
36.23,-64.07,2007,5,Atlantic Ocean,Neuston net,0.0,Low
35.62,-65.95,1987,6,Atlantic Ocean,Neuston net,0.010368,Low
28.93,-70.54,1992,5,Atlantic Ocean,Neuston net,0.00432,Low
30.72,-74.02,2000,4,Atlantic Ocean,Neuston net,0.025916,Low
30.5454,-46.6554,2013,7,Atlantic Ocean,Neuston net,1.696222,High
33.06,-148.13,2006,4,Pacific Ocean,Neuston net,0.0,Low
24.23,-81.59,2002,3,Atlantic Ocean,Neuston net,0.0,Low
23.62,-80.38,1997,4,Atlantic Ocean,Neuston net,0.00432,Low
24.37,-74.65,2000,2,Atlantic Ocean,Neuston net,0.041036,Low
23.68,-75.22,1998,2,Atlantic Ocean,Neuston net,0.001964,Low
29.4,-59.07,2001,10,Atlantic Ocean,Neuston net,0.0216,Low
23.98,-73.02,1990,4,Atlantic Ocean,Neuston net,0.00864,Low
28.999632,-140.4615,2015,7,Pacific Ocean,Manta net,0.942509,High
26.32,-74.38,1994,2,Atlantic Ocean,Neuston net,0.0,Low
26.2,-78.47,1993,3,Atlantic Ocean,Neuston net,0.012344,Low
27.68,-79.09,1999,2,Atlantic Ocean,Neuston net,0.0,Low
27.729,-82.4987,2016,7,Atlantic Ocean,Van Dorn sampler,0.0,Low
13.67,-70.82,1998,12,Atlantic Ocean,Neuston net,0.0,Low
14.6,-62.17,1995,12,Atlantic Ocean,Neuston net,0.002736,Low
16.5967,-43.5367,2014,12,Atlantic Ocean,Grab sample,0.037,Low
25.94,-146.58,2008,10,Pacific Ocean,Neuston net,0.326132,High
27.6211,-142.9629,2015,8,Pacific Ocean,Manta net,2.094789,High
-26.49316,-105.64031,2015,11,Pacific Ocean,AVANI net,0.01426,Low
-30.5732,-96.2025,2011,4,Pacific Ocean,Manta net,0.482059,High
-26.2905,-11.288,2011,1,Atlantic Ocean,Neuston net,1.095319,High
-7.67,-140.09,2003,3,Pacific Ocean,Neuston net,0.0,Low
-0.57,-90.57,2016,4,Pacific Ocean,Grab sample,0.003,Low
-2.0,-86.0,2017,10,Pacific Ocean,Plankton net,0.59,High
58.0042,-153.2685,2014,10,Pacific Ocean,Grab sample,0.014,Low
10.33,-156.71,2006,11,Pacific Ocean,Neuston net,0.00216,Low
12.09,-159.15,2003,5,Pacific Ocean,Neuston net,0.0,Low
12.95,-156.94,2011,7,Pacific Ocean,Neuston net,0.0216,Low
20.14,-148.94,2005,12,Pacific Ocean,Neuston net,0.0,Low
24.21,-149.32,2006,5,Pacific Ocean,Neuston net,0.0,Low
42.67,-69.32,1992,5,Atlantic Ocean,Neuston net,0.0108,Low
57.7155,-1.993833,2018,1,Atlantic Ocean,Neuston net,0.0,Low
56.443167,-2.618667,2017,12,Atlantic Ocean,Neuston net,0.0,Low
40.77,-68.69,1991,7,Atlantic Ocean,Neuston net,0.0,Low
36.144517,-5.245567,2013,10,Atlantic Ocean,Manta net,1.979281,High
37.8,24.3,2015,6,Atlantic Ocean,Manta net,0.1,High
39.324283,2.815883,2013,8,Atlantic Ocean,Manta net,3.265685,High
37.314,11.563,2013,6,Atlantic Ocean,Neuston net,5.432309,High
47.5122,-122.4973,2014,12,Pacific Ocean,Grab sample,0.013,Low
32.4511,-65.8358,2015,5,Atlantic Ocean,Grab sample,0.01,Low
33.63,-63.92,1995,10,Atlantic Ocean,Neuston net,0.06562,Low
40.82,-68.47,2005,8,Atlantic Ocean,Neuston net,0.0108,Low
33.18635,-128.7975,2015,7,Pacific Ocean,Manta net,1.635606,High
32.5597,-118.1644,2009,8,Pacific Ocean,Manta net,0.009,Low
22.9,-72.07,1993,2,Atlantic Ocean,Neuston net,0.00216,Low
25.28,-72.16,2002,2,Atlantic Ocean,Neuston net,0.024,Low
28.08,-68.61,2000,4,Atlantic Ocean,Neuston net,0.006172,Low
31.08,-67.97,1995,5,Atlantic Ocean,Neuston net,0.0,Low
30.2,-68.43,1994,5,Atlantic Ocean,Neuston net,0.032396,Low
29.14,-71.19,1990,4,Atlantic Ocean,Neuston net,0.0,Low
25.62,-76.55,1992,4,Atlantic Ocean,Neuston net,0.032396,Low
25.68,-76.43,1997,5,Atlantic Ocean,Neuston net,0.0,Low
23.23,-74.93,1996,2,Atlantic Ocean,Neuston net,0.00432,Low
28.7729,-51.0777,2010,2,Atlantic Ocean,Neuston net,1.788169,High
27.59,-55.51,2005,10,Atlantic Ocean,Neuston net,1.449752,High
20.68,-58.57,1991,10,Atlantic Ocean,Neuston net,0.01728,Low
24.25,-81.93,2000,3,Atlantic Ocean,Neuston net,0.0189,Low
30.1863,-85.7392,2014,4,Atlantic Ocean,Grab sample,0.008,Low
27.84,-140.77,2009,5,Pacific Ocean,Neuston net,0.0024,Low
29.37,-139.91,2003,10,Pacific Ocean,Neuston net,0.0,Low
30.000585,-138.7765,2015,8,Pacific Ocean,Manta net,7.799283,High
25.98,-78.28,1992,2,Atlantic Ocean,Neuston net,0.0,Low
26.7,-79.32,1997,3,Atlantic Ocean,Neuston net,0.00432,Low
20.02,-70.32,2000,5,Atlantic Ocean,Neuston net,0.0,Low
19.33,-69.16,2000,3,Atlantic Ocean,Neuston net,0.028076,Low
15.25,-62.1,1996,12,Atlantic Ocean,Neuston net,0.0,Low
14.58,-61.33,1992,11,Atlantic Ocean,Neuston net,0.00432,Low
10.758064,-61.436573,2015,9,Atlantic Ocean,Hand picking,0.0,Low
23.35,-144.31,2011,5,Pacific Ocean,Neuston net,0.0,Low
10.3149,-109.2121,2016,3,Pacific Ocean,Grab sample,0.001,Low
17.97,-74.48,1993,12,Atlantic Ocean,Neuston net,0.0,Low
15.47,-75.38,1996,12,Atlantic Ocean,Neuston net,0.0,Low
16.48,-78.6,2008,12,Atlantic Ocean,Neuston net,0.0,Low
16.7156,-87.8752,2015,3,Atlantic Ocean,Grab sample,0.0,Low
9.39,-84.95,2001,11,Pacific Ocean,Neuston net,0.0,Low
-29.5605,-98.8063,2011,4,Pacific Ocean,Neuston net,0.268282,High
-2.97,-103.19,2001,12,Pacific Ocean,Neuston net,0.0,Low
19.62,-146.5,2004,4,Pacific Ocean,Neuston net,0.0,Low
19.51,-144.23,2006,7,Pacific Ocean,Neuston net,0.0,Low
16.83,-83.6,1996,2,Atlantic Ocean,Neuston net,0.0,Low
33.0882,-153.04565,2015,8,Pacific Ocean,Manta net,1.02716,High
43.019233,6.348167,2017,5,Atlantic Ocean,Manta net,0.018919,Low
62.176667,-52.435,2016,7,Arctic Ocean,Manta net,0.047716,Low
55.7505,-4.8955,2017,10,Atlantic Ocean,Neuston net,0.021562,Low
14.12,-157.12,2012,11,Pacific Ocean,Neuston net,0.566396,High
19.6463,-156.0176,2016,4,Pacific Ocean,Grab sample,0.0,Low
20.6,-154.81,2004,4,Pacific Ocean,Neuston net,0.01152,Low
48.3996,-122.4946,2015,5,Pacific Ocean,Grab sample,0.002,Low
43.91,-59.0,2000,7,Atlantic Ocean,Neuston net,0.0,Low
46.07,-57.29,2001,7,Atlantic Ocean,Neuston net,0.043196,Low
43.2465,5.2947,2018,10,Atlantic Ocean,Manta net,0.108312,High
44.411064,8.751844,2019,5,Atlantic Ocean,Manta net,0.063966,Low
42.25,-61.83,2004,5,Atlantic Ocean,Neuston net,0.003084,Low
35.88,-58.03,1991,10,Atlantic Ocean,Neuston net,0.02376,Low
37.299167,-1.209167,2014,5,Atlantic Ocean,Manta net,0.394101,High
37.2615,15.270167,2021,6,Atlantic Ocean,Manta net,0.333747,High
41.403637,2.2193,2020,12,Atlantic Ocean,Manta net,11.841333,High
51.522833,-146.003833,2019,3,Pacific Ocean,Neuston net,0.04933,Low
32.99,-63.46,2002,5,Atlantic Ocean,Neuston net,0.382384,High
39.03,-68.33,1992,10,Atlantic Ocean,Neuston net,0.00432,Low
41.45,-70.77,1994,8,Atlantic Ocean,Neuston net,0.00216,Low
40.57,-70.6,1994,8,Atlantic Ocean,Neuston net,0.00864,Low
40.37,-70.44,2005,7,Atlantic Ocean,Neuston net,0.0,Low
25.25,-69.42,1990,4,Atlantic Ocean,Neuston net,0.0108,Low
26.87,-71.95,1993,5,Atlantic Ocean,Neuston net,0.035112,Low
27.52,-68.88,1990,5,Atlantic Ocean,Neuston net,0.00864,Low
26.23,-67.97,1998,2,Atlantic Ocean,Neuston net,0.030236,Low
30.66,-71.47,2001,4,Atlantic Ocean,Neuston net,0.07144,Low
25.3751,-62.4785,2010,1,Atlantic Ocean,Neuston net,0.075559,Low
28.65,-74.48,1997,2,Atlantic Ocean,Neuston net,0.058316,Low
25.92,-75.79,1993,5,Atlantic Ocean,Neuston net,0.00648,Low
26.17,-78.62,1992,4,Atlantic Ocean,Neuston net,0.0,Low
27.8589,-82.4686,2017,6,Atlantic Ocean,Van Dorn sampler,0.0,Low
24.59,-143.47,2005,2,Pacific Ocean,Neuston net,0.041396,Low
26.6,-142.77,2007,8,Pacific Ocean,Neuston net,0.0,Low
27.0671,-144.2697,2014,9,Pacific Ocean,Grab sample,0.015,Low
28.72,-140.03,2007,7,Pacific Ocean,Neuston net,0.0,Low
29.98,-140.0,2009,10,Pacific Ocean,Neuston net,0.0,Low
13.98,-61.03,1997,12,Atlantic Ocean,Neuston net,0.00648,Low
13.88,-61.71,2004,11,Atlantic Ocean,Neuston net,0.0,Low
13.2,-61.32,1994,12,Atlantic Ocean,Neuston net,0.0,Low
16.8575,-25.3017,2015,1,Atlantic Ocean,Grab sample,0.009,Low
16.412,-47.8163,2014,12,Atlantic Ocean,Grab sample,0.012,Low
10.924349,-21.398793,2015,11,Atlantic Ocean,Intake seawater pump,0.0,Low
17.42,-66.22,1993,12,Atlantic Ocean,Neuston net,0.0,Low
16.68,-64.27,2007,11,Atlantic Ocean,Neuston net,0.0,Low
14.7667,-56.2833,2014,12,Atlantic Ocean,Grab sample,0.0,Low
14.8735,-53.5194,2014,12,Atlantic Ocean,Grab sample,0.0,Low
-25.8596,-121.3422,2011,4,Pacific Ocean,Neuston net,0.051101,Low
-15.097,-147.3415,2016,8,Pacific Ocean,Manta net,0.0,Low
3.667,-119.6,1987,9,Pacific Ocean,Manta net,0.0,Low
5.0,-85.883,1987,10,Pacific Ocean,Manta net,0.087,High
19.62,-146.5,2004,11,Pacific Ocean,Neuston net,0.00216,Low
19.51,-144.23,2007,3,Pacific Ocean,Neuston net,0.0,Low
28.39075,-149.92875,2015,8,Pacific Ocean,Manta net,0.954332,High
33.09,-156.27,2007,7,Pacific Ocean,Neuston net,0.00266,Low
33.02,-152.9,2004,12,Pacific Ocean,Neuston net,0.0,Low
40.38,-157.49,2007,7,Pacific Ocean,Neuston net,0.44862,High
35.1845,30.4539,2014,8,Atlantic Ocean,Manta net,0.208805,High
-17.763,-149.578333,2016,7,Pacific Ocean,Manta net,0.002212,Low
2.29,-156.98,2012,11,Pacific Ocean,Neuston net,0.0,Low
17.55,-158.31,2008,6,Pacific Ocean,Neuston net,0.011996,Low
19.24,-156.55,2010,11,Pacific Ocean,Neuston net,0.0,Low
20.35,-154.67,2010,10,Pacific Ocean,Neuston net,0.0,Low
24.21,-149.32,2012,6,Pacific Ocean,Neuston net,0.0,Low
43.210564,5.406093,2019,6,Atlantic Ocean,Manta net,0.249169,High
43.6011,7.4884,2014,6,Atlantic Ocean,Manta net,0.295986,High
42.838333,6.435,2017,7,Atlantic Ocean,Manta net,0.17167,High
60.269833,-0.682333,2014,1,Atlantic Ocean,Neuston net,0.0,Low
54.752667,-4.151167,2014,11,Atlantic Ocean,Neuston net,0.037218,Low
55.45,-4.848,2014,11,Atlantic Ocean,Neuston net,0.0,Low
42.85,-69.61,2007,7,Atlantic Ocean,Neuston net,0.0,Low
42.8136,3.9276,2010,8,Atlantic Ocean,Neuston net,0.118574,High
43.02,6.05,2015,10,Atlantic Ocean,Manta net,0.084035,High
43.3088,5.325,2019,6,Atlantic Ocean,Manta net,0.091036,High
40.82,-70.11,1998,8,Atlantic Ocean,Neuston net,0.0,Low
38.64,-63.99,2002,10,Atlantic Ocean,Neuston net,0.045356,Low
36.731746,2.773019,2018,11,Atlantic Ocean,Manta net,0.640578,High
41.05585,9.787617,2018,6,Atlantic Ocean,Manta net,0.0615,Low
41.397303,2.21315,2021,3,Atlantic Ocean,Manta net,9.202,High
39.35,-68.48,1989,5,Atlantic Ocean,Neuston net,0.0216,Low
41.18,-70.87,1993,8,Atlantic Ocean,Neuston net,0.0,Low
41.84,-70.25,2002,7,Atlantic Ocean,Neuston net,0.0,Low
26.93,-59.08,1997,10,Atlantic Ocean,Neuston net,0.0,Low
29.048667,-72.560167,2021,5,Atlantic Ocean,Manta net,0.225055,High
20.3167,-36.3333,2014,12,Atlantic Ocean,Grab sample,0.014,Low
40.68,-128.9,2009,8,Pacific Ocean,Neuston net,2.611356,High
21.54,-81.02,2001,3,Atlantic Ocean,Neuston net,0.0,Low
24.38,-82.53,2001,1,Atlantic Ocean,Neuston net,0.0,Low
23.84,-81.55,2005,3,Atlantic Ocean,Neuston net,0.030236,Low
24.0,-82.03,2004,4,Atlantic Ocean,Neuston net,0.0108,Low
28.59,-61.45,1998,10,Atlantic Ocean,Neuston net,0.02376,Low
28.17,-57.8,1992,10,Atlantic Ocean,Neuston net,0.0,Low
27.897,-82.4382,2016,7,Atlantic Ocean,Van Dorn sampler,0.0,Low
27.7084,-82.6092,2016,9,Atlantic Ocean,Van Dorn sampler,1000.0,High
19.9337,-42.085,2014,12,Atlantic Ocean,Grab sample,0.016,Low
28.72,-140.03,2008,3,Pacific Ocean,Neuston net,0.0,Low
25.71,-77.17,2001,2,Atlantic Ocean,Neuston net,0.01296,Low
26.53,-79.6,2004,2,Atlantic Ocean,Neuston net,0.00432,Low
12.65,-68.65,2004,12,Atlantic Ocean,Neuston net,0.0,Low
17.02,-71.52,2004,12,Atlantic Ocean,Neuston net,0.0,Low
17.68,-64.95,1994,12,Atlantic Ocean,Neuston net,0.00216,Low
17.52,-64.6,1991,2,Atlantic Ocean,Neuston net,0.00864,Low
15.53,-59.1,1993,11,Atlantic Ocean,Neuston net,0.0,Low
13.28,-61.38,1991,2,Atlantic Ocean,Neuston net,0.00216,Low
18.95,-75.78,2005,3,Atlantic Ocean,Neuston net,0.00648,Low
17.94839,-76.81881,2017,11,Atlantic Ocean,Manta net,0.72,High
17.946306,-76.754944,2017,9,Atlantic Ocean,Manta net,1.48,High
16.82,-81.21,2000,12,Atlantic Ocean,Neuston net,0.0,Low
-27.00157,-98.65132,2015,10,Pacific Ocean,Neuston net,0.06545,Low
-20.1287,-33.2208,2017,11,Atlantic Ocean,Intake seawater pump,57.0,High
15.57,-78.98,1993,3,Atlantic Ocean,Neuston net,0.0,Low
17.0,-79.5,1996,12,Atlantic Ocean,Neuston net,0.00216,Low
16.68,-83.53,1994,4,Atlantic Ocean,Neuston net,0.0,Low
14.12,-157.12,2007,4,Pacific Ocean,Neuston net,0.0,Low
19.24,-156.55,2009,12,Pacific Ocean,Neuston net,0.0,Low
33.09,-156.27,2006,12,Pacific Ocean,Neuston net,0.00266,Low
33.1,-149.63,2011,4,Pacific Ocean,Neuston net,0.00216,Low
34.3742,-150.30375,2015,8,Pacific Ocean,Manta net,0.558239,High
43.440208,-9.991523,2015,11,Atlantic Ocean,Intake seawater pump,1.0,High
42.881833,5.9195,2015,8,Atlantic Ocean,Manta net,0.270176,High
58.355833,-6.814333,2014,1,Atlantic Ocean,Neuston net,0.016272,Low
57.8075,-7.665667,2018,1,Atlantic Ocean,Neuston net,0.045086,Low
67.4561,-95.3573,2016,8,Arctic Ocean,Grab sample,0.003,Low
38.303,15.6206,2014,7,Atlantic Ocean,Manta net,3.664856,High
36.78695,2.86953,2018,1,Atlantic Ocean,Manta net,1.499804,High
38.94,11.450667,2021,9,Atlantic Ocean,Manta net,0.967838,High
41.575135,2.553135,2021,2,Atlantic Ocean,Manta net,0.741333,High
41.62,-69.26,2002,8,Atlantic Ocean,Neuston net,0.003324,Low
39.12,-66.41,1989,6,Atlantic Ocean,Neuston net,0.0,Low
36.74,-60.34,2005,10,Atlantic Ocean,Neuston net,0.0,Low
35.9477,-5.3356,2014,12,Atlantic Ocean,Grab sample,0.014,Low
29.231667,-20.103333,2013,9,Atlantic Ocean,Manta net,0.121448,High
33.08,-147.02,2003,12,Pacific Ocean,Neuston net,0.0,Low
34.0636,-141.6052,2009,8,Pacific Ocean,Manta net,1.582,High
36.626667,-144.324167,2015,8,Pacific Ocean,Manta net,9.419626,High
32.1763,-131.4177,2009,8,Pacific Ocean,Manta net,0.165,High
23.6,-57.05,2000,11,Atlantic Ocean,Neuston net,0.127176,High
24.84,-65.48,2001,5,Atlantic Ocean,Neuston net,0.0108,Low
21.12,-69.31,2001,2,Atlantic Ocean,Neuston net,0.0,Low
22.86,-73.86,1990,4,Atlantic Ocean,Neuston net,0.0,Low
27.8,-72.67,2005,2,Atlantic Ocean,Neuston net,0.0135,Low
27.62,-72.5,2000,6,Atlantic Ocean,Neuston net,2.23758,High
24.59,-83.34,2008,2,Atlantic Ocean,Neuston net,0.013516,Low
23.93,-74.78,1998,4,Atlantic Ocean,Neuston net,0.0,Low
23.8,-75.15,1995,5,Atlantic Ocean,Neuston net,0.00576,Low
23.17,-74.63,1998,2,Atlantic Ocean,Neuston net,0.0,Low
25.75,-76.77,1991,4,Atlantic Ocean,Neuston net,0.0,Low
26.73,-79.83,2000,4,Atlantic Ocean,Neuston net,0.0,Low
27.729,-82.4987,2017,5,Atlantic Ocean,Van Dorn sampler,1000.0,High
14.5984,-61.0695,2014,3,Atlantic Ocean,Grab sample,0.004,Low
19.5,-57.91,2007,10,Atlantic Ocean,Neuston net,0.0,Low
23.52,-141.63,2008,5,Pacific Ocean,Neuston net,0.0,Low
24.59,-143.47,2012,10,Pacific Ocean,Neuston net,0.432716,High
24.37,-147.78,2003,11,Pacific Ocean,Neuston net,0.0,Low
24.37,-147.78,2011,2,Pacific Ocean,Neuston net,0.892728,High
16.9733,-87.7025,2015,3,Atlantic Ocean,Grab sample,0.0,Low
13.88,-62.63,1994,12,Atlantic Ocean,Neuston net,0.046332,Low
16.73,-69.02,2004,3,Atlantic Ocean,Neuston net,0.0,Low
17.02,-70.05,1991,12,Atlantic Ocean,Neuston net,0.00216,Low
16.02,-71.78,1997,12,Atlantic Ocean,Neuston net,0.0,Low
-26.46663,-105.38905,2015,11,Pacific Ocean,AVANI net,0.116665,High
-29.0453,-101.7302,2011,4,Pacific Ocean,Manta net,0.654493,High
-8.988812,-1.531077,2015,11,Atlantic Ocean,Intake seawater pump,2.0,High
1.1903,-98.1958,2016,9,Pacific Ocean,Grab sample,0.0,Low
18.97,-75.08,1995,2,Atlantic Ocean,Neuston net,0.01728,Low
19.23,-155.0,2003,4,Pacific Ocean,Neuston net,0.116632,High
59.6387,-153.3957,2013,7,Pacific Ocean,Grab sample,0.017,Low
55.616667,-5.437333,2016,1,Atlantic Ocean,Neuston net,0.0,Low
56.0065,-3.2035,2017,12,Atlantic Ocean,Neuston net,0.008601,Low
6.84,-149.44,2011,4,Pacific Ocean,Neuston net,0.0,Low
8.38,-151.97,2004,5,Pacific Ocean,Neuston net,0.0,Low
14.12,-157.12,2006,10,Pacific Ocean,Neuston net,0.0,Low
40.48,-70.94,2005,8,Atlantic Ocean,Neuston net,0.0,Low
41.45,-67.83,1997,6,Atlantic Ocean,Neuston net,0.001964,Low
34.87,-57.38,1989,10,Atlantic Ocean,Neuston net,0.00864,Low
31.38,-59.92,1994,10,Atlantic Ocean,Neuston net,0.036716,Low
37.354233,-13.465,2013,10,Atlantic Ocean,Manta net,0.551471,High
39.563333,-17.643333,2014,8,Atlantic Ocean,Manta net,0.279094,High
34.1,-66.32,1995,6,Atlantic Ocean,Neuston net,0.069116,Low
34.32,-63.78,2005,5,Atlantic Ocean,Neuston net,0.045356,Low
35.4,-65.87,1994,5,Atlantic Ocean,Neuston net,0.079912,Low
35.96,-68.08,2000,10,Atlantic Ocean,Neuston net,0.063356,Low
39.22,-69.71,2000,7,Atlantic Ocean,Neuston net,0.0,Low
36.84455,-146.5259,2015,8,Pacific Ocean,Manta net,2.210857,High
33.35,-64.77,1997,10,Atlantic Ocean,Neuston net,0.384448,High
28.0,-62.3,1995,10,Atlantic Ocean,Neuston net,0.025916,Low
30.84,-65.66,2000,4,Atlantic Ocean,Neuston net,0.003928,Low
29.82,-73.46,2008,4,Atlantic Ocean,Neuston net,0.00864,Low
33.08,-147.02,2003,10,Pacific Ocean,Neuston net,0.0,Low
32.6319,-140.3102,2009,8,Pacific Ocean,Manta net,1.537,High
37.6258,-147.19425,2015,8,Pacific Ocean,Manta net,1.18797,High
20.3962,-87.3132,2014,1,Atlantic Ocean,Grab sample,0.004,Low
25.1508,-80.5131,2015,3,Atlantic Ocean,Grab sample,0.002,Low
24.05,-82.22,2008,12,Atlantic Ocean,Neuston net,0.0,Low
25.25,-77.25,1997,5,Atlantic Ocean,Neuston net,0.146868,High
25.58,-75.0,1991,4,Atlantic Ocean,Neuston net,0.032396,Low
27.07,-72.95,1992,2,Atlantic Ocean,Neuston net,0.01512,Low
27.57,-79.73,1997,3,Atlantic Ocean,Neuston net,0.01512,Low
30.001983,-140.813,2015,8,Pacific Ocean,Manta net,5.263433,High
30.985335,-141.239,2015,8,Pacific Ocean,Manta net,8.261449,High
25.92,-76.75,1993,2,Atlantic Ocean,Neuston net,0.030236,Low
26.2,-78.25,1993,5,Atlantic Ocean,Neuston net,0.01728,Low
25.88,-79.73,1998,2,Atlantic Ocean,Neuston net,0.0108,Low
27.37,-79.79,1994,5,Atlantic Ocean,Neuston net,0.0,Low
13.85,-61.07,1993,11,Atlantic Ocean,Neuston net,0.0,Low
13.63,-59.38,1991,11,Atlantic Ocean,Neuston net,0.095032,High
14.1018,-48.7417,2014,12,Atlantic Ocean,Grab sample,0.01,Low
15.1186,-43.8898,2014,12,Atlantic Ocean,Grab sample,0.005,Low
24.37,-147.78,2004,3,Pacific Ocean,Neuston net,0.0,Low
26.6,-142.77,2006,12,Pacific Ocean,Neuston net,0.0,Low
16.4,-85.1,1994,3,Atlantic Ocean,Neuston net,0.0,Low
18.05,-83.68,2007,12,Atlantic Ocean,Neuston net,0.0,Low
18.41,-68.23,2015,2,Atlantic Ocean,Grab sample,0.0,Low
18.03,-68.42,1989,12,Atlantic Ocean,Neuston net,0.0,Low
17.2,-63.0,1996,12,Atlantic Ocean,Neuston net,0.0,Low
15.48,-62.53,1997,12,Atlantic Ocean,Neuston net,0.0,Low
-25.5345,-109.683,2016,5,Pacific Ocean,Manta net,0.069431,Low
18.02,-79.13,1991,12,Atlantic Ocean,Neuston net,0.00216,Low
18.14,-74.58,2000,12,Atlantic Ocean,Neuston net,0.00216,Low
12.65,-62.57,1989,12,Atlantic Ocean,Neuston net,0.00216,Low
14.09,-63.97,1998,12,Atlantic Ocean,Neuston net,0.0,Low
22.99,-148.78,2009,5,Pacific Ocean,Neuston net,0.0,Low
33.35,-150.87,2012,4,Pacific Ocean,Neuston net,0.034888,Low
36.2547,-153.71465,2015,8,Pacific Ocean,Manta net,1.0534,High
40.38,-157.49,2005,10,Pacific Ocean,Neuston net,0.44862,High
22.0984,-160.9692,2008,1,Pacific Ocean,Neuston net,0.29312,High
55.9395,-4.635833,2019,11,Atlantic Ocean,Neuston net,0.107489,High
80.56276,8.03511,2016,8,Arctic Ocean,CTD rosette sampler,56.0,High
8.38,-151.97,2005,10,Pacific Ocean,Neuston net,0.003456,Low
10.33,-156.71,2008,6,Pacific Ocean,Neuston net,0.00216,Low
24.21,-149.32,2007,2,Pacific Ocean,Neuston net,0.0,Low
42.53,-62.88,1991,8,Atlantic Ocean,Neuston net,0.0,Low
42.86,-67.39,2007,9,Atlantic Ocean,Neuston net,0.00982,Low
44.28415,9.315583,2019,6,Atlantic Ocean,Manta net,1.02435,High
43.7453,7.4453,2013,7,Atlantic Ocean,Manta net,0.79316,High
42.9928,6.8771,2013,7,Atlantic Ocean,Manta net,0.42574,High
57.720333,-3.551667,2014,5,Atlantic Ocean,Neuston net,0.005857,Low
37.962667,15.4195,2021,7,Atlantic Ocean,Manta net,0.171999,High
39.487,20.079,2015,4,Atlantic Ocean,Manta net,0.663333,High
44.23,-60.95,1999,7,Atlantic Ocean,Neuston net,0.0,Low
44.55,-61.4,1998,7,Atlantic Ocean,Neuston net,0.00926,Low
40.72,-68.28,1995,7,Atlantic Ocean,Neuston net,0.0108,Low
40.3,-70.18,1992,10,Atlantic Ocean,Neuston net,0.00216,Low
41.07,-65.38,1994,7,Atlantic Ocean,Neuston net,0.00216,Low
37.45,-57.42,1991,10,Atlantic Ocean,Neuston net,0.0216,Low
34.12,-58.17,1992,10,Atlantic Ocean,Neuston net,0.129588,High
32.6252,-36.4067,2013,6,Atlantic Ocean,Neuston net,0.279013,High
20.65,-72.73,1993,1,Atlantic Ocean,Neuston net,0.0,Low
31.18,-73.25,2005,4,Atlantic Ocean,Neuston net,0.0,Low
30.155,-15.155,2015,9,Atlantic Ocean,Grab sample,0.001,Low
40.68,-128.9,2008,6,Pacific Ocean,Neuston net,2.611356,High
31.26,-67.9,1997,4,Atlantic Ocean,Neuston net,0.0,Low
24.42,-81.7,2004,1,Atlantic Ocean,Neuston net,0.0,Low
24.17,-83.48,2006,4,Atlantic Ocean,Neuston net,0.0031,Low
28.12,-58.29,2002,10,Atlantic Ocean,Neuston net,0.00432,Low
21.11,-60.02,1996,11,Atlantic Ocean,Neuston net,0.00216,Low
23.0016,-67.2478,2013,11,Atlantic Ocean,Grab sample,0.028,Low
27.6081,-82.5712,2017,5,Atlantic Ocean,Van Dorn sampler,0.0,Low
23.52,-141.63,2007,2,Pacific Ocean,Neuston net,0.0,Low
22.11,-141.71,2004,10,Pacific Ocean,Neuston net,0.0,Low
24.37,-147.78,2004,10,Pacific Ocean,Neuston net,0.892728,High
23.5276,-108.5381,2015,4,Pacific Ocean,Grab sample,0.003,Low
13.8,-72.48,1987,12,Atlantic Ocean,Neuston net,0.0144,Low
15.75,-62.5,1993,11,Atlantic Ocean,Neuston net,0.0,Low
12.49,-61.68,1993,12,Atlantic Ocean,Neuston net,0.0,Low
11.87,-61.33,1995,11,Atlantic Ocean,Neuston net,0.0108,Low
16.6899,-28.0377,2014,11,Atlantic Ocean,Grab sample,0.004,Low
15.7117,-37.3467,2014,12,Atlantic Ocean,Grab sample,0.002,Low
-32.8038,-86.2393,2011,3,Pacific Ocean,Neuston net,0.01022,Low
-14.41,-146.41,2002,2,Pacific Ocean,Neuston net,0.00432,Low
5.79,-147.72,2007,12,Pacific Ocean,Neuston net,0.0,Low
4.41,-145.74,2005,4,Pacific Ocean,Neuston net,0.0,Low
2.698333,-131.735,2017,4,Pacific Ocean,Manta net,0.0,Low
-0.14,-128.33,2002,12,Pacific Ocean,Neuston net,0.0,Low
42.884167,27.989167,2017,8,Atlantic Ocean,Manta net,0.536849,High
60.0661,-149.4395,2015,6,Pacific Ocean,Grab sample,0.006,Low
58.515167,0.444667,2022,1,Atlantic Ocean,Neuston net,0.022677,Low
73.666667,-12.916667,2017,9,Arctic Ocean,Manta net,0.065916,Low
6.84,-149.44,2010,7,Pacific Ocean,Neuston net,0.0,Low
29.02,-148.63,2019,7,Pacific Ocean,Manta net,1.848387,High
41.3213,-155.7068,2011,11,Pacific Ocean,Neuston net,2.479603,High
42.82,-63.57,1989,8,Atlantic Ocean,Neuston net,0.01512,Low
42.4,-70.44,2004,8,Atlantic Ocean,Neuston net,0.0108,Low
43.48,-69.66,1992,5,Atlantic Ocean,Neuston net,0.0,Low
43.0879,5.7908,2014,9,Atlantic Ocean,Manta net,0.352637,High
44.230539,9.106589,2018,9,Atlantic Ocean,Manta net,0.600998,High
60.2195,-39.290167,2021,6,Atlantic Ocean,Manta net,0.013134,Low
42.32,-69.02,2001,8,Atlantic Ocean,Neuston net,0.0,Low
41.39,-64.07,2001,6,Atlantic Ocean,Neuston net,0.003084,Low
36.6,-2.68,2015,3,Atlantic Ocean,Manta net,0.24,High
41.175724,1.526081,2021,2,Atlantic Ocean,Manta net,0.15,High
31.83045,-133.93875,2015,9,Pacific Ocean,Manta net,1.285492,High
31.57,-67.18,1992,5,Atlantic Ocean,Neuston net,0.038876,Low
32.12,-68.0,1996,5,Atlantic Ocean,Neuston net,0.076832,Low
27.68,-70.83,1992,5,Atlantic Ocean,Neuston net,0.192224,High
26.9,-70.35,2001,4,Atlantic Ocean,Neuston net,0.0072,Low
29.22,-68.85,1995,5,Atlantic Ocean,Neuston net,0.043196,Low
32.37,-146.51,2012,10,Pacific Ocean,Neuston net,0.044236,Low
31.54,-143.82,2011,2,Pacific Ocean,Neuston net,0.0,Low
38.5727,-137.957,2009,8,Pacific Ocean,Manta net,3.978,High
23.74,-80.69,1993,1,Atlantic Ocean,Neuston net,0.0,Low
23.82,-74.73,1996,4,Atlantic Ocean,Neuston net,0.097192,High
28.63,-58.22,2004,10,Atlantic Ocean,Neuston net,0.0,Low
20.22,-70.48,1990,4,Atlantic Ocean,Neuston net,0.0,Low
27.9528,-82.6416,2017,4,Atlantic Ocean,Van Dorn sampler,0.0,Low
26.14,-143.12,2007,8,Pacific Ocean,Neuston net,0.0,Low
25.69,-141.14,2005,2,Pacific Ocean,Neuston net,0.0,Low
30.23,-120.37,2002,10,Pacific Ocean,Neuston net,0.0,Low
26.33,-78.55,1995,1,Atlantic Ocean,Neuston net,0.00432,Low
26.17,-79.02,1993,3,Atlantic Ocean,Neuston net,0.0,Low
17.41,-63.33,1996,12,Atlantic Ocean,Neuston net,0.0,Low
14.25,-56.83,2014,11,Atlantic Ocean,Grab sample,0.004,Low
16.232,-49.0303,2014,11,Atlantic Ocean,Grab sample,0.006,Low
19.6197,-21.3728,2014,11,Atlantic Ocean,Grab sample,0.01,Low
25.94,-146.58,2009,10,Pacific Ocean,Neuston net,0.326132,High
27.023967,-144.9753,2019,11,Pacific Ocean,Manta net,3.922436,High
18.68,-75.12,2007,3,Atlantic Ocean,Neuston net,0.0,Low
16.68,-81.45,1998,3,Atlantic Ocean,Neuston net,0.0,Low
10.78,-64.15,1998,12,Atlantic Ocean,Neuston net,0.001348,Low
13.57,-64.43,2000,12,Atlantic Ocean,Neuston net,0.0,Low
18.6,-64.94,2001,5,Atlantic Ocean,Neuston net,0.002272,Low
-26.9999,-104.58617,2015,10,Pacific Ocean,Neuston net,0.13806,High
-34.807,-40.0783,2011,1,Atlantic Ocean,Neuston net,1.586574,High
-15.87,-148.36,2002,2,Pacific Ocean,Neuston net,0.00214,Low
-11.53,-140.03,2012,12,Pacific Ocean,Neuston net,0.0,Low
6.83957,-17.80996,2016,12,Atlantic Ocean,Neuston net,0.003779,Low
16.02,-76.55,1995,12,Atlantic Ocean,Neuston net,0.007512,Low
34.43125,-151.25375,2015,8,Pacific Ocean,Manta net,1.159275,High
40.38,-157.49,2006,11,Pacific Ocean,Neuston net,0.44862,High
56.601667,-6.475333,2016,1,Atlantic Ocean,Neuston net,0.05811,Low
56.038,-2.274,2020,1,Atlantic Ocean,Neuston net,0.0,Low
-2.94,-150.87,2012,12,Pacific Ocean,Neuston net,0.0,Low
10.33,-156.71,2007,4,Pacific Ocean,Neuston net,0.00216,Low
12.95,-156.94,2011,11,Pacific Ocean,Neuston net,0.0216,Low
24.21,-149.32,2005,12,Pacific Ocean,Neuston net,0.0,Low
43.32,-67.83,1997,7,Atlantic Ocean,Neuston net,0.0,Low
42.93,-69.65,2006,9,Atlantic Ocean,Neuston net,0.0,Low
47.885477,-9.013994,2020,11,Atlantic Ocean,Manta net,0.0,Low
58.012,-6.204167,2020,1,Atlantic Ocean,Neuston net,0.0,Low
57.7605,-3.717167,2015,1,Atlantic Ocean,Neuston net,0.0,Low
39.751463,-33.346567,2020,11,Atlantic Ocean,Manta net,0.856102,High
38.965,-10.875,2014,8,Atlantic Ocean,Manta net,0.148689,High
33.786893,10.270481,2019,11,Atlantic Ocean,Manta net,0.18485,High
36.97,0.016667,2014,8,Atlantic Ocean,Manta net,0.279617,High
32.77,-64.68,1997,10,Atlantic Ocean,Neuston net,0.01728,Low
36.7,-65.03,1999,10,Atlantic Ocean,Neuston net,0.008096,Low
40.94,-70.49,2006,8,Atlantic Ocean,Neuston net,0.0,Low
40.45,-69.8,1992,7,Atlantic Ocean,Neuston net,0.00216,Low
39.88,-67.15,1989,10,Atlantic Ocean,Neuston net,0.0,Low
37.62,-67.37,1995,10,Atlantic Ocean,Neuston net,0.02376,Low
24.3935,-18.2827,2014,11,Atlantic Ocean,Grab sample,0.065,Low
33.77,-144.17,2019,7,Pacific Ocean,Manta net,10.217707,High
34.0652,-141.8302,2009,8,Pacific Ocean,Manta net,12.316,High
22.74,-60.05,1999,4,Atlantic Ocean,Neuston net,0.218144,High
23.05,-64.92,1999,5,Atlantic Ocean,Neuston net,0.461664,High
22.6,-65.95,2001,5,Atlantic Ocean,Neuston net,0.00648,Low
21.17,-68.83,1991,12,Atlantic Ocean,Neuston net,0.0,Low
27.26,-63.02,2000,10,Atlantic Ocean,Neuston net,0.015428,Low
28.52,-64.34,2005,5,Atlantic Ocean,Neuston net,0.184784,High
20.95,-83.48,1991,3,Atlantic Ocean,Neuston net,0.00432,Low
22.1,-58.73,2000,11,Atlantic Ocean,Neuston net,0.0108,Low
28.38,-79.74,2008,2,Atlantic Ocean,Neuston net,0.0,Low
25.7853,-81.4186,2016,12,Atlantic Ocean,Grab sample,0.003,Low
12.92,-61.08,1992,11,Atlantic Ocean,Neuston net,0.00288,Low
13.12,-61.55,1991,11,Atlantic Ocean,Neuston net,0.0108,Low
11.6,-61.65,1996,12,Atlantic Ocean,Neuston net,0.005892,Low
22.11,-141.71,2005,7,Pacific Ocean,Neuston net,0.0,Low
23.35,-144.31,2011,2,Pacific Ocean,Neuston net,0.0,Low
26.45,-78.68,1996,2,Atlantic Ocean,Neuston net,0.01728,Low
12.301,-82.986,2016,2,Atlantic Ocean,Grab sample,0.007,Low
14.1,-70.13,1997,12,Atlantic Ocean,Neuston net,0.0,Low
18.84,-63.62,2005,5,Atlantic Ocean,Neuston net,0.052452,Low
18.17,-64.72,1991,11,Atlantic Ocean,Neuston net,0.0,Low
13.99,-60.74,2000,11,Atlantic Ocean,Neuston net,0.0,Low
-23.008333,-28.24,2019,2,Atlantic Ocean,Manta net,0.041093,Low
-20.23789,3.0499,2016,12,Atlantic Ocean,Neuston net,0.003122,Low
5.79,-147.72,2008,12,Pacific Ocean,Neuston net,0.0,Low
2.89,-137.24,2003,12,Pacific Ocean,Neuston net,0.0,Low
19.62,-146.5,2003,11,Pacific Ocean,Neuston net,0.0,Low
17.27,-76.58,1995,2,Atlantic Ocean,Neuston net,0.00216,Low
20.27,-156.47,2011,11,Pacific Ocean,Neuston net,0.0,Low
31.746667,34.593,2013,10,Atlantic Ocean,Manta net,2.36189,High
44.29,-68.3,1999,10,Atlantic Ocean,Neuston net,0.0,Low
57.730167,-3.526833,2019,1,Atlantic Ocean,Neuston net,0.022789,Low
-35.41008,13.46849,2017,7,Atlantic Ocean,Neuston net,0.031277,Low
15.25,-157.55,2009,3,Pacific Ocean,Neuston net,0.0,Low
38.48294,-8.94286,2018,12,Atlantic Ocean,Neuston net,0.125947,High
40.0025,17.944444,2021,4,Atlantic Ocean,Manta net,0.122164,High
37.141667,12.101333,2020,11,Atlantic Ocean,Manta net,0.172165,High
47.8679,-122.635,2014,12,Pacific Ocean,Grab sample,0.003,Low
33.43,-62.73,1994,10,Atlantic Ocean,Neuston net,0.024692,Low
40.69,-71.12,2003,6,Atlantic Ocean,Neuston net,0.0108,Low
40.69,-70.71,2008,6,Atlantic Ocean,Neuston net,0.0,Low
39.67,-70.42,1993,10,Atlantic Ocean,Neuston net,0.00432,Low
39.14,-65.04,2002,6,Atlantic Ocean,Neuston net,0.0,Low
32.28,-64.47,1997,10,Atlantic Ocean,Neuston net,0.00576,Low
21.61,-57.66,2003,11,Atlantic Ocean,Neuston net,0.0108,Low
28.7401,-13.8608,2015,2,Atlantic Ocean,Grab sample,0.036,Low
30.4115,-11.2685,2018,11,Atlantic Ocean,Manta net,0.00777,Low
31.54,-143.82,2011,10,Pacific Ocean,Neuston net,0.0,Low
31.990702,-137.768,2015,8,Pacific Ocean,Manta net,4.099853,High
37.6084,-140.82965,2015,8,Pacific Ocean,Manta net,5.533149,High
24.68,-83.8,2003,4,Atlantic Ocean,Neuston net,0.0,Low
24.78,-79.59,2003,2,Atlantic Ocean,Neuston net,0.0,Low
20.35,-79.97,1999,12,Atlantic Ocean,Neuston net,0.0,Low
26.42,-57.99,1999,10,Atlantic Ocean,Neuston net,0.018512,Low
27.8524,-82.4093,2017,5,Atlantic Ocean,Plankton net,2.2,High
25.69,-141.14,2004,3,Pacific Ocean,Neuston net,0.0162,Low
29.89,-75.07,1997,4,Atlantic Ocean,Neuston net,0.045356,Low
25.97,-75.73,1994,3,Atlantic Ocean,Neuston net,0.097192,High
25.97,-79.73,1993,4,Atlantic Ocean,Neuston net,0.0,Low
26.46,-79.46,1987,4,Atlantic Ocean,Neuston net,0.001236,Low
26.41,-79.38,2008,3,Atlantic Ocean,Neuston net,0.0,Low
17.23,-66.87,1989,12,Atlantic Ocean,Neuston net,0.00432,Low
14.8316,-53.3756,2014,12,Atlantic Ocean,Grab sample,0.0,Low
14.2224,-57.9561,2014,12,Atlantic Ocean,Grab sample,0.014,Low
13.15,-61.1,1993,12,Atlantic Ocean,Neuston net,0.0,Low
19.645833,-29.406667,2019,5,Atlantic Ocean,Manta net,0.034041,Low
25.94,-146.58,2009,2,Pacific Ocean,Neuston net,0.326132,High
16.95,-77.34,2006,4,Atlantic Ocean,Neuston net,0.047516,Low
17.95,-84.13,2002,4,Atlantic Ocean,Neuston net,0.002276,Low
12.47,-62.47,1997,12,Atlantic Ocean,Neuston net,0.0,Low
13.82,-69.73,1994,12,Atlantic Ocean,Neuston net,0.0,Low
-1.52,-96.0,2001,12,Pacific Ocean,Neuston net,0.0,Low
1.0,-89.0,2017,10,Pacific Ocean,Plankton net,0.22,High
0.0,-92.0,2017,10,Pacific Ocean,Plankton net,0.22,High
-0.87,-90.26,2001,12,Pacific Ocean,Neuston net,0.0,Low
-0.792864,-13.817876,2015,11,Atlantic Ocean,Intake seawater pump,0.0,Low
5.420712,-18.160678,2015,11,Atlantic Ocean,Intake seawater pump,1.0,High
19.51,-156.49,2003,2,Pacific Ocean,Neuston net,0.013784,Low
20.27,-156.47,2012,10,Pacific Ocean,Neuston net,1.304016,High
41.04255,-149.62075,2015,8,Pacific Ocean,Manta net,0.092614,High
39.98555,-151.55715,2015,8,Pacific Ocean,Manta net,0.284195,High
16.13,-162.0,2011,4,Pacific Ocean,Neuston net,0.00648,Low
55.967167,-4.8425,2017,11,Atlantic Ocean,Neuston net,0.0,Low
-40.3584,-9.8812,2017,1,Atlantic Ocean,Grab sample,0.004,Low
-37.2873,-12.6971,2017,1,Atlantic Ocean,Grab sample,0.003,Low
12.95,-156.94,2011,4,Pacific Ocean,Neuston net,0.0216,Low
13.88,-151.63,2003,2,Pacific Ocean,Neuston net,0.0,Low
16.36,-159.94,2012,10,Pacific Ocean,Neuston net,4.340496,High
43.1363,3.0102,2014,9,Atlantic Ocean,Grab sample,0.0,Low
42.377821,3.158952,2021,2,Atlantic Ocean,Manta net,0.078,Low
42.377821,3.158952,2021,5,Atlantic Ocean,Manta net,1.126667,High
53.546167,-143.007667,2019,3,Pacific Ocean,Neuston net,0.078349,Low
57.6935,-3.836,2021,1,Atlantic Ocean,Neuston net,0.0,Low
56.073,-6.6375,2021,1,Atlantic Ocean,Neuston net,0.015236,Low
42.59,-62.44,2001,7,Atlantic Ocean,Neuston net,0.0,Low
42.61,-68.19,1992,8,Atlantic Ocean,Neuston net,0.00432,Low
42.36,-69.4,2000,7,Atlantic Ocean,Neuston net,0.00216,Low
42.69,-69.77,2000,8,Atlantic Ocean,Neuston net,0.0,Low
42.99,-70.48,2000,8,Atlantic Ocean,Neuston net,0.0108,Low
35.95,-63.82,1991,10,Atlantic Ocean,Neuston net,0.0216,Low
40.24,-69.85,2001,6,Atlantic Ocean,Neuston net,0.00216,Low
36.925167,15.460167,2021,7,Atlantic Ocean,Manta net,0.167929,High
50.763417,-144.612417,2019,3,Pacific Ocean,Neuston net,0.015396,Low
32.9259,-140.3424,2009,8,Pacific Ocean,Manta net,16.903,High
35.2285,-139.9236,2009,8,Pacific Ocean,Manta net,8.649,High
32.06,-64.65,1999,4,Atlantic Ocean,Neuston net,0.0036,Low
20.14,-68.88,1999,2,Atlantic Ocean,Neuston net,0.00432,Low
22.6,-71.22,1997,2,Atlantic Ocean,Neuston net,0.0,Low
23.0,-70.92,1990,4,Atlantic Ocean,Neuston net,0.01296,Low
28.38,-71.23,1998,2,Atlantic Ocean,Neuston net,0.01728,Low
28.63,-70.08,1999,4,Atlantic Ocean,Neuston net,0.114472,High
31.54,-143.82,2011,12,Pacific Ocean,Neuston net,0.0,Low
25.53,-76.42,1996,3,Atlantic Ocean,Neuston net,0.191632,High
25.63,-75.75,1996,4,Atlantic Ocean,Neuston net,0.142548,High
23.35,-67.51,1999,2,Atlantic Ocean,Neuston net,0.005892,Low
29.25,-76.18,1998,2,Atlantic Ocean,Neuston net,0.0,Low
27.57,-74.38,1987,4,Atlantic Ocean,Neuston net,0.0127,Low
27.36025,-130.705,2015,9,Pacific Ocean,Manta net,1.37327,High
27.54155,-130.8354,2015,9,Pacific Ocean,Manta net,0.788529,High
21.15,-142.77,2004,4,Pacific Ocean,Neuston net,0.0,Low
23.35,-144.31,2009,10,Pacific Ocean,Neuston net,0.0,Low
28.41,-140.21,2012,1,Pacific Ocean,Neuston net,0.0,Low
27.84,-140.77,2009,10,Pacific Ocean,Neuston net,0.0024,Low
17.2,-76.87,2007,12,Atlantic Ocean,Neuston net,0.10434,High
11.23,-64.97,1997,12,Atlantic Ocean,Neuston net,0.0,Low
16.33,-70.9,2007,12,Atlantic Ocean,Neuston net,0.0,Low
19.28,-68.65,1997,3,Atlantic Ocean,Neuston net,0.00864,Low
17.4,-66.73,2006,12,Atlantic Ocean,Neuston net,0.0,Low
17.91,-63.18,2006,11,Atlantic Ocean,Neuston net,0.00864,Low
-24.4952,-126.6168,2011,4,Pacific Ocean,Neuston net,0.109773,High
2.067,-113.233,1987,9,Pacific Ocean,Manta net,0.0,Low
4.833,-93.65,2006,10,Pacific Ocean,Manta net,0.019,Low
4.733,-98.066,2000,9,Pacific Ocean,Manta net,0.005,Low
18.45,-76.28,2001,3,Atlantic Ocean,Neuston net,0.001864,Low
17.13,-74.75,2004,12,Atlantic Ocean,Neuston net,0.0,Low
27.8504,-151.79795,2015,8,Pacific Ocean,Manta net,0.288095,High
36.3978,-148.7933,2015,8,Pacific Ocean,Manta net,13.021962,High
39.9,-157.2,2004,12,Pacific Ocean,Neuston net,0.0,Low
35.8531,26.9148,2014,7,Atlantic Ocean,Manta net,0.944321,High
16.13,-162.0,2010,11,Pacific Ocean,Neuston net,0.00648,Low
81.5383,9.7702,2016,8,Arctic Ocean,Intake seawater pump,2.0,High
86.959,10.9778,2016,9,Arctic Ocean,Intake seawater pump,0.4,High
16.36,-159.94,2012,7,Pacific Ocean,Neuston net,0.005612,Low
20.24,-157.38,2002,4,Pacific Ocean,Neuston net,0.030856,Low
20.27,-156.47,2012,7,Pacific Ocean,Neuston net,0.01854,Low
22.99,-148.78,2008,4,Pacific Ocean,Neuston net,0.0,Low
51.2433,-4.6894,2018,6,Atlantic Ocean,Intake seawater pump,38.0,High
43.130167,6.763333,2015,10,Atlantic Ocean,Manta net,0.172572,High
59.107167,-3.469167,2014,1,Atlantic Ocean,Neuston net,0.0,Low
54.8186,6.5933,2018,6,Atlantic Ocean,Intake seawater pump,8.0,High
78.8495,9.39896,2016,8,Arctic Ocean,Intake seawater pump,2.5,High
51.04,-129.04,2002,7,Pacific Ocean,Neuston net,0.0,Low
53.43,-135.65,2002,7,Pacific Ocean,Neuston net,0.004152,Low
43.72,-68.73,1996,7,Atlantic Ocean,Neuston net,0.0,Low
42.65,-70.4,1998,7,Atlantic Ocean,Neuston net,0.0,Low
41.54,-70.73,1993,8,Atlantic Ocean,Neuston net,0.0,Low
40.67,-69.8,1998,7,Atlantic Ocean,Neuston net,0.00648,Low
39.7,-69.75,1996,8,Atlantic Ocean,Neuston net,0.0,Low
39.88,-68.63,1998,8,Atlantic Ocean,Neuston net,0.0,Low
39.62,-68.67,1989,7,Atlantic Ocean,Neuston net,0.01512,Low
42.07,9.839167,2018,5,Atlantic Ocean,Manta net,0.03075,Low
32.4079,-117.24,2015,4,Pacific Ocean,Grab sample,0.002,Low
38.92,-69.73,1995,10,Atlantic Ocean,Neuston net,0.0,Low
41.04,-70.54,2007,7,Atlantic Ocean,Neuston net,0.0,Low
21.28,-64.95,2007,5,Atlantic Ocean,Neuston net,0.066044,Low
25.2457,-21.12,2014,11,Atlantic Ocean,Grab sample,0.006,Low
37.3324,-131.5925,2015,9,Pacific Ocean,Manta net,2.238093,High
38.32165,-130.5008,2015,9,Pacific Ocean,Manta net,0.176326,High
24.08,-81.1,2001,2,Atlantic Ocean,Neuston net,0.01296,Low
23.78,-83.14,2001,3,Atlantic Ocean,Neuston net,0.00648,Low
26.13,-59.73,1998,10,Atlantic Ocean,Neuston net,0.090712,High
21.67,-60.02,1998,10,Atlantic Ocean,Neuston net,0.00216,Low
24.84,-59.9,1996,10,Atlantic Ocean,Neuston net,0.034556,Low
25.67,-65.68,2007,5,Atlantic Ocean,Neuston net,0.00468,Low
30.9714,-137.428,2015,8,Pacific Ocean,Manta net,6.245223,High
28.09,-79.97,2001,4,Atlantic Ocean,Neuston net,0.00864,Low
17.28,-79.45,1992,3,Atlantic Ocean,Neuston net,0.0,Low
18.32,-59.67,1998,11,Atlantic Ocean,Neuston net,0.00864,Low
23.35,-144.31,2010,10,Pacific Ocean,Neuston net,0.0,Low
27.508583,-144.98995,2019,11,Pacific Ocean,Manta net,4.383276,High
28.41,-140.21,2012,5,Pacific Ocean,Neuston net,0.0,Low
27.84,-140.77,2010,10,Pacific Ocean,Neuston net,0.0024,Low
-27.12304,-109.21791,2015,10,Pacific Ocean,Neuston net,0.117605,High
-26.3318,-115.7358,2011,4,Pacific Ocean,Manta net,0.288747,High
-26.888667,8.4195,2019,3,Atlantic Ocean,Manta net,0.053017,Low
-14.7,-147.8,2002,2,Pacific Ocean,Neuston net,0.0,Low
-6.66,-146.51,2012,12,Pacific Ocean,Neuston net,0.0022,Low
-6.07892,-7.52317,2016,12,Atlantic Ocean,Neuston net,0.004817,Low
16.13,-162.0,2011,11,Pacific Ocean,Neuston net,0.00648,Low
11.44,-156.82,2009,7,Pacific Ocean,Neuston net,0.00432,Low
16.36,-159.94,2012,3,Pacific Ocean,Neuston net,0.016196,Low
22.99,-148.78,2008,10,Pacific Ocean,Neuston net,0.0,Low
27.26705,-152.8234,2015,8,Pacific Ocean,Manta net,0.209325,High
39.9,-157.2,2004,5,Pacific Ocean,Neuston net,0.0,Low
31.746667,34.593,2014,12,Atlantic Ocean,Manta net,4.020021,High
42.41,-70.4,2006,8,Atlantic Ocean,Neuston net,0.0,Low
42.45,-70.45,2002,7,Atlantic Ocean,Neuston net,0.0,Low
44.350027,-21.879087,2020,11,Atlantic Ocean,Manta net,0.228473,High
55.2215,-5.445167,2020,1,Atlantic Ocean,Neuston net,0.010857,Low
56.046,-2.880333,2015,11,Atlantic Ocean,Neuston net,0.010026,Low
40.66,-70.08,1997,8,Atlantic Ocean,Neuston net,0.0,Low
39.77,-69.1,1992,6,Atlantic Ocean,Neuston net,0.047516,Low
36.273333,-6.241667,2014,8,Atlantic Ocean,Manta net,1.563969,High
33.786893,10.270481,2019,4,Atlantic Ocean,Manta net,0.988857,High
41.465446,2.282388,2021,4,Atlantic Ocean,Manta net,1.280667,High
42.88,-65.47,1987,6,Atlantic Ocean,Neuston net,0.0,Low
32.24,-62.17,2001,10,Atlantic Ocean,Neuston net,0.071276,Low
22.97,-73.2,1994,4,Atlantic Ocean,Neuston net,0.00216,Low
25.5237,-20.8627,2014,11,Atlantic Ocean,Grab sample,0.005,Low
28.005833,-16.627333,2020,11,Atlantic Ocean,Manta net,0.254421,High
31.89,-143.34,2019,7,Pacific Ocean,Manta net,4.054387,High
34.0509,-142.0502,2009,8,Pacific Ocean,Manta net,5.99,High
37.6259,-76.4096,2015,10,Atlantic Ocean,Grab sample,0.004,Low
24.36,-82.66,1999,1,Atlantic Ocean,Neuston net,0.0,Low
23.62,-75.04,2000,5,Atlantic Ocean,Neuston net,0.0,Low
27.59,-60.38,2000,10,Atlantic Ocean,Neuston net,0.030236,Low
24.9,-58.1,1992,10,Atlantic Ocean,Neuston net,0.00648,Low
25.28,-58.23,2007,10,Atlantic Ocean,Neuston net,0.007024,Low
23.04,-64.61,2005,5,Atlantic Ocean,Neuston net,0.043196,Low
27.9528,-82.6416,2016,11,Atlantic Ocean,Plankton net,3.9,High
26.4827,-82.1831,2015,3,Atlantic Ocean,Grab sample,0.0,Low
18.1452,-43.9944,2014,12,Atlantic Ocean,Grab sample,0.004,Low
25.69,-141.14,2005,7,Pacific Ocean,Neuston net,0.0,Low
27.84,-140.77,2011,2,Pacific Ocean,Neuston net,0.0024,Low
29.006025,-142.306,2015,7,Pacific Ocean,Manta net,2.512745,High
24.52,-109.92,2001,10,Pacific Ocean,Neuston net,0.01728,Low
26.22,-78.42,2004,3,Atlantic Ocean,Neuston net,0.027768,Low
19.99,-65.14,1999,5,Atlantic Ocean,Neuston net,0.0096,Low
18.29,-64.06,2003,11,Atlantic Ocean,Neuston net,0.00432,Low
15.32,-62.13,1996,12,Atlantic Ocean,Neuston net,0.00864,Low
13.05,-61.3,1991,11,Atlantic Ocean,Neuston net,0.00432,Low
12.83,-61.67,1995,11,Atlantic Ocean,Neuston net,0.00216,Low
20.0342,-37.6207,2014,12,Atlantic Ocean,Grab sample,0.064,Low
17.68,-76.33,1998,4,Atlantic Ocean,Neuston net,0.0,Low
18.27,-76.27,1994,2,Atlantic Ocean,Neuston net,0.0,Low
16.62,-83.95,1995,12,Atlantic Ocean,Neuston net,0.030236,Low
9.3106,-79.9197,2014,11,Atlantic Ocean,Grab sample,0.054,Low
11.98,-68.1,1997,12,Atlantic Ocean,Neuston net,0.0,Low
5.79,-147.72,2007,5,Pacific Ocean,Neuston net,0.0,Low
4.41,-145.74,2006,11,Pacific Ocean,Neuston net,0.0,Low
-1.38,-142.77,2003,4,Pacific Ocean,Neuston net,0.0,Low
8.6209,-83.1542,2016,6,Pacific Ocean,Grab sample,0.001,Low
17.88,-78.57,1991,3,Atlantic Ocean,Neuston net,0.01296,Low
-30.923667,-48.704167,2018,9,Atlantic Ocean,Manta net,0.053222,Low
-34.065,-14.785,2010,11,Atlantic Ocean,Neuston net,1.311559,High
-34.50517,3.56752,2017,7,Atlantic Ocean,Neuston net,0.024087,Low
4.41,-145.74,2006,3,Pacific Ocean,Neuston net,0.0,Low
10.3313,-109.2483,2016,3,Pacific Ocean,Grab sample,0.003,Low
18.9,-75.02,2000,3,Atlantic Ocean,Neuston net,0.00216,Low
11.44,-156.82,2009,3,Pacific Ocean,Neuston net,0.00432,Low
22.99,-148.78,2008,12,Pacific Ocean,Neuston net,0.0,Low
39.9,-157.2,2003,12,Pacific Ocean,Neuston net,0.0,Low
16.13,-162.0,2011,7,Pacific Ocean,Neuston net,0.00648,Low
37.924,23.32,2015,11,Atlantic Ocean,Manta net,0.416667,High
38.086,11.957,2013,6,Atlantic Ocean,Neuston net,0.454545,High
57.0525,-135.3491,2015,1,Pacific Ocean,Grab sample,0.0,Low
57.758167,-3.384833,2018,1,Atlantic Ocean,Neuston net,0.034187,Low
56.192833,-4.771,2018,10,Atlantic Ocean,Neuston net,0.22464,High
40.3,-70.71,2003,7,Atlantic Ocean,Neuston net,0.0,Low
40.09,-66.61,1997,7,Atlantic Ocean,Neuston net,0.0108,Low
38.48294,-8.94286,2018,11,Atlantic Ocean,Neuston net,0.354447,High
36.408983,-2.395917,2013,8,Atlantic Ocean,Manta net,0.133021,High
40.218333,18.530278,2020,12,Atlantic Ocean,Manta net,0.30581,High
39.25,-74.0,2008,6,Atlantic Ocean,Neuston net,0.0,Low
40.98,-70.45,1993,8,Atlantic Ocean,Neuston net,0.01152,Low
41.36,-71.19,2008,9,Atlantic Ocean,Neuston net,0.0,Low
40.62,-70.07,1986,10,Atlantic Ocean,Neuston net,0.0,Low
30.98,-59.77,1997,10,Atlantic Ocean,Neuston net,0.034556,Low
29.83,-70.88,1991,5,Atlantic Ocean,Neuston net,0.01944,Low
32.001075,-136.175,2015,8,Pacific Ocean,Manta net,4.286916,High
35.1,-66.27,1996,5,Atlantic Ocean,Neuston net,0.2311,High
36.24,-64.42,1992,5,Atlantic Ocean,Neuston net,0.161988,High
30.5,-56.97,2005,10,Atlantic Ocean,Neuston net,0.098868,High
30.073,-58.7081,2010,1,Atlantic Ocean,Neuston net,0.54851,High
29.69,-79.05,2000,4,Atlantic Ocean,Neuston net,0.0,Low
26.79,-74.44,2006,2,Atlantic Ocean,Neuston net,0.01234,Low
26.14,-74.87,1990,4,Atlantic Ocean,Neuston net,0.069116,Low
26.44,-79.02,1992,4,Atlantic Ocean,Neuston net,0.036716,Low
12.78,-61.72,1993,12,Atlantic Ocean,Neuston net,0.00216,Low
15.567333,-39.537667,2018,12,Atlantic Ocean,Manta net,0.018988,Low
21.15,-142.77,2003,11,Pacific Ocean,Neuston net,0.00216,Low
26.14,-143.12,2006,6,Pacific Ocean,Neuston net,0.0,Low
28.41,-140.21,2011,10,Pacific Ocean,Neuston net,0.0,Low
30.998065,-137.895,2015,8,Pacific Ocean,Manta net,3.839036,High
11.0,-66.07,1994,12,Atlantic Ocean,Neuston net,0.0,Low
18.1284,-62.3021,2014,12,Atlantic Ocean,Grab sample,0.007,Low
13.11,-61.37,1999,12,Atlantic Ocean,Neuston net,0.0,Low
13.03,-61.83,1996,12,Atlantic Ocean,Neuston net,0.0,Low
12.7077,-61.3287,2014,3,Atlantic Ocean,Grab sample,0.012,Low
18.76,-78.17,2002,4,Atlantic Ocean,Neuston net,0.0,Low
18.77,-77.93,2003,4,Atlantic Ocean,Neuston net,0.0,Low
16.14,-76.05,1999,12,Atlantic Ocean,Neuston net,0.0,Low
17.63,-81.67,1995,3,Atlantic Ocean,Neuston net,0.0,Low
-24.1665,-131.467,2016,5,Pacific Ocean,Manta net,0.014987,Low
3.316269,-16.931831,2015,11,Atlantic Ocean,Intake seawater pump,0.5,High
16.38,-76.63,1991,12,Atlantic Ocean,Neuston net,0.0,Low
17.2776,-87.8055,2013,12,Atlantic Ocean,Grab sample,0.015,Low
10.53,-64.62,1998,12,Atlantic Ocean,Neuston net,0.0,Low
15.94,-162.49,2006,2,Pacific Ocean,Neuston net,0.0,Low
-37.293,-12.6443,2017,1,Atlantic Ocean,Grab sample,0.001,Low
11.51,-149.63,2003,2,Pacific Ocean,Neuston net,0.0,Low
16.88,-159.15,2011,4,Pacific Ocean,Neuston net,0.0,Low
33.38,-156.38,2012,4,Pacific Ocean,Neuston net,0.0,Low
33.56,-152.27,2008,3,Pacific Ocean,Neuston net,0.0,Low
31.7495,34.5525,2014,2,Atlantic Ocean,Manta net,1.231094,High
48.6732,-2.140833,2018,4,Atlantic Ocean,Manta net,0.518477,High
43.684967,10.173767,2018,5,Atlantic Ocean,Manta net,0.005725,Low
59.0235,-2.961,2014,5,Atlantic Ocean,Neuston net,0.026625,Low
57.843333,-3.735,2014,1,Atlantic Ocean,Neuston net,0.0,Low
55.978833,-4.838667,2019,11,Atlantic Ocean,Neuston net,0.0,Low
38.65,0.286667,2017,8,Atlantic Ocean,Manta net,0.058727,Low
44.67,-61.57,2005,7,Atlantic Ocean,Neuston net,0.0,Low
47.41,-56.17,1989,7,Atlantic Ocean,Neuston net,0.0,Low
42.58,-65.77,1992,5,Atlantic Ocean,Neuston net,0.0,Low
42.85,-66.22,1995,6,Atlantic Ocean,Neuston net,0.0108,Low
43.09,-69.28,2000,8,Atlantic Ocean,Neuston net,0.01296,Low
39.095,-73.73,2014,5,Atlantic Ocean,Grab sample,0.04,Low
41.92,-67.06,2000,7,Atlantic Ocean,Neuston net,0.0,Low
38.77,-65.62,2002,5,Atlantic Ocean,Neuston net,0.00648,Low
31.99,-59.56,2002,10,Atlantic Ocean,Neuston net,0.09032,High
36.994833,-8.020667,2019,8,Atlantic Ocean,Manta net,0.008632,Low
36.9579,-121.9685,2015,4,Pacific Ocean,Grab sample,0.001,Low
32.59,-73.26,2004,5,Atlantic Ocean,Neuston net,0.036716,Low
23.35,-21.6717,2014,11,Atlantic Ocean,Grab sample,0.001,Low
30.0351,-16.0561,2015,9,Atlantic Ocean,Grab sample,0.001,Low
34.6675,-142.0818,2009,9,Pacific Ocean,Neuston net,3.268969,High
34.425,-139.233,2019,12,Pacific Ocean,Manta net,15.664693,High
39.083,-145.0,1972,10,Pacific Ocean,Neuston net,0.02,Low
40.98115,-147.32935,2015,8,Pacific Ocean,Manta net,0.466438,High
24.86,-74.32,1999,4,Atlantic Ocean,Neuston net,0.045356,Low
23.87,-58.89,2007,4,Atlantic Ocean,Neuston net,0.060104,Low
23.68,-56.61,2005,10,Atlantic Ocean,Neuston net,0.016432,Low
25.25,-73.6,1993,5,Atlantic Ocean,Neuston net,0.09168,High
30.97,-70.49,1997,4,Atlantic Ocean,Neuston net,0.112792,High
28.67,-71.95,1997,5,Atlantic Ocean,Neuston net,0.02312,Low
24.5,-83.11,2004,1,Atlantic Ocean,Neuston net,0.0,Low
25.69,-141.14,2004,10,Pacific Ocean,Neuston net,0.0,Low
25.82,-76.98,1993,1,Atlantic Ocean,Neuston net,0.036716,Low
26.35,-78.43,1996,3,Atlantic Ocean,Neuston net,0.047516,Low
27.8096,-82.446,2017,5,Atlantic Ocean,Van Dorn sampler,0.0,Low
27.6081,-82.5712,2016,7,Atlantic Ocean,Van Dorn sampler,0.0,Low
15.1833,-52.2167,2014,12,Atlantic Ocean,Grab sample,0.002,Low
14.0116,-59.7146,2016,2,Atlantic Ocean,Grab sample,0.021,Low
10.760339,-61.441728,2015,10,Atlantic Ocean,Hand picking,0.555556,High
11.4006,-38.5222,2015,2,Atlantic Ocean,Grab sample,0.0,Low
26.7912,-130.06355,2015,9,Pacific Ocean,Manta net,0.729317,High
25.94,-146.58,2009,5,Pacific Ocean,Neuston net,0.326132,High
13.9,-65.93,1994,12,Atlantic Ocean,Neuston net,0.0,Low
17.57,-74.14,2001,12,Atlantic Ocean,Neuston net,0.0018,Low
17.02,-63.0,1993,12,Atlantic Ocean,Neuston net,0.003928,Low
15.47,-61.0,2008,11,Atlantic Ocean,Neuston net,0.0,Low
14.63,-58.93,1996,11,Atlantic Ocean,Neuston net,0.00432,Low
16.36,-60.71,1998,11,Atlantic Ocean,Neuston net,0.01296,Low
-27.05758,-76.01975,2015,10,Pacific Ocean,AVANI net,0.019015,Low
-34.74773,14.30475,2017,7,Atlantic Ocean,Neuston net,0.0,Low
-5.73,-111.23,2001,12,Pacific Ocean,Neuston net,0.0,Low
5.07,-122.52,2002,12,Pacific Ocean,Neuston net,0.0,Low
19.8,-143.03,2005,12,Pacific Ocean,Neuston net,0.0,Low
27.16,-152.72,2019,6,Pacific Ocean,Manta net,0.654547,High
32.35,-155.1,2003,8,Pacific Ocean,Neuston net,0.0,Low
32.726333,34.939,2014,7,Atlantic Ocean,Manta net,18.994889,High
56.9365,-1.841833,2021,1,Atlantic Ocean,Neuston net,0.065269,Low
57.971333,-3.716833,2019,1,Atlantic Ocean,Neuston net,0.0,Low
56.033,-3.239833,2014,12,Atlantic Ocean,Neuston net,0.019803,Low
10.33,-156.71,2007,12,Pacific Ocean,Neuston net,0.00216,Low
12.95,-156.94,2012,4,Pacific Ocean,Neuston net,0.0216,Low
38.854,17.137833,2020,10,Atlantic Ocean,Manta net,0.482652,High
41.539083,9.408967,2019,6,Atlantic Ocean,Manta net,0.051813,Low
41.616667,2.78,2015,6,Atlantic Ocean,Manta net,1.986,High
49.4856,-124.3535,2015,9,Pacific Ocean,Grab sample,0.004,Low
42.82,-65.4,1989,8,Atlantic Ocean,Neuston net,0.01296,Low
44.05,-67.93,2005,6,Atlantic Ocean,Neuston net,0.0024,Low
41.37,-68.81,2004,8,Atlantic Ocean,Neuston net,0.001544,Low
40.31,-68.21,2001,9,Atlantic Ocean,Neuston net,0.0081,Low
40.12,-68.81,2000,9,Atlantic Ocean,Neuston net,0.0,Low
39.73,-66.13,1997,7,Atlantic Ocean,Neuston net,0.0,Low
39.653333,-16.681167,2019,6,Atlantic Ocean,Manta net,0.031364,Low
40.020556,17.950556,2020,10,Atlantic Ocean,Manta net,0.411627,High
35.53,-64.13,2007,10,Atlantic Ocean,Neuston net,0.017336,Low
39.59,-71.97,2008,9,Atlantic Ocean,Neuston net,0.0,Low
40.9,-71.23,1998,6,Atlantic Ocean,Neuston net,0.054004,Low
41.37,-70.98,1992,6,Atlantic Ocean,Neuston net,0.00216,Low
31.7875,-143.938667,2019,12,Pacific Ocean,Manta net,4.954052,High
31.72,-144.77,2009,5,Pacific Ocean,Neuston net,0.0,Low
40.2372,-146.2703,2011,11,Pacific Ocean,Neuston net,0.549051,High
31.99301,-135.653,2015,8,Pacific Ocean,Manta net,10.884687,High
29.24,-59.22,2000,10,Atlantic Ocean,Neuston net,0.0,Low
24.446897,-19.833343,2015,11,Atlantic Ocean,Intake seawater pump,1.0,High
31.65705,-146.9711,2015,8,Pacific Ocean,Manta net,0.377715,High
26.25,-79.48,1994,1,Atlantic Ocean,Neuston net,0.0,Low
27.9237,-82.4807,2016,9,Atlantic Ocean,Van Dorn sampler,1000.0,High
27.61,-82.7832,2016,10,Atlantic Ocean,Van Dorn sampler,0.0,Low
19.9038,-24.992,2014,11,Atlantic Ocean,Grab sample,0.243,High
28.00345,-131.3996,2015,9,Pacific Ocean,Manta net,1.481866,High
28.44,-125.771667,2017,3,Pacific Ocean,Manta net,9.855289,High
22.76,-141.69,2011,3,Pacific Ocean,Neuston net,0.0,Low
29.37,-139.91,2004,8,Pacific Ocean,Neuston net,0.0,Low
25.9,-76.1,1993,4,Atlantic Ocean,Neuston net,0.003812,Low
12.08,-68.42,1999,12,Atlantic Ocean,Neuston net,0.0096,Low
19.72,-69.39,2002,3,Atlantic Ocean,Neuston net,0.105832,High
15.2,-63.7,1991,11,Atlantic Ocean,Neuston net,0.00432,Low
16.39,-57.85,2002,11,Atlantic Ocean,Neuston net,0.0,Low
12.593,-61.4123,2014,3,Atlantic Ocean,Grab sample,0.001,Low
11.68,-60.09,2005,11,Atlantic Ocean,Neuston net,0.0,Low
19.43,-77.35,1998,12,Atlantic Ocean,Neuston net,0.00432,Low
18.58,-75.93,1996,4,Atlantic Ocean,Neuston net,0.025916,Low
19.98,-81.3,2007,3,Atlantic Ocean,Neuston net,0.0,Low
12.37,-67.26,2003,12,Atlantic Ocean,Neuston net,0.0216,Low
12.95,-62.83,1996,12,Atlantic Ocean,Neuston net,0.02376,Low
13.59,-62.41,1998,12,Atlantic Ocean,Neuston net,0.0,Low
-27.02022,-107.57399,2015,10,Pacific Ocean,Neuston net,0.01534,Low
9.43,-146.5,2003,4,Pacific Ocean,Neuston net,0.0,Low
18.97,-143.47,2008,5,Pacific Ocean,Neuston net,0.0108,Low
13.8,-96.14,2001,11,Pacific Ocean,Neuston net,0.0,Low
32.279667,34.825,2015,2,Atlantic Ocean,Manta net,2.456354,High
56.470667,-6.660333,2022,1,Atlantic Ocean,Neuston net,0.0,Low
55.9725,-4.824333,2018,10,Atlantic Ocean,Neuston net,0.0,Low
78.973167,11.240333,2020,7,Arctic Ocean,Manta net,0.027929,Low
6.42,-148.97,2004,12,Pacific Ocean,Neuston net,0.0,Low
9.55,-155.93,2009,7,Pacific Ocean,Neuston net,0.0054,Low
36.975692,-150.573367,2015,8,Pacific Ocean,Manta net,2.466297,High
43.97,-67.96,1998,9,Atlantic Ocean,Neuston net,0.0,Low
50.573117,-0.27775,2018,10,Atlantic Ocean,Manta net,0.014353,Low
48.966248,-6.154177,2015,11,Atlantic Ocean,Intake seawater pump,0.5,High
57.742,-2.098167,2015,1,Atlantic Ocean,Neuston net,0.011163,Low
36.41,-3.878333,2014,8,Atlantic Ocean,Manta net,0.308642,High
39.6665,19.132167,2013,5,Atlantic Ocean,Neuston net,0.402047,High
41.4026,9.2903,2014,7,Atlantic Ocean,Manta net,0.399884,High
41.379079,2.194423,2021,1,Atlantic Ocean,Manta net,1.014,High
41.397303,2.21315,2021,5,Atlantic Ocean,Manta net,2.733333,High
33.76,-62.64,2001,10,Atlantic Ocean,Neuston net,0.039604,Low
35.09,-65.58,1989,6,Atlantic Ocean,Neuston net,0.054976,Low
40.62,-71.52,1993,10,Atlantic Ocean,Neuston net,0.0,Low
42.18,-69.7,1998,8,Atlantic Ocean,Neuston net,0.0,Low
39.31,-66.02,1991,5,Atlantic Ocean,Neuston net,0.028076,Low
42.0,-49.1,2015,7,Atlantic Ocean,Grab sample,0.002,Low
37.1755,-133.9495,2007,9,Pacific Ocean,Neuston net,1.258641,High
32.3607,-122.3124,2009,8,Pacific Ocean,Manta net,0.0,Low
25.95,-72.13,1992,5,Atlantic Ocean,Neuston net,0.025916,Low
29.25,-68.73,1997,4,Atlantic Ocean,Neuston net,0.028804,Low
21.1433,-27.3617,2014,11,Atlantic Ocean,Grab sample,0.004,Low
32.82,-146.59,2019,8,Pacific Ocean,Manta net,2.178,High
31.54,-143.82,2011,5,Pacific Ocean,Neuston net,0.0,Low
31.998427,-142.044,2015,8,Pacific Ocean,Manta net,4.535362,High
25.73,-59.17,1994,10,Atlantic Ocean,Neuston net,0.0,Low
26.14,-73.19,2000,5,Atlantic Ocean,Neuston net,0.338128,High
29.353,-120.2311,2014,7,Pacific Ocean,Grab sample,0.003,Low
29.58,-79.67,1996,5,Atlantic Ocean,Neuston net,0.032396,Low
16.83,-58.95,1995,11,Atlantic Ocean,Neuston net,0.00216,Low
19.7,-59.35,1992,11,Atlantic Ocean,Neuston net,0.0,Low
19.4667,-44.2167,2014,12,Atlantic Ocean,Grab sample,0.0,Low
30.047,-133.77195,2015,9,Pacific Ocean,Manta net,1.877369,High
22.11,-141.71,2012,6,Pacific Ocean,Neuston net,0.127552,High
28.72,-140.03,2006,5,Pacific Ocean,Neuston net,0.0,Low
-26.4494,-105.37079,2015,11,Pacific Ocean,AVANI net,0.09982,High
-32.3817,-88.1103,2011,3,Pacific Ocean,Neuston net,0.084428,High
-30.896,-24.0645,2011,1,Atlantic Ocean,Neuston net,4.740373,High
2.89,-137.24,2011,4,Pacific Ocean,Neuston net,0.003084,Low
11.63,-68.1,1995,12,Atlantic Ocean,Neuston net,0.0,Low
12.2,-62.4,1992,12,Atlantic Ocean,Neuston net,0.0,Low
37.5,26.3,2015,6,Atlantic Ocean,Manta net,1.176667,High
66.583333,-3.7,2017,9,Arctic Ocean,Manta net,0.007992,Low
86.75014,-140.88221,2016,8,Arctic Ocean,CTD rosette sampler,42.0,High
-17.14,-149.74,2003,3,Pacific Ocean,Neuston net,0.00432,Low
20.27,-156.47,2004,11,Pacific Ocean,Neuston net,0.0,Low
20.35,-154.67,2009,6,Pacific Ocean,Neuston net,0.0,Low
40.38,-157.49,2006,4,Pacific Ocean,Neuston net,0.44862,High
43.41,7.86,2013,7,Atlantic Ocean,Manta net,5.78377,High
53.7875,-147.511248,2019,2,Pacific Ocean,Neuston net,0.0,Low
57.217667,-1.869167,2022,1,Atlantic Ocean,Neuston net,0.024548,Low
54.6145,-4.706167,2016,1,Atlantic Ocean,Neuston net,0.310891,High
56.071333,-4.882333,2018,10,Atlantic Ocean,Neuston net,0.156681,High
56.153,10.7535,2021,7,Atlantic Ocean,Manta net,0.0,Low
41.3054,9.5992,2014,10,Atlantic Ocean,Manta net,0.203432,High
39.80334,5.986068,2013,6,Atlantic Ocean,Neuston net,5.687438,High
48.325833,-4.6465,2020,7,Atlantic Ocean,Manta net,0.009423,Low
51.0979,-22.066,2018,5,Atlantic Ocean,Intake seawater pump,18.0,High
40.38,-69.82,2005,9,Atlantic Ocean,Neuston net,0.00216,Low
40.21,-68.1,1989,7,Atlantic Ocean,Neuston net,0.01944,Low
37.47,-66.97,1991,10,Atlantic Ocean,Neuston net,0.01944,Low
36.457333,-4.57,2018,6,Atlantic Ocean,Manta net,0.111578,High
36.367667,-24.207833,2014,7,Atlantic Ocean,Manta net,1.018793,High
39.398333,5.826667,2011,9,Atlantic Ocean,Manta net,0.237956,High
32.14,-64.73,2000,6,Atlantic Ocean,Neuston net,0.099352,High
33.54,-64.24,1992,5,Atlantic Ocean,Neuston net,0.01512,Low
41.27,-71.1,2002,8,Atlantic Ocean,Neuston net,0.0,Low
41.38,-70.86,1996,8,Atlantic Ocean,Neuston net,0.097192,High
30.5189,-42.0936,2013,6,Atlantic Ocean,Neuston net,0.823753,High
34.0727,-140.4795,2009,8,Pacific Ocean,Manta net,2.918,High
36.3457,-143.9069,2015,8,Pacific Ocean,Manta net,7.09803,High
32.43755,-133.7748,2015,9,Pacific Ocean,Manta net,3.702866,High
27.76,-59.99,1998,10,Atlantic Ocean,Neuston net,0.051504,Low
26.97,-58.23,1993,10,Atlantic Ocean,Neuston net,0.0216,Low
20.7,-59.4,1998,11,Atlantic Ocean,Neuston net,0.036716,Low
28.06,-65.34,2007,5,Atlantic Ocean,Neuston net,0.008096,Low
31.05,-65.75,2000,4,Atlantic Ocean,Neuston net,0.097192,High
27.33,-142.18,2012,5,Pacific Ocean,Neuston net,0.0,Low
30.993983,-139.5495,2015,8,Pacific Ocean,Manta net,6.352912,High
27.8,-115.88,2001,10,Pacific Ocean,Neuston net,0.00216,Low
26.05,-78.4,1997,5,Atlantic Ocean,Neuston net,0.129588,High
27.778,-82.5203,2016,6,Atlantic Ocean,Van Dorn sampler,0.0,Low
15.28,-64.43,1994,12,Atlantic Ocean,Neuston net,0.00432,Low
15.0,-59.34,2001,11,Atlantic Ocean,Neuston net,0.00216,Low
13.56,-59.02,2014,12,Atlantic Ocean,Grab sample,0.01,Low
9.1,-55.8,2014,6,Atlantic Ocean,Grab sample,0.004,Low
19.2716,-39.6801,2014,12,Atlantic Ocean,Grab sample,0.012,Low
24.28,-143.99,2008,4,Pacific Ocean,Neuston net,0.00216,Low
-33.1071,-82.387,2011,3,Pacific Ocean,Manta net,0.133389,High
-33.6215,1.0787,2010,12,Atlantic Ocean,Neuston net,0.122643,High
3.83,-143.98,2002,3,Pacific Ocean,Neuston net,0.0,Low
1.7,-142.15,2002,3,Pacific Ocean,Neuston net,0.0,Low
-0.71,-90.65,2017,10,Pacific Ocean,Plankton net,0.47,High
18.842,-110.9458,2016,3,Pacific Ocean,Grab sample,0.0,Low
36.42225,-153.62265,2015,8,Pacific Ocean,Manta net,1.17109,High
80.56276,8.03511,2016,8,Arctic Ocean,CTD rosette sampler,21.0,High
15.25,-157.55,2008,11,Pacific Ocean,Neuston net,0.0,Low
17.55,-158.31,2008,11,Pacific Ocean,Neuston net,0.011996,Low
20.6,-154.81,2011,7,Pacific Ocean,Neuston net,0.0,Low
23.65,-149.74,2011,10,Pacific Ocean,Neuston net,0.0,Low
33.02,-152.9,2005,4,Pacific Ocean,Neuston net,0.0,Low
42.71,-70.11,2003,8,Atlantic Ocean,Neuston net,0.0081,Low
42.9165,6.232833,2018,7,Atlantic Ocean,Manta net,0.064133,Low
55.38,-134.24,2002,7,Pacific Ocean,Neuston net,0.02492,Low
56.0315,-4.8885,2021,9,Atlantic Ocean,Neuston net,0.0,Low
55.799667,-4.996833,2017,11,Atlantic Ocean,Neuston net,0.0,Low
69.208833,-53.5595,2021,8,Arctic Ocean,Manta net,0.013741,Low
43.33,-59.93,1999,7,Atlantic Ocean,Neuston net,0.013292,Low
43.63,-60.85,1996,7,Atlantic Ocean,Neuston net,0.001728,Low
42.74,-70.31,1990,8,Atlantic Ocean,Neuston net,0.0,Low
41.94,-67.13,1999,7,Atlantic Ocean,Neuston net,0.01728,Low
34.4452,-34.4855,2013,6,Atlantic Ocean,Neuston net,0.628887,High
38.42905,-9.14605,2018,8,Atlantic Ocean,Neuston net,0.193237,High
39.84,19.28,2015,4,Atlantic Ocean,Manta net,0.096667,High
39.115167,3.761,2014,5,Atlantic Ocean,Manta net,2.317141,High
36.8408,12.078,2014,8,Atlantic Ocean,Manta net,3.619534,High
31.82,-66.15,1987,4,Atlantic Ocean,Neuston net,0.009392,Low
31.68,-66.3,2000,4,Atlantic Ocean,Neuston net,0.203024,High
41.1,-71.06,2006,6,Atlantic Ocean,Neuston net,0.024684,Low
40.85,-70.62,1992,10,Atlantic Ocean,Neuston net,0.00432,Low
40.52,-70.58,1987,5,Atlantic Ocean,Neuston net,0.0,Low
24.28,-75.02,1992,4,Atlantic Ocean,Neuston net,0.01296,Low
21.97,-75.93,1993,1,Atlantic Ocean,Neuston net,0.00216,Low
33.06,-148.13,2005,5,Pacific Ocean,Neuston net,0.0,Low
35.9864,-139.8749,2009,8,Pacific Ocean,Manta net,2.724,High
35.4712,-132.92745,2015,9,Pacific Ocean,Manta net,0.514966,High
24.53,-83.35,1993,1,Atlantic Ocean,Neuston net,0.0,Low
24.09,-81.86,2006,5,Atlantic Ocean,Neuston net,0.0,Low
25.65,-79.46,1999,3,Atlantic Ocean,Neuston net,0.037796,Low
30.004407,-134.899,2015,8,Pacific Ocean,Manta net,11.384704,High
26.21,-144.53,2011,10,Pacific Ocean,Neuston net,0.060476,Low
30.1093,-136.2664,2014,9,Pacific Ocean,Grab sample,0.008,Low
14.62,-60.27,2006,11,Atlantic Ocean,Neuston net,0.0,Low
17.32,-61.0,1996,11,Atlantic Ocean,Neuston net,0.0,Low
19.04,-60.33,1996,11,Atlantic Ocean,Neuston net,0.00432,Low
12.42,-61.76,1999,12,Atlantic Ocean,Neuston net,0.0,Low
16.8942,-25.0427,2014,11,Atlantic Ocean,Grab sample,0.007,Low
18.7717,-39.0633,2014,11,Atlantic Ocean,Grab sample,0.006,Low
17.3,-81.97,1996,2,Atlantic Ocean,Neuston net,0.01296,Low
16.64,-85.93,2003,3,Atlantic Ocean,Neuston net,0.0,Low
13.35,-71.32,1987,12,Atlantic Ocean,Neuston net,0.025916,Low
16.87,-62.63,1995,11,Atlantic Ocean,Neuston net,0.0,Low
15.36,-61.78,1999,12,Atlantic Ocean,Neuston net,0.00216,Low
-29.9658,-23.4819,2010,11,Atlantic Ocean,Neuston net,0.102203,High
-2.5,-82.0,2017,10,Pacific Ocean,Plankton net,0.73,High
3.48,-143.62,2008,12,Pacific Ocean,Neuston net,0.0,Low
19.62,-146.5,2011,10,Pacific Ocean,Neuston net,0.00216,Low
17.2,-77.03,1987,2,Atlantic Ocean,Neuston net,0.003456,Low
16.24,-81.2,1992,3,Atlantic Ocean,Neuston net,0.003084,Low
34.372,34.2181,2014,8,Atlantic Ocean,Manta net,0.582702,High
-42.24,-64.05,2014,9,Atlantic Ocean,Grab sample,0.001,Low
15.25,-157.55,2008,6,Pacific Ocean,Neuston net,0.0,Low
14.89,-158.46,2002,4,Pacific Ocean,Neuston net,0.006892,Low
20.6,-154.81,2011,10,Pacific Ocean,Neuston net,0.0,Low
24.21,-149.32,2005,7,Pacific Ocean,Neuston net,0.0,Low
40.16,-157.42,2008,12,Pacific Ocean,Neuston net,0.0,Low
42.56,-69.66,2006,7,Atlantic Ocean,Neuston net,0.00216,Low
42.34,-70.26,2003,6,Atlantic Ocean,Neuston net,0.03394,Low
43.3181,5.1862,2010,7,Atlantic Ocean,Neuston net,0.0,Low
56.8307,-6.1561,2016,5,Atlantic Ocean,Grab sample,0.0,Low
55.991833,-2.397333,2018,1,Atlantic Ocean,Neuston net,0.023244,Low
38.43987,-9.09325,2018,12,Atlantic Ocean,Neuston net,0.34311,High
37.499433,-17.227333,2013,10,Atlantic Ocean,Manta net,1.025428,High
41.373055,2.191604,2020,11,Atlantic Ocean,Manta net,1.399333,High
39.35,-69.48,1994,8,Atlantic Ocean,Neuston net,0.0,Low
41.28,-68.82,1993,7,Atlantic Ocean,Neuston net,0.0,Low
39.64,-68.21,2006,10,Atlantic Ocean,Neuston net,0.0,Low
37.4834,-47.5167,2015,5,Atlantic Ocean,Grab sample,0.089,High
28.68,-65.05,1999,5,Atlantic Ocean,Neuston net,0.033596,Low
32.0423,-140.202,2009,8,Pacific Ocean,Manta net,0.798,High
35.6912,-147.6655,2008,2,Pacific Ocean,Neuston net,2.391059,High
24.14,-82.22,2003,5,Atlantic Ocean,Neuston net,0.0,Low
30.03,-59.88,1992,10,Atlantic Ocean,Neuston net,0.051836,Low
29.42,-60.8,1996,10,Atlantic Ocean,Neuston net,0.043196,Low
26.38,-60.11,1996,10,Atlantic Ocean,Neuston net,0.47516,High
22.7,-58.82,1999,11,Atlantic Ocean,Neuston net,0.01178,Low
22.6,-60.0,1995,11,Atlantic Ocean,Neuston net,0.001964,Low
24.59,-143.47,2005,7,Pacific Ocean,Neuston net,0.041396,Low
26.21,-144.53,2011,6,Pacific Ocean,Neuston net,0.060476,Low
29.9952,-141.7755,2015,8,Pacific Ocean,Manta net,6.394891,High
26.85,-74.42,1991,4,Atlantic Ocean,Neuston net,0.00166,Low
25.73,-77.08,1996,4,Atlantic Ocean,Neuston net,0.110152,High
17.35,-60.2,1995,11,Atlantic Ocean,Neuston net,0.00216,Low
14.2287,-59.4445,2014,12,Atlantic Ocean,Grab sample,0.003,Low
16.9637,-32.6548,2014,11,Atlantic Ocean,Grab sample,0.02,Low
18.7888,-38.3155,2014,12,Atlantic Ocean,Grab sample,0.038,Low
15.899667,-44.358833,2020,12,Atlantic Ocean,Manta net,0.018715,Low
29.6302,-134.14125,2015,8,Pacific Ocean,Manta net,1.000613,High
16.17,-86.29,1987,12,Atlantic Ocean,Neuston net,0.0,Low
16.51,-85.08,1987,3,Atlantic Ocean,Neuston net,0.00576,Low
13.25,-62.0,1992,12,Atlantic Ocean,Neuston net,0.0,Low
18.53,-64.4,1992,12,Atlantic Ocean,Neuston net,0.0,Low
17.32,-66.41,2000,5,Atlantic Ocean,Neuston net,0.0,Low
15.45,-60.75,1999,11,Atlantic Ocean,Neuston net,0.064796,Low
-34.9098,-43.8572,2011,2,Atlantic Ocean,Neuston net,0.159316,High
-34.3095,18.359667,2018,12,Atlantic Ocean,Manta net,0.033217,Low
3.48,-143.62,2009,4,Pacific Ocean,Neuston net,0.0,Low
19.51,-144.23,2012,7,Pacific Ocean,Neuston net,0.448132,High
16.25,-76.18,1992,3,Atlantic Ocean,Neuston net,0.0,Low
15.48,-76.05,1993,3,Atlantic Ocean,Neuston net,0.00216,Low
78.3,13.93,2016,6,Arctic Ocean,Grab sample,0.003,Low
-16.96,-149.84,2002,2,Pacific Ocean,Neuston net,0.0,Low
8.38,-151.97,2011,11,Pacific Ocean,Neuston net,0.003456,Low
33.074,35.101667,2013,7,Atlantic Ocean,Manta net,2.597629,High
34.816,26.13,2019,3,Atlantic Ocean,Manta net,0.613333,High
30.5422,-163.2292,2009,7,Pacific Ocean,Neuston net,0.40573,High
58.502667,-6.513,2018,1,Atlantic Ocean,Neuston net,0.032219,Low
57.8985,-6.510333,2022,1,Atlantic Ocean,Neuston net,0.081615,High
56.017167,-4.8875,2018,10,Atlantic Ocean,Neuston net,0.090943,High
73.6265,-81.3629,2015,7,Arctic Ocean,Grab sample,0.049,Low
77.3834,13.8334,2015,5,Arctic Ocean,Grab sample,0.003,Low
36.82,-64.25,2001,10,Atlantic Ocean,Neuston net,0.039268,Low
38.7068,13.2211,2014,7,Atlantic Ocean,Manta net,0.095424,High
44.349167,-4.863,2020,8,Atlantic Ocean,Manta net,0.469466,High
44.2934,9.2035,2010,7,Atlantic Ocean,Neuston net,8.030516,High
33.73,-64.85,1991,5,Atlantic Ocean,Neuston net,0.060476,Low
35.18,-65.78,1992,5,Atlantic Ocean,Neuston net,0.00864,Low
35.63,-64.77,1995,10,Atlantic Ocean,Neuston net,0.035088,Low
38.34,-69.93,1999,10,Atlantic Ocean,Neuston net,0.0,Low
41.38,-70.93,1998,8,Atlantic Ocean,Neuston net,0.010812,Low
40.47,-63.92,1992,7,Atlantic Ocean,Neuston net,0.00648,Low
32.4381,-137.3467,2018,10,Pacific Ocean,Manta net,4.384549,High
32.2454,-128.3595,2009,8,Pacific Ocean,Manta net,0.27,High
27.58,-62.35,1994,10,Atlantic Ocean,Neuston net,0.02376,Low
20.787,-20.755,2016,11,Atlantic Ocean,Neuston net,0.0,Low
25.4442,-16.44,2014,11,Atlantic Ocean,Grab sample,0.012,Low
28.638333,-16.388333,2013,9,Atlantic Ocean,Manta net,0.543882,High
32.85,-143.36,2019,8,Pacific Ocean,Manta net,3.92704,High
22.76,-57.59,1999,11,Atlantic Ocean,Neuston net,0.00864,Low
20.72,-56.75,1986,10,Atlantic Ocean,Neuston net,0.0,Low
29.000035,-138.5655,2015,7,Pacific Ocean,Manta net,1.146122,High
23.34,-107.65,2002,12,Pacific Ocean,Neuston net,0.0,Low
30.8,-79.85,1996,5,Atlantic Ocean,Neuston net,0.0,Low
25.94,-76.49,2002,4,Atlantic Ocean,Neuston net,0.018,Low
26.16,-78.04,2007,2,Atlantic Ocean,Neuston net,0.0,Low
27.9418,-82.4585,2016,7,Atlantic Ocean,Van Dorn sampler,0.0,Low
18.53,-59.6,1992,11,Atlantic Ocean,Neuston net,0.0,Low
20.01,-38.22,2014,12,Atlantic Ocean,Grab sample,0.022,Low
30.3259,-133.8972,2015,9,Pacific Ocean,Manta net,2.063226,High
20.15,-147.77,2005,3,Pacific Ocean,Neuston net,0.0,Low
24.59,-143.47,2005,12,Pacific Ocean,Neuston net,0.041396,Low
28.54,-140.09,2008,12,Pacific Ocean,Neuston net,0.0,Low
16.74,-83.04,1998,12,Atlantic Ocean,Neuston net,0.0,Low
17.04,-86.24,2006,3,Atlantic Ocean,Neuston net,0.046296,Low
11.2,-62.25,1996,12,Atlantic Ocean,Neuston net,0.0,Low
15.35,-72.53,1995,12,Atlantic Ocean,Neuston net,0.032396,Low
16.2,-73.6,2002,12,Atlantic Ocean,Neuston net,0.0,Low
16.06,-62.62,2003,12,Atlantic Ocean,Neuston net,0.0,Low
-26.0652,-118.5125,2011,4,Pacific Ocean,Neuston net,0.007487,Low
-33.218,-51.063,2015,8,Atlantic Ocean,Grab sample,0.0,Low
-28.832,-17.443,2011,1,Atlantic Ocean,Neuston net,1.796407,High
-13.65,-145.06,2002,2,Pacific Ocean,Neuston net,0.006172,Low
18.38,-76.12,2006,4,Atlantic Ocean,Neuston net,0.00432,Low
16.43,-84.47,2000,3,Atlantic Ocean,Neuston net,0.053996,Low
37.5,25.3,2015,6,Atlantic Ocean,Manta net,0.166667,High
43.163333,28.078333,2017,8,Atlantic Ocean,Manta net,0.163252,High
60.093267,22.310833,2019,6,Atlantic Ocean,Manta net,0.142892,High
11.09,-156.77,2005,3,Pacific Ocean,Neuston net,0.043196,Low
19.24,-156.55,2009,7,Pacific Ocean,Neuston net,0.0,Low
33.35,-150.87,2011,12,Pacific Ocean,Neuston net,0.0,Low
33.02,-152.9,2005,10,Pacific Ocean,Neuston net,0.0,Low
32.584,34.9055,2013,10,Atlantic Ocean,Manta net,0.787879,High
52.36829,3.633658,2020,11,Atlantic Ocean,Manta net,1.245991,High
53.71875,-141.331416,2019,3,Pacific Ocean,Neuston net,0.116698,High
57.031,-1.875,2018,1,Atlantic Ocean,Neuston net,0.0,Low
56.009667,-3.157167,2019,12,Atlantic Ocean,Neuston net,0.009966,Low
56.110333,-2.854667,2022,11,Atlantic Ocean,Neuston net,0.097374,High
38.9165,13.299333,2013,6,Atlantic Ocean,Neuston net,2.295152,High
40.727833,4.1565,2018,6,Atlantic Ocean,Manta net,0.433829,High
43.3,-68.65,1992,5,Atlantic Ocean,Neuston net,0.0,Low
43.7585,7.5534,2014,6,Atlantic Ocean,Manta net,0.259059,High
43.025,9.301667,2011,9,Atlantic Ocean,Manta net,0.755588,High
44.076833,14.304167,2021,6,Atlantic Ocean,Manta net,1.655813,High
34.7,-64.77,2002,5,Atlantic Ocean,Neuston net,0.047516,Low
35.76,-69.71,1999,4,Atlantic Ocean,Neuston net,0.0,Low
40.63,-69.88,1992,9,Atlantic Ocean,Neuston net,0.00216,Low
40.18,-70.2,1991,10,Atlantic Ocean,Neuston net,0.00216,Low
42.32,-62.58,1995,7,Atlantic Ocean,Neuston net,0.00864,Low
37.08,-63.2,1999,10,Atlantic Ocean,Neuston net,0.0162,Low
32.429,-80.682,2014,10,Atlantic Ocean,Grab sample,0.0,Low
32.83,-64.85,1987,6,Atlantic Ocean,Neuston net,0.0,Low
33.52,-65.18,1996,5,Atlantic Ocean,Neuston net,0.01944,Low
30.3127,-64.1437,2016,5,Atlantic Ocean,Grab sample,0.045,Low
31.0,-66.49,1992,5,Atlantic Ocean,Neuston net,0.041036,Low
26.4735,-18.5288,2014,11,Atlantic Ocean,Grab sample,0.0,Low
32.4745,-133.4965,2015,9,Pacific Ocean,Manta net,1.389757,High
32.21,-120.45,2002,10,Pacific Ocean,Neuston net,0.00432,Low
24.62,-74.32,1993,2,Atlantic Ocean,Neuston net,0.0,Low
26.04,-60.44,1998,10,Atlantic Ocean,Neuston net,0.0,Low
26.83,-57.98,2003,10,Atlantic Ocean,Neuston net,0.10182,High
20.41,-59.59,2001,10,Atlantic Ocean,Neuston net,0.0072,Low
20.4,-72.23,2006,12,Atlantic Ocean,Neuston net,0.053996,Low
25.32,-68.45,1999,2,Atlantic Ocean,Neuston net,0.00864,Low
24.33,-75.95,1996,2,Atlantic Ocean,Neuston net,0.0,Low
24.448917,-144.86675,2019,11,Pacific Ocean,Manta net,0.423907,High
25.92,-77.37,2003,2,Atlantic Ocean,Neuston net,0.0,Low
26.12,-80.01,1992,2,Atlantic Ocean,Neuston net,0.00216,Low
27.8493,-82.4314,2017,4,Atlantic Ocean,Plankton net,1.9,High
16.68,-62.0,1996,11,Atlantic Ocean,Neuston net,0.0,Low
17.02,-64.78,1994,12,Atlantic Ocean,Neuston net,0.00648,Low
14.0691,-61.0097,2014,12,Atlantic Ocean,Grab sample,0.008,Low
17.1,-29.9756,2014,11,Atlantic Ocean,Grab sample,0.002,Low
23.52,-141.63,2008,10,Pacific Ocean,Neuston net,0.0,Low
23.15,-144.69,2012,5,Pacific Ocean,Neuston net,0.0,Low
-30.5732,-96.2025,2011,4,Pacific Ocean,Neuston net,0.079638,Low
2.89,-137.24,2010,12,Pacific Ocean,Neuston net,0.003084,Low
13.9489,-99.1561,2015,1,Pacific Ocean,Grab sample,0.005,Low
12.42,-61.93,1994,12,Atlantic Ocean,Neuston net,0.0,Low
37.03,-149.44,2003,7,Pacific Ocean,Neuston net,0.055728,Low
32.840167,34.951833,2014,4,Atlantic Ocean,Manta net,0.797519,High
18.46,-157.58,2006,2,Pacific Ocean,Neuston net,0.0108,Low
17.643,-151.3375,2014,5,Pacific Ocean,Grab sample,0.029,Low
20.27,-156.47,2004,4,Pacific Ocean,Neuston net,0.0,Low
20.35,-154.67,2009,3,Pacific Ocean,Neuston net,0.0,Low
33.26,-156.98,2008,2,Pacific Ocean,Neuston net,0.0,Low
32.4983,-159.92,2009,9,Pacific Ocean,Neuston net,1.578948,High
44.05,-64.37,1992,5,Atlantic Ocean,Neuston net,0.00648,Low
43.92,-62.1,1994,7,Atlantic Ocean,Neuston net,0.025916,Low
43.3088,5.325,2018,10,Atlantic Ocean,Manta net,0.008565,Low
43.065,6.433833,2019,6,Atlantic Ocean,Manta net,0.153588,High
-36.2006,-49.2666,2018,4,Atlantic Ocean,Intake seawater pump,12.0,High
42.589983,-129.910617,2019,12,Pacific Ocean,Manta net,0.0,Low
42.586,-129.913533,2019,12,Pacific Ocean,Manta net,0.506766,High
44.95,-56.87,1989,8,Atlantic Ocean,Neuston net,0.0,Low
45.09,-59.8,1989,7,Atlantic Ocean,Neuston net,0.005656,Low
46.799167,-56.724667,2016,6,Atlantic Ocean,Manta net,0.02839,Low
40.98,-70.81,1995,8,Atlantic Ocean,Neuston net,0.01728,Low
40.28,-69.47,1997,6,Atlantic Ocean,Neuston net,0.0,Low
40.25,-70.55,1995,6,Atlantic Ocean,Neuston net,0.032396,Low
36.142667,-6.047833,2020,7,Atlantic Ocean,Manta net,0.037571,Low
38.116,6.637,2013,6,Atlantic Ocean,Neuston net,0.919913,High
32.28,-65.56,2007,4,Atlantic Ocean,Neuston net,0.0,Low
33.54,-64.87,2004,5,Atlantic Ocean,Neuston net,0.040496,Low
34.57,-64.25,2002,5,Atlantic Ocean,Neuston net,0.0,Low
35.85,-65.03,1996,5,Atlantic Ocean,Neuston net,0.01944,Low
32.84,-147.81,2008,3,Pacific Ocean,Neuston net,0.0,Low
33.783275,-138.32,2015,8,Pacific Ocean,Manta net,2.645503,High
34.983,-133.0,1972,11,Pacific Ocean,Neuston net,0.073,Low
20.4521,-64.1968,2010,1,Atlantic Ocean,Neuston net,0.342431,High
23.23,-72.55,1993,5,Atlantic Ocean,Neuston net,0.083984,High
24.59,-71.65,2000,2,Atlantic Ocean,Neuston net,0.019932,Low
29.69,-70.36,1993,5,Atlantic Ocean,Neuston net,0.25918,High
22.4862,-26.2168,2014,12,Atlantic Ocean,Grab sample,0.022,Low
24.5338,-24.4956,2014,11,Atlantic Ocean,Grab sample,0.01,Low
24.52,-82.5,1996,3,Atlantic Ocean,Neuston net,0.013744,Low
26.9,-57.57,1996,10,Atlantic Ocean,Neuston net,0.662268,High
21.81,-58.65,2008,11,Atlantic Ocean,Neuston net,0.017432,Low
29.37,-139.91,2005,1,Pacific Ocean,Neuston net,0.0,Low
28.68,-78.85,2002,5,Atlantic Ocean,Neuston net,0.0,Low
27.8096,-82.446,2016,7,Atlantic Ocean,Van Dorn sampler,0.0,Low
15.38,-72.43,2000,12,Atlantic Ocean,Neuston net,0.00216,Low
14.73,-60.01,1998,11,Atlantic Ocean,Neuston net,0.013292,Low
19.93,-58.03,2005,10,Atlantic Ocean,Neuston net,0.0,Low
13.75,-61.48,2001,12,Atlantic Ocean,Neuston net,0.00648,Low
10.760339,-61.441728,2016,2,Atlantic Ocean,Hand picking,1.222222,High
24.73,-139.58,2009,5,Pacific Ocean,Neuston net,0.0,Low
-5.98,-111.97,2001,12,Pacific Ocean,Neuston net,0.00864,Low
19.73,-146.63,2005,12,Pacific Ocean,Neuston net,0.0,Low
19.24,-143.41,2011,3,Pacific Ocean,Neuston net,0.0,Low
11.63,-118.72,2002,12,Pacific Ocean,Neuston net,0.0,Low
18.95,-80.47,1996,4,Atlantic Ocean,Neuston net,0.0216,Low
32.4304,-149.0767,2015,8,Pacific Ocean,Manta net,1.740337,High
33.56,-152.27,2008,7,Pacific Ocean,Neuston net,0.0,Low
32.823667,35.035,2015,5,Atlantic Ocean,Manta net,0.411184,High
31.626,34.504333,2014,5,Atlantic Ocean,Manta net,1.359388,High
15.94,-162.49,2006,10,Pacific Ocean,Neuston net,0.0,Low
55.967667,-2.2075,2022,1,Atlantic Ocean,Neuston net,0.006645,Low
8.38,-151.97,2012,4,Pacific Ocean,Neuston net,0.003456,Low
19.6952,-154.3368,2007,11,Pacific Ocean,Neuston net,0.033238,Low
26.48,-156.4,2019,6,Pacific Ocean,Manta net,1.114427,High
26.4972,-148.7426,2010,10,Pacific Ocean,Manta net,0.162,High
33.38,-156.38,2012,10,Pacific Ocean,Neuston net,0.016928,Low
45.37,-51.95,1992,7,Atlantic Ocean,Neuston net,0.00432,Low
44.35,-59.49,2005,5,Atlantic Ocean,Neuston net,0.0036,Low
58.436167,-2.993833,2019,1,Atlantic Ocean,Neuston net,0.0,Low
56.097833,-3.1085,2014,12,Atlantic Ocean,Neuston net,0.085853,High
39.16,-72.47,2000,10,Atlantic Ocean,Neuston net,0.0,Low
40.45,-69.42,1992,6,Atlantic Ocean,Neuston net,0.00432,Low
32.18,-61.82,2007,10,Atlantic Ocean,Neuston net,0.238236,High
31.307273,-14.241033,2015,11,Atlantic Ocean,Intake seawater pump,1.0,High
41.263153,1.963507,2020,12,Atlantic Ocean,Manta net,3.748667,High
21.1,-72.87,1993,2,Atlantic Ocean,Neuston net,0.0,Low
23.6,-70.17,1990,4,Atlantic Ocean,Neuston net,0.014396,Low
33.08,-147.02,2004,7,Pacific Ocean,Neuston net,0.0,Low
32.6315,-117.1042,2015,9,Pacific Ocean,Grab sample,0.004,Low
24.98,-83.5,1997,1,Atlantic Ocean,Neuston net,0.0216,Low
24.14,-81.99,1999,3,Atlantic Ocean,Neuston net,0.00864,Low
24.77,-79.73,1997,3,Atlantic Ocean,Neuston net,0.0,Low
29.22,-59.11,2000,10,Atlantic Ocean,Neuston net,0.0,Low
27.6279,-82.6415,2016,6,Atlantic Ocean,Van Dorn sampler,0.0,Low
13.74,-61.21,2002,11,Atlantic Ocean,Neuston net,0.00216,Low
19.453705,-23.284457,2015,11,Atlantic Ocean,Intake seawater pump,1.0,High
28.48845,-132.1473,2015,9,Pacific Ocean,Manta net,3.494777,High
22.11,-141.71,2012,2,Pacific Ocean,Neuston net,0.0,Low
27.33,-142.18,2004,9,Pacific Ocean,Neuston net,0.003324,Low
30.5126,-144.822,2015,8,Pacific Ocean,Manta net,1.377096,High
12.45,-66.55,1987,12,Atlantic Ocean,Neuston net,0.0,Low
13.18,-62.07,1991,12,Atlantic Ocean,Neuston net,0.0,Low
18.3464,-64.791,2014,1,Atlantic Ocean,Grab sample,0.019,Low
18.2038,-64.4243,2016,1,Atlantic Ocean,Grab sample,0.0,Low
17.3,-64.67,1998,12,Atlantic Ocean,Neuston net,0.0,Low
19.27,-58.58,1991,10,Atlantic Ocean,Neuston net,0.0,Low
17.71,-74.35,1998,12,Atlantic Ocean,Neuston net,0.00216,Low
15.85,-75.45,1992,2,Atlantic Ocean,Neuston net,0.003324,Low
16.7,-84.92,1998,4,Atlantic Ocean,Neuston net,0.0,Low
19.52,-81.95,1993,12,Atlantic Ocean,Neuston net,0.0,Low
16.7149,-87.8683,2015,3,Atlantic Ocean,Grab sample,0.0,Low
11.6,-62.91,2003,12,Atlantic Ocean,Neuston net,0.0,Low
2.89,-137.24,2011,7,Pacific Ocean,Neuston net,0.003084,Low
18.35,-76.23,1993,2,Atlantic Ocean,Neuston net,0.00648,Low
17.13,-76.7,2000,3,Atlantic Ocean,Neuston net,0.0,Low
17.03,-79.66,2001,3,Atlantic Ocean,Neuston net,0.0,Low
16.35,-84.48,1996,12,Atlantic Ocean,Neuston net,0.00432,Low
20.35,-154.67,2009,12,Pacific Ocean,Neuston net,0.0,Low
23.65,-149.74,2003,11,Pacific Ocean,Neuston net,0.0,Low
22.9915,-153.4777,2019,1,Pacific Ocean,Manta net,0.591322,High
40.16,-157.42,2009,4,Pacific Ocean,Neuston net,0.0,Low
32.584,34.9055,2013,7,Atlantic Ocean,Manta net,1.873173,High
53.887,-8.2436,2018,6,Atlantic Ocean,Intake seawater pump,28.0,High
61.479167,4.971,2019,9,Arctic Ocean,Manta net,0.063012,Low
68.5944,15.241083,2019,8,Arctic Ocean,Manta net,0.0,Low
19.95,-156.16,2007,11,Pacific Ocean,Neuston net,0.0,Low
20.27,-156.47,2005,3,Pacific Ocean,Neuston net,0.0,Low
20.2219,-154.475,2019,1,Pacific Ocean,Manta net,5.179643,High
36.2787,-4.8408,2014,12,Atlantic Ocean,Grab sample,0.01,Low
42.180167,18.833333,2013,5,Atlantic Ocean,Neuston net,0.539659,High
42.62,-69.97,2008,7,Atlantic Ocean,Neuston net,0.002788,Low
58.3955,-5.607,2014,1,Atlantic Ocean,Neuston net,0.13423,High
42.0,-70.36,2004,9,Atlantic Ocean,Neuston net,0.0024,Low
41.29,-68.76,2008,8,Atlantic Ocean,Neuston net,0.00258,Low
40.8,-70.82,1997,8,Atlantic Ocean,Neuston net,0.01512,Low
39.62,-66.49,2004,10,Atlantic Ocean,Neuston net,0.00864,Low
39.07,-68.03,2001,6,Atlantic Ocean,Neuston net,0.00648,Low
32.68,-62.07,1993,10,Atlantic Ocean,Neuston net,0.122412,High
34.0,-62.45,1995,10,Atlantic Ocean,Neuston net,0.333332,High
36.38,-66.11,1996,10,Atlantic Ocean,Neuston net,0.01728,Low
27.46,-65.12,2001,5,Atlantic Ocean,Neuston net,0.030236,Low
23.0758,-30.0531,2014,11,Atlantic Ocean,Grab sample,0.008,Low
33.71115,-143.807,2015,8,Pacific Ocean,Manta net,0.775949,High
31.72,-144.77,2008,12,Pacific Ocean,Neuston net,0.0,Low
34.983,-137.05,1972,4,Pacific Ocean,Neuston net,0.0,Low
25.39,-79.85,2006,3,Atlantic Ocean,Neuston net,0.0,Low
25.67,-74.8,1995,5,Atlantic Ocean,Neuston net,0.01728,Low
26.45,-58.02,1999,11,Atlantic Ocean,Neuston net,0.0162,Low
20.37,-71.3,1992,2,Atlantic Ocean,Neuston net,0.107992,High
24.3,-72.7,1990,4,Atlantic Ocean,Neuston net,0.018892,Low
24.55,-74.27,1995,5,Atlantic Ocean,Neuston net,0.01944,Low
24.83,-83.67,2007,2,Atlantic Ocean,Neuston net,0.0,Low
24.72,-80.48,1996,5,Atlantic Ocean,Neuston net,0.0,Low
24.08,-82.6,1999,1,Atlantic Ocean,Neuston net,0.0,Low
22.2,-109.9,2002,12,Pacific Ocean,Neuston net,0.0,Low
29.87,-77.5,2003,5,Atlantic Ocean,Neuston net,0.064796,Low
26.38,-79.3,2002,3,Atlantic Ocean,Neuston net,0.0,Low
27.85,-79.3,2001,2,Atlantic Ocean,Neuston net,0.0,Low
27.9456,-82.6943,2016,6,Atlantic Ocean,Van Dorn sampler,0.0,Low
27.9687,-82.5621,2016,10,Atlantic Ocean,Van Dorn sampler,0.0,Low
12.0,-61.48,1994,11,Atlantic Ocean,Neuston net,0.0,Low
11.28,-61.0,1986,10,Atlantic Ocean,Neuston net,0.0,Low
16.1628,-41.0668,2014,11,Atlantic Ocean,Grab sample,0.0,Low
13.5857,-16.6107,2015,3,Atlantic Ocean,Grab sample,0.001,Low
22.76,-141.69,2010,10,Pacific Ocean,Neuston net,0.0,Low
29.37,-139.91,2004,1,Pacific Ocean,Neuston net,0.0,Low
19.98,-70.59,2005,2,Atlantic Ocean,Neuston net,0.067196,Low
16.8016,-62.2085,2014,2,Atlantic Ocean,Grab sample,0.026,Low
15.28,-67.42,2002,12,Atlantic Ocean,Neuston net,0.0,Low
14.6133,-58.76,2014,12,Atlantic Ocean,Grab sample,0.123,High
16.98,-60.0,1993,11,Atlantic Ocean,Neuston net,0.00216,Low
19.22,-60.14,2014,12,Atlantic Ocean,Grab sample,0.013,Low
-26.877,-45.608,2015,8,Atlantic Ocean,Grab sample,0.004,Low
-15.791501,3.394063,2015,11,Atlantic Ocean,Intake seawater pump,0.0,Low
-11.54,-141.73,2002,2,Pacific Ocean,Neuston net,0.0,Low
18.97,-143.47,2008,10,Pacific Ocean,Neuston net,0.0108,Low
18.48,-75.82,2006,12,Atlantic Ocean,Neuston net,0.0,Low
11.87,-68.03,1995,12,Atlantic Ocean,Neuston net,0.0,Low
36.25525,-156.2503,2015,8,Pacific Ocean,Manta net,6.58212,High
32.983333,35.074333,2013,10,Atlantic Ocean,Manta net,0.740592,High
15.94,-162.49,2005,9,Pacific Ocean,Neuston net,0.0,Low
55.943833,-5.076667,2014,11,Atlantic Ocean,Neuston net,0.0,Low
-21.1485,-159.833,2016,9,Pacific Ocean,Manta net,0.005344,Low
12.95,-156.94,2004,5,Pacific Ocean,Neuston net,0.0,Low
33.38,-156.38,2011,12,Pacific Ocean,Neuston net,0.0,Low
33.47,-151.63,2010,12,Pacific Ocean,Neuston net,0.00864,Low
33.56,-152.27,2007,7,Pacific Ocean,Neuston net,0.0,Low
31.41,-61.68,2005,4,Atlantic Ocean,Neuston net,0.140388,High
36.760775,2.80062,2018,11,Atlantic Ocean,Manta net,1.096444,High
44.22,-63.87,1992,8,Atlantic Ocean,Neuston net,0.0,Low
50.3227,-5.2058,2016,10,Atlantic Ocean,Grab sample,0.0,Low
56.218167,-2.598167,2019,11,Atlantic Ocean,Neuston net,0.026536,Low
56.575,-2.441167,2020,1,Atlantic Ocean,Neuston net,0.013364,Low
34.37,-64.63,1987,5,Atlantic Ocean,Neuston net,0.022464,Low
40.25,-70.23,1994,6,Atlantic Ocean,Neuston net,0.0,Low
42.12,-67.72,1999,6,Atlantic Ocean,Neuston net,0.00216,Low
39.0,-63.12,1990,10,Atlantic Ocean,Neuston net,0.00216,Low
34.75,-58.3,2003,10,Atlantic Ocean,Neuston net,0.008312,Low
31.26,-74.12,1999,4,Atlantic Ocean,Neuston net,0.0162,Low
33.03,-64.39,1999,10,Atlantic Ocean,Neuston net,0.038396,Low
24.15,-68.34,2008,4,Atlantic Ocean,Neuston net,0.008528,Low
27.16,-67.38,1999,2,Atlantic Ocean,Neuston net,0.025916,Low
29.840507,-37.229903,2020,11,Atlantic Ocean,Manta net,1.421261,High
21.1235,-21.2737,2014,11,Atlantic Ocean,Grab sample,0.053,Low
33.06,-148.13,2005,11,Pacific Ocean,Neuston net,0.0,Low
39.2848,-76.6093,2013,11,Atlantic Ocean,Grab sample,0.012,Low
24.12,-74.63,2003,2,Atlantic Ocean,Neuston net,0.00432,Low
27.32,-55.15,1992,10,Atlantic Ocean,Neuston net,0.014404,Low
22.22,-67.83,1998,2,Atlantic Ocean,Neuston net,0.00216,Low
21.5,-70.28,1997,4,Atlantic Ocean,Neuston net,0.0,Low
20.81,-73.86,2006,4,Atlantic Ocean,Neuston net,0.00216,Low
30.5572,-145.043,2018,11,Pacific Ocean,Manta net,4.136879,High
26.3,-75.28,1992,2,Atlantic Ocean,Neuston net,0.01296,Low
26.1,-78.29,1999,4,Atlantic Ocean,Neuston net,0.0,Low
26.6,-79.45,1998,2,Atlantic Ocean,Neuston net,0.008096,Low
27.7084,-82.6092,2017,5,Atlantic Ocean,Plankton net,6.3,High
13.14,-61.51,2007,11,Atlantic Ocean,Neuston net,0.004856,Low
11.87,-60.08,1996,11,Atlantic Ocean,Neuston net,0.006644,Low
23.5677,-130.3722,2009,6,Pacific Ocean,Neuston net,0.149111,High
22.11,-141.71,2012,10,Pacific Ocean,Neuston net,0.544172,High
26.21,-144.53,2012,2,Pacific Ocean,Neuston net,0.060476,Low
28.72,-140.03,2006,12,Pacific Ocean,Neuston net,0.0,Low
12.21,-64.42,2000,12,Atlantic Ocean,Neuston net,0.0,Low
18.42,-64.32,1997,12,Atlantic Ocean,Neuston net,0.0,Low
16.3,-64.72,1991,11,Atlantic Ocean,Neuston net,0.00432,Low
17.26,-65.12,2000,12,Atlantic Ocean,Neuston net,0.0,Low
16.13,-58.47,2007,10,Atlantic Ocean,Neuston net,0.008884,Low
19.76,-59.79,2005,4,Atlantic Ocean,Neuston net,0.00648,Low
-27.022,-110.9803,2011,4,Pacific Ocean,Neuston net,0.1746,High
-28.5805,-104.3963,2011,4,Pacific Ocean,Neuston net,0.984862,High
-34.0162,9.7782,2010,12,Atlantic Ocean,Neuston net,0.081762,High
-4.84,-141.21,2002,3,Pacific Ocean,Neuston net,0.0,Low
-9.5,-130.04,2016,5,Pacific Ocean,Grab sample,0.0,Low
2.19,-135.73,2012,10,Pacific Ocean,Neuston net,0.001544,Low
20.14,-148.94,2006,8,Pacific Ocean,Neuston net,0.0,Low
33.1,-156.49,2010,7,Pacific Ocean,Neuston net,0.0,Low
33.47,-151.63,2010,8,Pacific Ocean,Neuston net,0.00864,Low
16.13,-162.0,2003,12,Pacific Ocean,Neuston net,0.01512,Low
55.9375,-4.9115,2021,9,Atlantic Ocean,Neuston net,0.0,Low
55.854167,-5.0345,2018,11,Atlantic Ocean,Neuston net,0.008921,Low
55.618833,-4.842167,2018,11,Atlantic Ocean,Neuston net,0.046932,Low
-37.7411,-56.5299,2015,4,Atlantic Ocean,Grab sample,0.009,Low
6.42,-148.97,2012,9,Pacific Ocean,Neuston net,0.0,Low
12.95,-156.94,2003,12,Pacific Ocean,Neuston net,0.0108,Low
46.61,-124.6,2002,8,Pacific Ocean,Neuston net,0.0,Low
43.98,-67.98,2007,9,Atlantic Ocean,Neuston net,0.0,Low
43.026,9.599667,2013,6,Atlantic Ocean,Neuston net,9.45122,High
54.629,-4.498,2021,9,Atlantic Ocean,Neuston net,0.0,Low
40.66,-68.38,2003,8,Atlantic Ocean,Neuston net,0.0,Low
41.52,-66.42,1998,7,Atlantic Ocean,Neuston net,0.0,Low
35.4864,17.2153,2014,8,Atlantic Ocean,Manta net,1.968305,High
38.923667,1.584167,2012,8,Atlantic Ocean,Manta net,0.230751,High
40.682,6.926833,2012,8,Atlantic Ocean,Manta net,0.55515,High
48.4783,-125.0649,2016,9,Pacific Ocean,Grab sample,0.003,Low
32.43,-66.6,2002,5,Atlantic Ocean,Neuston net,0.011784,Low
31.85,-63.97,2001,4,Atlantic Ocean,Neuston net,0.01296,Low
42.15,-68.98,1996,7,Atlantic Ocean,Neuston net,0.005184,Low
28.6,-66.12,1998,4,Atlantic Ocean,Neuston net,0.219824,High
33.89755,-140.53365,2019,12,Pacific Ocean,Manta net,27.723083,High
33.6587,-132.91725,2015,9,Pacific Ocean,Manta net,0.462912,High
33.7154,-132.7717,2015,9,Pacific Ocean,Manta net,0.589552,High
24.55,-76.1,1991,4,Atlantic Ocean,Neuston net,0.016612,Low
24.13,-76.12,1992,4,Atlantic Ocean,Neuston net,0.01728,Low
26.29,-59.99,2001,4,Atlantic Ocean,Neuston net,0.289416,High
25.07,-72.4,1998,4,Atlantic Ocean,Neuston net,0.0216,Low
25.72,-75.47,1995,2,Atlantic Ocean,Neuston net,0.0108,Low
26.42,-78.7,1991,4,Atlantic Ocean,Neuston net,0.0,Low
26.95,-79.41,2001,3,Atlantic Ocean,Neuston net,0.01944,Low
11.55,-59.95,1999,11,Atlantic Ocean,Neuston net,0.003084,Low
24.03,-138.44,2011,10,Pacific Ocean,Neuston net,0.0,Low
30.003082,-136.6595,2015,8,Pacific Ocean,Manta net,3.357755,High
31.072,-139.3982,2010,10,Pacific Ocean,Manta net,2.215,High
31.23,-75.71,2001,4,Atlantic Ocean,Neuston net,0.00648,Low
20.05,-73.52,2008,4,Atlantic Ocean,Neuston net,0.003352,Low
19.98,-70.37,1993,12,Atlantic Ocean,Neuston net,0.025944,Low
16.07,-61.95,1997,11,Atlantic Ocean,Neuston net,0.0,Low
15.93,-61.92,2004,11,Atlantic Ocean,Neuston net,0.0,Low
15.51,-60.35,1996,11,Atlantic Ocean,Neuston net,0.0,Low
18.7387,-51.42,2014,12,Atlantic Ocean,Grab sample,0.003,Low
18.97,-143.47,2009,2,Pacific Ocean,Neuston net,0.0108,Low
17.0,-80.39,2003,3,Atlantic Ocean,Neuston net,0.00216,Low
16.53,-85.58,1992,3,Atlantic Ocean,Neuston net,0.00216,Low
17.15,-73.37,1994,12,Atlantic Ocean,Neuston net,0.0,Low
2.19,-135.73,2012,11,Pacific Ocean,Neuston net,0.019392,Low
-0.5,-86.0,2017,10,Pacific Ocean,Plankton net,1.02,High
0.5,-82.0,2017,10,Pacific Ocean,Plankton net,0.61,High
17.94878,-76.82694,2017,11,Atlantic Ocean,Manta net,2.07,High
16.2,-79.83,1997,12,Atlantic Ocean,Neuston net,0.0,Low
14.08,-69.03,1992,12,Atlantic Ocean,Neuston net,0.0,Low
19.95,-156.16,2007,3,Pacific Ocean,Neuston net,0.0,Low
20.27,-156.47,2005,8,Pacific Ocean,Neuston net,0.0,Low
20.14,-148.94,2007,3,Pacific Ocean,Neuston net,0.0,Low
33.1,-156.49,2009,8,Pacific Ocean,Neuston net,0.0,Low
33.47,-151.63,2009,8,Pacific Ocean,Neuston net,0.00864,Low
5.97,-162.0,2003,5,Pacific Ocean,Neuston net,0.0,Low
43.183,5.3831,2018,10,Atlantic Ocean,Manta net,0.03125,Low
43.2464,8.0701,2010,7,Atlantic Ocean,Neuston net,0.557798,High
42.98,10.0595,2014,6,Atlantic Ocean,Manta net,0.779296,High
57.291833,-1.857833,2020,1,Atlantic Ocean,Neuston net,0.0,Low
6.42,-148.97,2012,11,Pacific Ocean,Neuston net,0.006156,Low
41.373055,2.191604,2021,2,Atlantic Ocean,Manta net,26.676667,High
43.91,-64.18,2002,6,Atlantic Ocean,Neuston net,0.00432,Low
43.27,-65.33,2001,8,Atlantic Ocean,Neuston net,0.0,Low
43.57,-69.35,1994,9,Atlantic Ocean,Neuston net,0.00216,Low
42.78,-69.82,2001,7,Atlantic Ocean,Neuston net,0.0,Low
42.19,-69.81,2006,7,Atlantic Ocean,Neuston net,0.0,Low
39.75,-69.73,1995,10,Atlantic Ocean,Neuston net,0.01728,Low
35.89,-58.15,2006,10,Atlantic Ocean,Neuston net,0.00648,Low
32.53,-60.62,1992,10,Atlantic Ocean,Neuston net,0.00648,Low
37.252333,13.144667,2021,9,Atlantic Ocean,Manta net,0.344158,High
39.001,9.2785,2021,9,Atlantic Ocean,Manta net,0.597923,High
31.45,-67.79,1999,4,Atlantic Ocean,Neuston net,0.01296,Low
35.12,-65.57,1995,10,Atlantic Ocean,Neuston net,0.48668,High
34.49,-65.01,1999,5,Atlantic Ocean,Neuston net,0.064796,Low
41.23,-70.9,1994,10,Atlantic Ocean,Neuston net,0.0,Low
32.0578,-137.9188,2009,8,Pacific Ocean,Manta net,1.303,High
36.0408,-140.3313,2008,2,Pacific Ocean,Neuston net,7.407828,High
24.26,-81.85,2007,12,Atlantic Ocean,Neuston net,0.00188,Low
22.4,-58.38,1992,10,Atlantic Ocean,Neuston net,0.0108,Low
25.15,-59.98,1995,11,Atlantic Ocean,Neuston net,0.0054,Low
23.85,-70.35,1991,5,Atlantic Ocean,Neuston net,0.0,Low
29.4,-67.57,1991,5,Atlantic Ocean,Neuston net,0.243636,High
26.3667,-16.8167,2014,11,Atlantic Ocean,Grab sample,0.038,Low
24.48,-83.17,2001,1,Atlantic Ocean,Neuston net,0.359712,High
17.8752,-45.875,2014,12,Atlantic Ocean,Grab sample,0.016,Low
29.057002,-134.558,2015,7,Pacific Ocean,Manta net,1.348287,High
26.9979,-130.7584,2015,9,Pacific Ocean,Manta net,0.320443,High
28.41,-140.21,2005,5,Pacific Ocean,Neuston net,0.0,Low
27.98,-80.02,2004,5,Atlantic Ocean,Neuston net,0.00216,Low
19.4,-73.99,2005,3,Atlantic Ocean,Neuston net,0.00864,Low
17.43,-63.35,1997,11,Atlantic Ocean,Neuston net,0.0,Low
16.47,-63.63,1989,12,Atlantic Ocean,Neuston net,0.00432,Low
17.9,-58.5,1997,11,Atlantic Ocean,Neuston net,0.0,Low
17.1887,-39.315,2014,11,Atlantic Ocean,Grab sample,0.0,Low
17.4042,-48.8252,2014,12,Atlantic Ocean,Grab sample,0.011,Low
-26.4261,-41.0363,2010,11,Atlantic Ocean,Neuston net,0.02467,Low
19.24,-143.41,2010,10,Pacific Ocean,Neuston net,0.0,Low
17.79,-76.27,2001,2,Atlantic Ocean,Neuston net,0.00216,Low
16.48,-76.0,1989,12,Atlantic Ocean,Neuston net,0.0,Low
9.54,-165.26,2002,4,Pacific Ocean,Neuston net,0.0,Low
16.36,-159.94,2005,3,Pacific Ocean,Neuston net,0.016196,Low
20.14,-148.94,2007,11,Pacific Ocean,Neuston net,0.0,Low
32.76,-150.21,2008,12,Pacific Ocean,Neuston net,0.0,Low
39.9,-157.2,2011,8,Pacific Ocean,Neuston net,0.0,Low
35.478,25.04,2017,7,Atlantic Ocean,Manta net,0.683333,High
58.8857,-152.1576,2014,7,Pacific Ocean,Grab sample,0.003,Low
43.14,-69.63,2008,7,Atlantic Ocean,Neuston net,0.0,Low
42.87,-69.59,2005,9,Atlantic Ocean,Neuston net,0.0108,Low
42.4887,3.1748,2014,10,Atlantic Ocean,Manta net,1.420708,High
56.041833,-3.043833,2018,12,Atlantic Ocean,Neuston net,0.0,Low
69.6764,-81.9431,2016,9,Arctic Ocean,Grab sample,0.064,Low
84.4969,-143.82,2016,8,Arctic Ocean,Intake seawater pump,0.5,High
36.97,-67.48,1998,10,Atlantic Ocean,Neuston net,0.0,Low
40.503833,19.226667,2013,5,Atlantic Ocean,Neuston net,0.32175,High
43.44,-69.06,2004,9,Atlantic Ocean,Neuston net,0.0,Low
35.48,-63.33,1998,10,Atlantic Ocean,Neuston net,0.00864,Low
36.23,-64.41,2001,6,Atlantic Ocean,Neuston net,0.006172,Low
40.16,-69.41,1997,8,Atlantic Ocean,Neuston net,0.0,Low
39.18,-63.65,2007,5,Atlantic Ocean,Neuston net,0.03734,Low
39.33,-65.77,1992,5,Atlantic Ocean,Neuston net,0.0,Low
31.36,-71.43,2000,4,Atlantic Ocean,Neuston net,0.00864,Low
33.35,-63.52,1996,10,Atlantic Ocean,Neuston net,0.109432,High
33.94,-64.48,1996,10,Atlantic Ocean,Neuston net,0.072924,Low
30.79,-72.38,2003,5,Atlantic Ocean,Neuston net,0.038876,Low
21.1739,-26.6103,2014,11,Atlantic Ocean,Grab sample,0.003,Low
32.37,-146.51,2006,5,Pacific Ocean,Neuston net,0.0,Low
32.023423,-143.639,2015,8,Pacific Ocean,Manta net,3.387223,High
31.317,-132.65,1973,2,Pacific Ocean,Neuston net,0.221,High
22.45,-73.68,1987,2,Atlantic Ocean,Neuston net,0.00432,Low
22.24,-73.72,2000,2,Atlantic Ocean,Neuston net,0.056156,Low
24.83,-71.23,1990,4,Atlantic Ocean,Neuston net,0.010804,Low
26.43,-72.88,1995,5,Atlantic Ocean,Neuston net,0.0216,Low
27.97,-71.74,1992,5,Atlantic Ocean,Neuston net,0.0108,Low
30.57,-69.7,2003,5,Atlantic Ocean,Neuston net,0.0108,Low
24.42,-80.14,1996,5,Atlantic Ocean,Neuston net,0.00432,Low
25.4,-57.82,1993,10,Atlantic Ocean,Neuston net,0.00216,Low
21.0,-72.92,1993,2,Atlantic Ocean,Neuston net,0.00216,Low
27.9899,-82.6316,2016,8,Atlantic Ocean,Van Dorn sampler,0.0,Low
15.8642,-53.9813,2014,12,Atlantic Ocean,Grab sample,0.01,Low
25.68,-143.09,2003,10,Pacific Ocean,Neuston net,0.0,Low
25.69,-141.14,2012,6,Pacific Ocean,Neuston net,0.042824,Low
30.02395,-139.11535,2015,8,Pacific Ocean,Manta net,4.833991,High
25.92,-77.85,1995,5,Atlantic Ocean,Neuston net,0.00576,Low
-31.978,-90.4108,2011,3,Pacific Ocean,Manta net,0.01888,Low
-20.382596,6.42863,2015,11,Atlantic Ocean,Intake seawater pump,0.0,Low
-10.42,-143.09,2003,3,Pacific Ocean,Neuston net,0.0,Low
5.59,-87.04,2001,11,Pacific Ocean,Neuston net,0.0,Low
19.96,-146.64,2008,10,Pacific Ocean,Neuston net,0.00216,Low
19.43,-145.47,2009,6,Pacific Ocean,Neuston net,0.00432,Low
16.13,-162.0,2004,4,Pacific Ocean,Neuston net,0.0,Low
56.078,-5.7025,2016,1,Atlantic Ocean,Neuston net,0.131644,High
54.769833,9.870167,2020,9,Atlantic Ocean,Manta net,0.0,Low
18.46,-157.58,2005,8,Pacific Ocean,Neuston net,0.0108,Low
33.56665,-151.05,2015,8,Pacific Ocean,Manta net,1.527513,High
40.58,-157.79,2011,12,Pacific Ocean,Neuston net,0.043748,Low
39.9,-157.2,2011,4,Pacific Ocean,Neuston net,0.0,Low
47.658583,-139.846583,2019,2,Pacific Ocean,Neuston net,0.049246,Low
44.731667,-8.26,2018,7,Atlantic Ocean,Manta net,0.08656,High
43.0966,5.9917,2013,7,Atlantic Ocean,Manta net,0.78917,High
40.91,-70.59,1999,7,Atlantic Ocean,Neuston net,0.0,Low
41.69,-67.05,2002,9,Atlantic Ocean,Neuston net,0.0,Low
41.38,-64.15,1994,7,Atlantic Ocean,Neuston net,0.0,Low
33.736667,-19.181667,2014,7,Atlantic Ocean,Manta net,0.388245,High
36.760775,2.80062,2018,6,Atlantic Ocean,Manta net,0.156635,High
41.397303,2.21315,2020,12,Atlantic Ocean,Manta net,1.188667,High
36.54,-65.76,1999,5,Atlantic Ocean,Neuston net,0.00864,Low
35.48,-68.73,1987,5,Atlantic Ocean,Neuston net,0.0108,Low
40.95,-68.43,2006,7,Atlantic Ocean,Neuston net,0.0,Low
32.37,-146.51,2006,12,Pacific Ocean,Neuston net,0.0,Low
32.5488,-146.9627,2007,9,Pacific Ocean,Neuston net,1.039201,High
34.0618,-139.9844,2009,8,Pacific Ocean,Manta net,0.521,High
38.8663,-76.4925,2015,11,Atlantic Ocean,Grab sample,0.026,Low
36.8463,-76.3002,2013,11,Atlantic Ocean,Grab sample,0.004,Low
26.56,-68.43,1997,4,Atlantic Ocean,Neuston net,0.01944,Low
31.17,-67.1,2000,6,Atlantic Ocean,Neuston net,0.105832,High
30.96,-70.13,1999,4,Atlantic Ocean,Neuston net,0.01234,Low
30.82,-71.28,1997,4,Atlantic Ocean,Neuston net,0.375808,High
30.6054,-39.6499,2013,6,Atlantic Ocean,Neuston net,0.203724,High
24.8833,-24.0,2015,5,Atlantic Ocean,Grab sample,0.007,Low
28.63,-59.3,2006,10,Atlantic Ocean,Neuston net,0.01944,Low
28.22,-59.25,2005,4,Atlantic Ocean,Neuston net,0.103672,High
22.05,-58.63,1991,10,Atlantic Ocean,Neuston net,0.0,Low
24.33,-57.2,1992,10,Atlantic Ocean,Neuston net,0.00216,Low
20.37,-70.35,1998,3,Atlantic Ocean,Neuston net,0.0,Low
28.08,-72.03,1994,5,Atlantic Ocean,Neuston net,0.0144,Low
26.36,-75.51,2004,2,Atlantic Ocean,Neuston net,0.0,Low
27.8261,-82.5675,2016,8,Atlantic Ocean,Van Dorn sampler,2000.0,High
17.64,-63.45,2001,11,Atlantic Ocean,Neuston net,0.00648,Low
17.25,-64.35,1992,12,Atlantic Ocean,Neuston net,0.062636,Low
12.57,-57.9,2007,11,Atlantic Ocean,Neuston net,0.0,Low
18.3227,-42.2815,2014,12,Atlantic Ocean,Grab sample,0.01,Low
19.939,-22.1357,2014,11,Atlantic Ocean,Grab sample,0.022,Low
10.42,-64.62,1995,12,Atlantic Ocean,Neuston net,0.02376,Low
12.35,-64.25,1991,12,Atlantic Ocean,Neuston net,0.0,Low
14.24,-66.07,2000,12,Atlantic Ocean,Neuston net,0.00216,Low
16.07,-72.82,1995,12,Atlantic Ocean,Neuston net,0.0108,Low
-29.0453,-101.7302,2011,4,Pacific Ocean,Neuston net,4.42828,High
-2.2,-99.82,2001,12,Pacific Ocean,Neuston net,0.0,Low
19.73,-146.63,2006,8,Pacific Ocean,Neuston net,0.0,Low
19.43,-145.47,2009,3,Pacific Ocean,Neuston net,0.00432,Low
19.33,-79.14,2003,3,Atlantic Ocean,Neuston net,0.0,Low
42.800617,6.312317,2017,8,Atlantic Ocean,Manta net,0.012941,Low
58.189333,-7.186333,2021,1,Atlantic Ocean,Neuston net,0.027897,Low
71.6275,-55.9675,2016,7,Arctic Ocean,Manta net,0.00401,Low
25.7248,-149.7316,2014,9,Pacific Ocean,Grab sample,0.008,Low
59.86,-149.11,2016,5,Pacific Ocean,Grab sample,0.013,Low
41.263167,6.970167,2020,8,Atlantic Ocean,Manta net,0.515066,High
41.403637,2.2193,2020,11,Atlantic Ocean,Manta net,6.912667,High
48.654667,-145.837417,2019,3,Pacific Ocean,Neuston net,0.061736,Low
43.39,-60.24,2001,7,Atlantic Ocean,Neuston net,0.0,Low
44.175217,8.526189,2019,7,Atlantic Ocean,Manta net,0.098039,High
41.89,-70.39,2004,7,Atlantic Ocean,Neuston net,0.0,Low
38.13,-66.2,1992,10,Atlantic Ocean,Neuston net,0.0,Low
35.17,-58.58,1991,10,Atlantic Ocean,Neuston net,0.146868,High
35.7435,-6.031833,2014,7,Atlantic Ocean,Manta net,0.157056,High
35.7418,-21.279033,2019,7,Atlantic Ocean,Manta net,0.192724,High
36.8935,15.326,2021,7,Atlantic Ocean,Manta net,0.87668,High
31.45,-68.55,2001,4,Atlantic Ocean,Neuston net,0.215984,High
33.47,-65.13,1996,10,Atlantic Ocean,Neuston net,0.302312,High
38.84,-69.05,2003,10,Atlantic Ocean,Neuston net,0.00432,Low
39.16,-70.31,2005,6,Atlantic Ocean,Neuston net,0.034556,Low
41.3,-70.93,1994,8,Atlantic Ocean,Neuston net,0.034556,Low
29.51,-73.94,2007,4,Atlantic Ocean,Neuston net,0.0,Low
33.10015,-133.1591,2015,9,Pacific Ocean,Manta net,2.999244,High
32.22,-69.7,2002,5,Atlantic Ocean,Neuston net,0.0054,Low
21.44,-68.22,1999,2,Atlantic Ocean,Neuston net,0.0,Low
24.48,-71.38,1997,2,Atlantic Ocean,Neuston net,0.079136,Low
27.47,-71.08,1993,5,Atlantic Ocean,Neuston net,0.10604,High
27.15,-68.9,1990,5,Atlantic Ocean,Neuston net,0.01296,Low
30.9,-64.02,2002,5,Atlantic Ocean,Neuston net,0.0,Low
30.49,-67.72,1999,4,Atlantic Ocean,Neuston net,0.007852,Low
24.3576,-62.8129,2010,1,Atlantic Ocean,Neuston net,0.210883,High
20.3746,-63.3564,2014,5,Atlantic Ocean,Grab sample,0.061,Low
27.41,-74.76,1993,5,Atlantic Ocean,Neuston net,0.01944,Low
27.8589,-82.4686,2016,11,Atlantic Ocean,Van Dorn sampler,1000.0,High
27.44255,-130.7715,2015,9,Pacific Ocean,Manta net,2.168122,High
20.15,-147.77,2004,4,Pacific Ocean,Neuston net,0.0,Low
28.04,-140.48,2007,7,Pacific Ocean,Neuston net,0.0,Low
27.33,-142.18,2005,1,Pacific Ocean,Neuston net,0.003324,Low
29.37,-139.91,2011,12,Pacific Ocean,Neuston net,0.0,Low
28.54,-140.09,2009,10,Pacific Ocean,Neuston net,0.0,Low
15.97,-61.95,1997,12,Atlantic Ocean,Neuston net,0.0027,Low
13.8725,-54.6413,2014,12,Atlantic Ocean,Grab sample,0.002,Low
14.54,-60.61,2004,11,Atlantic Ocean,Neuston net,0.0,Low
12.57,-61.85,1994,12,Atlantic Ocean,Neuston net,0.0,Low
17.0463,-29.3447,2015,1,Atlantic Ocean,Grab sample,0.017,Low
16.8559,-40.4542,2014,11,Atlantic Ocean,Grab sample,0.003,Low
16.32,-85.93,1992,3,Atlantic Ocean,Neuston net,0.0,Low
16.78,-83.65,1996,2,Atlantic Ocean,Neuston net,0.0,Low
19.9017,-70.9533,2016,4,Atlantic Ocean,Grab sample,0.001,Low
17.42,-65.3,1993,12,Atlantic Ocean,Neuston net,0.0,Low
17.6,-62.71,2006,11,Atlantic Ocean,Neuston net,0.0,Low
-26.49344,-105.42178,2015,11,Pacific Ocean,AVANI net,0.099195,High
-20.6467,-70.1982,2016,1,Pacific Ocean,Grab sample,0.0,Low
-10.4311,-133.3209,2016,10,Pacific Ocean,Grab sample,0.0,Low
-7.5,-118.19,2001,12,Pacific Ocean,Neuston net,0.0,Low
10.29,-109.2305,2016,3,Pacific Ocean,Grab sample,0.003,Low
14.71,-157.43,2011,7,Pacific Ocean,Neuston net,0.0072,Low
29.4539,-153.52,2007,9,Pacific Ocean,Neuston net,0.319302,High
56.194,-4.765,2018,10,Atlantic Ocean,Neuston net,0.154323,High
54.931667,3.310167,2020,6,Atlantic Ocean,Manta net,0.062157,Low
-36.254133,23.540033,2017,5,Indian Ocean,Neuston net,0.00564,Low
11.09,-156.77,2004,5,Pacific Ocean,Neuston net,0.080992,High
13.69,-156.87,2009,3,Pacific Ocean,Neuston net,0.018584,Low
12.52,-156.96,2006,10,Pacific Ocean,Neuston net,0.0072,Low
39.75,-69.93,1994,6,Atlantic Ocean,Neuston net,0.058316,Low
40.225278,18.527778,2021,6,Atlantic Ocean,Manta net,1.921671,High
37.587,12.006,2013,6,Atlantic Ocean,Neuston net,1.223491,High
45.33,-57.75,1992,8,Atlantic Ocean,Neuston net,0.01728,Low
44.2767,-68.3082,2014,10,Atlantic Ocean,Grab sample,0.007,Low
64.1817,-51.5262,2014,4,Arctic Ocean,Grab sample,0.014,Low
31.28,-67.12,1994,5,Atlantic Ocean,Neuston net,0.0027,Low
31.72,-65.07,1990,5,Atlantic Ocean,Neuston net,0.025916,Low
32.2,-64.8,1995,5,Atlantic Ocean,Neuston net,0.0,Low
32.35,-64.5,1997,10,Atlantic Ocean,Neuston net,0.038876,Low
39.17,-70.52,2008,6,Atlantic Ocean,Neuston net,0.0,Low
32.00334,-138.795,2015,8,Pacific Ocean,Manta net,8.972393,High
37.11,-132.06,2019,8,Pacific Ocean,Manta net,0.124107,High
25.1234,-76.8331,2015,2,Atlantic Ocean,Grab sample,0.009,Low
25.42,-76.28,1993,5,Atlantic Ocean,Neuston net,0.045356,Low
21.52,-58.9,1991,10,Atlantic Ocean,Neuston net,0.0,Low
24.1,-71.87,2006,2,Atlantic Ocean,Neuston net,0.008896,Low
32.37,-146.51,2005,11,Pacific Ocean,Neuston net,0.0,Low
31.54,-143.82,2003,10,Pacific Ocean,Neuston net,0.0,Low
24.58,-83.38,2003,2,Atlantic Ocean,Neuston net,0.0,Low
25.58,-79.81,2002,2,Atlantic Ocean,Neuston net,0.00216,Low
26.13,-75.22,1993,2,Atlantic Ocean,Neuston net,0.00648,Low
26.22,-79.71,2000,4,Atlantic Ocean,Neuston net,0.0,Low
16.4672,-53.672,2014,12,Atlantic Ocean,Grab sample,0.004,Low
14.1246,-60.8374,2014,12,Atlantic Ocean,Grab sample,0.005,Low
19.5065,-22.6531,2014,11,Atlantic Ocean,Grab sample,0.0,Low
27.33,-142.18,2011,10,Pacific Ocean,Neuston net,0.003324,Low
29.56,-79.7,1997,3,Atlantic Ocean,Neuston net,0.0,Low
26.32,-74.83,1992,2,Atlantic Ocean,Neuston net,0.02376,Low
11.53,-63.15,1995,12,Atlantic Ocean,Neuston net,0.0,Low
11.83,-68.02,1991,12,Atlantic Ocean,Neuston net,0.00216,Low
12.2,-69.81,1999,12,Atlantic Ocean,Neuston net,0.00864,Low
17.9,-67.82,1989,12,Atlantic Ocean,Neuston net,0.0,Low
16.27,-62.48,1996,12,Atlantic Ocean,Neuston net,0.0,Low
15.38,-61.8,1999,12,Atlantic Ocean,Neuston net,0.0,Low
18.72,-77.45,1994,2,Atlantic Ocean,Neuston net,0.00432,Low
18.1,-78.53,1996,12,Atlantic Ocean,Neuston net,0.0,Low
18.58,-74.7,1996,2,Atlantic Ocean,Neuston net,0.01944,Low
18.39,-81.18,2002,4,Atlantic Ocean,Neuston net,0.0,Low
9.2879,-82.3912,2013,12,Atlantic Ocean,Grab sample,0.023,Low
-26.0652,-118.5125,2011,4,Pacific Ocean,Manta net,0.484645,High
-27.02219,-89.56717,2015,10,Pacific Ocean,Neuston net,0.025565,Low
-26.3129,-31.0914,2010,11,Atlantic Ocean,Neuston net,0.109868,High
-34.6837,-36.4507,2011,1,Atlantic Ocean,Neuston net,0.854786,High
-5.67,-141.69,2003,4,Pacific Ocean,Neuston net,0.0,Low
8.3982,-83.3481,2015,7,Pacific Ocean,Grab sample,0.004,Low
33.35,-150.87,2006,4,Pacific Ocean,Neuston net,0.0,Low
33.47,-151.63,2011,4,Pacific Ocean,Neuston net,0.00864,Low
33.56,-152.27,2006,12,Pacific Ocean,Neuston net,0.0,Low
70.072,-135.4052,2016,8,Arctic Ocean,Grab sample,0.176,High
86.9682,-138.16,2016,8,Arctic Ocean,Intake seawater pump,1.7,High
14.71,-157.43,2004,12,Pacific Ocean,Neuston net,0.0072,Low
16.88,-159.15,2010,6,Pacific Ocean,Neuston net,0.0,Low
20.6916,-156.445,2015,10,Pacific Ocean,Grab sample,0.004,Low
23.65,-149.74,2011,2,Pacific Ocean,Neuston net,0.0,Low
42.81,-68.94,2002,8,Atlantic Ocean,Neuston net,0.00216,Low
42.7962,8.4162,2010,7,Atlantic Ocean,Neuston net,2.012023,High
57.021667,-6.475167,2018,1,Atlantic Ocean,Neuston net,0.037457,Low
38.73,-65.4,1992,5,Atlantic Ocean,Neuston net,0.032396,Low
36.69,-60.33,2005,10,Atlantic Ocean,Neuston net,0.028032,Low
31.445,-25.783333,2013,9,Atlantic Ocean,Manta net,0.163428,High
39.9159,18.6212,2014,7,Atlantic Ocean,Manta net,0.38436,High
40.7305,10.1585,2021,9,Atlantic Ocean,Manta net,0.343292,High
41.575135,2.553135,2020,12,Atlantic Ocean,Manta net,1.99,High
36.39,-66.42,1998,10,Atlantic Ocean,Neuston net,0.00216,Low
42.29,-70.3,1997,7,Atlantic Ocean,Neuston net,0.007196,Low
40.97,-68.65,1992,6,Atlantic Ocean,Neuston net,0.00648,Low
40.5,-67.68,1989,6,Atlantic Ocean,Neuston net,0.00432,Low
38.5,-64.4,2007,5,Atlantic Ocean,Neuston net,0.2525,High
35.8,-63.25,1993,10,Atlantic Ocean,Neuston net,0.091364,High
24.9433,-18.1717,2014,11,Atlantic Ocean,Grab sample,0.015,Low
34.0688,-141.6313,2009,8,Pacific Ocean,Manta net,1.784,High
32.1206,-134.2315,2009,8,Pacific Ocean,Manta net,19.953,High
24.12,-82.18,1997,4,Atlantic Ocean,Neuston net,0.052064,Low
24.95,-75.43,1995,5,Atlantic Ocean,Neuston net,0.172756,High
23.59,-65.74,2001,5,Atlantic Ocean,Neuston net,0.040496,Low
22.75,-72.42,1993,2,Atlantic Ocean,Neuston net,0.01512,Low
22.27,-73.75,1990,4,Atlantic Ocean,Neuston net,0.0,Low
29.53,-29.2,2014,11,Atlantic Ocean,Grab sample,0.007,Low
23.85,-80.8,1996,5,Atlantic Ocean,Neuston net,0.02162,Low
28.999877,-141.0615,2015,7,Pacific Ocean,Manta net,1.102814,High
23.28,-107.84,2001,10,Pacific Ocean,Neuston net,0.0108,Low
29.95,-77.1,2000,4,Atlantic Ocean,Neuston net,0.0,Low
27.729,-82.4987,2016,10,Atlantic Ocean,Van Dorn sampler,0.0,Low
16.72,-63.62,1995,12,Atlantic Ocean,Neuston net,0.010796,Low
15.5793,-61.4632,2014,2,Atlantic Ocean,Grab sample,0.005,Low
19.01,-58.68,2000,11,Atlantic Ocean,Neuston net,0.0,Low
25.35,-141.11,2008,5,Pacific Ocean,Neuston net,0.0,Low
25.28,-147.0,2005,12,Pacific Ocean,Neuston net,2.712124,High
28.1733,-141.4267,2015,8,Pacific Ocean,Manta net,6.958142,High
19.85,-113.05,2002,12,Pacific Ocean,Neuston net,0.0,Low
16.35,-79.0,1995,12,Atlantic Ocean,Neuston net,0.0144,Low
16.45,-82.48,1996,12,Atlantic Ocean,Neuston net,0.035348,Low
13.3,-68.38,1991,12,Atlantic Ocean,Neuston net,0.01728,Low
15.86,-72.02,2004,3,Atlantic Ocean,Neuston net,0.0,Low
16.92,-62.7,1991,11,Atlantic Ocean,Neuston net,0.0,Low
-24.9669,-123.9391,2011,4,Pacific Ocean,Neuston net,0.163524,High
3.48,-143.62,2008,2,Pacific Ocean,Neuston net,0.0,Low
19.62,-146.5,2011,3,Pacific Ocean,Neuston net,0.00216,Low
19.8,-143.03,2005,2,Pacific Ocean,Neuston net,0.0,Low
17.05,-78.02,1993,3,Atlantic Ocean,Neuston net,0.00216,Low
15.55,-72.15,1998,12,Atlantic Ocean,Neuston net,0.0,Low
32.171667,34.791167,2015,5,Atlantic Ocean,Manta net,0.485889,High
6.42,-148.97,2012,4,Pacific Ocean,Neuston net,0.0,Low
19.95,-156.16,2008,5,Pacific Ocean,Neuston net,0.0,Low
20.6,-154.81,2012,7,Pacific Ocean,Neuston net,0.04688,Low
28.3132,-150.38495,2015,8,Pacific Ocean,Manta net,0.530791,High
33.38,-156.38,2004,12,Pacific Ocean,Neuston net,0.0,Low
40.16,-157.42,2009,8,Pacific Ocean,Neuston net,0.0,Low
43.27,-63.87,1992,8,Atlantic Ocean,Neuston net,0.0,Low
49.2725,-2.5698,2018,7,Atlantic Ocean,Intake seawater pump,26.0,High
43.4223,7.5336,2014,6,Atlantic Ocean,Manta net,1.315371,High
60.862833,-42.125,2018,7,Atlantic Ocean,Manta net,0.010615,Low
56.096333,-2.901,2021,12,Atlantic Ocean,Neuston net,0.0,Low
88.1952,24.3452,2016,9,Arctic Ocean,Intake seawater pump,1.0,High
40.46,5.2377,2014,9,Atlantic Ocean,Manta net,1.642842,High
41.263153,1.963507,2021,2,Atlantic Ocean,Manta net,0.454,High
41.397303,2.21315,2021,2,Atlantic Ocean,Manta net,2.43,High
42.69,-63.51,1989,8,Atlantic Ocean,Neuston net,0.02376,Low
42.31,-68.32,2007,7,Atlantic Ocean,Neuston net,0.0,Low
41.2,-68.6,2002,10,Atlantic Ocean,Neuston net,0.0,Low
40.51,-68.25,2002,7,Atlantic Ocean,Neuston net,0.00216,Low
40.93,-70.42,1993,8,Atlantic Ocean,Neuston net,0.00432,Low
39.254167,8.224,2021,9,Atlantic Ocean,Manta net,0.200767,High
41.4411,9.392983,2018,5,Atlantic Ocean,Manta net,0.1003,High
33.64,-64.9,2001,5,Atlantic Ocean,Neuston net,0.401728,High
35.1,-66.71,1989,5,Atlantic Ocean,Neuston net,0.071276,Low
41.11,-71.15,2001,7,Atlantic Ocean,Neuston net,0.00864,Low
41.42,-70.77,1998,8,Atlantic Ocean,Neuston net,0.0,Low
41.38,-71.13,1998,8,Atlantic Ocean,Neuston net,0.0144,Low
35.7186,-139.6478,2009,8,Pacific Ocean,Manta net,16.011,High
36.8589,-132.80485,2015,9,Pacific Ocean,Manta net,1.106487,High
38.894333,-74.564167,2021,6,Atlantic Ocean,Manta net,0.018918,Low
25.14,-80.08,2004,5,Atlantic Ocean,Neuston net,0.0,Low
29.59,-60.32,2000,10,Atlantic Ocean,Neuston net,0.04516,Low
21.57,-60.01,1998,10,Atlantic Ocean,Neuston net,0.00288,Low
20.28,-64.97,2007,5,Atlantic Ocean,Neuston net,0.007016,Low
33.06,-148.13,2012,10,Pacific Ocean,Neuston net,1.16548,High
31.72,-144.77,2008,7,Pacific Ocean,Neuston net,0.0,Low
24.33,-81.85,1998,3,Atlantic Ocean,Neuston net,0.00864,Low
26.18,-78.88,1995,1,Atlantic Ocean,Neuston net,0.0,Low
27.68,-78.19,2004,2,Atlantic Ocean,Neuston net,0.0,Low
27.8524,-82.4093,2017,6,Atlantic Ocean,Van Dorn sampler,0.0,Low
27.7084,-82.6092,2016,6,Atlantic Ocean,Van Dorn sampler,4000.0,High
14.9118,-58.6863,2014,11,Atlantic Ocean,Grab sample,0.002,Low
13.27,-61.47,1987,12,Atlantic Ocean,Neuston net,0.0,Low
12.02,-61.87,1994,11,Atlantic Ocean,Neuston net,0.0,Low
17.4591,-23.9598,2014,11,Atlantic Ocean,Grab sample,0.022,Low
22.76,-141.69,2009,11,Pacific Ocean,Neuston net,0.0,Low
-27.149167,-99.461833,2016,5,Pacific Ocean,Manta net,0.669648,High
5.28,-146.64,2010,12,Pacific Ocean,Neuston net,0.0,Low
3.48,-143.62,2008,6,Pacific Ocean,Neuston net,0.0,Low
19.62,-146.5,2011,7,Pacific Ocean,Neuston net,0.00216,Low
19.09,-79.22,2008,4,Atlantic Ocean,Neuston net,0.0108,Low
17.01,-76.54,2000,12,Atlantic Ocean,Neuston net,0.0,Low
19.24,-156.55,2003,12,Pacific Ocean,Neuston net,0.01944,Low
23.65,-149.74,2004,10,Pacific Ocean,Neuston net,0.0,Low
34.20425,-154.36715,2015,8,Pacific Ocean,Manta net,1.051438,High
57.7225,-2.3975,2014,11,Atlantic Ocean,Neuston net,0.0,Low
57.699833,-2.403333,2014,5,Atlantic Ocean,Neuston net,0.005472,Low
55.868667,-4.944667,2018,10,Atlantic Ocean,Neuston net,0.020444,Low
80.56208,8.00078,2016,8,Arctic Ocean,CTD rosette sampler,0.0,Low
9.55,-155.93,2010,11,Pacific Ocean,Neuston net,0.0054,Low
11.09,-156.77,2012,8,Pacific Ocean,Neuston net,0.0,Low
37.978,4.647,2013,6,Atlantic Ocean,Neuston net,5.992509,High
42.36,-61.88,1995,7,Atlantic Ocean,Neuston net,0.00432,Low
46.35,-58.87,1998,7,Atlantic Ocean,Neuston net,0.00216,Low
43.8,-63.32,1991,8,Atlantic Ocean,Neuston net,0.0,Low
43.899817,10.037167,2019,6,Atlantic Ocean,Manta net,0.016075,Low
44.3159,8.5101,2013,7,Atlantic Ocean,Manta net,0.60424,High
33.56,-66.94,1997,4,Atlantic Ocean,Neuston net,0.157668,High
38.93,-68.9,1997,6,Atlantic Ocean,Neuston net,0.016196,Low
41.95,-65.09,2007,9,Atlantic Ocean,Neuston net,0.0,Low
31.41,-59.66,2000,4,Atlantic Ocean,Neuston net,0.01728,Low
39.473,20.093,2014,10,Atlantic Ocean,Manta net,4.6,High
33.0043,-134.721,2015,8,Pacific Ocean,Manta net,4.108552,High
31.26,-71.5,2001,4,Atlantic Ocean,Neuston net,0.133908,High
33.08,-147.02,2010,8,Pacific Ocean,Neuston net,0.0,Low
33.06,-148.13,2012,4,Pacific Ocean,Neuston net,0.0,Low
32.992298,-137.9975,2015,8,Pacific Ocean,Manta net,1.166769,High
41.07,-146.64,2003,7,Pacific Ocean,Neuston net,0.077752,Low
36.813,-124.5854,2010,10,Pacific Ocean,Manta net,0.009,Low
34.1215,-132.7483,2010,10,Pacific Ocean,Manta net,0.033,Low
25.12,-57.87,1997,11,Atlantic Ocean,Neuston net,0.209504,High
25.07,-59.06,2008,11,Atlantic Ocean,Neuston net,0.0,Low
31.0044,-66.5121,2018,5,Atlantic Ocean,Intake seawater pump,45.0,High
31.15,-71.04,2005,4,Atlantic Ocean,Neuston net,0.00432,Low
30.5659,-70.6258,2013,11,Atlantic Ocean,Grab sample,0.022,Low
30.0679,-37.1043,2013,6,Atlantic Ocean,Neuston net,0.159436,High
21.0313,-86.7912,2013,11,Atlantic Ocean,Grab sample,0.006,Low
23.85,-80.85,2000,2,Atlantic Ocean,Neuston net,0.001964,Low
24.2,-82.1,2008,5,Atlantic Ocean,Neuston net,0.00562,Low
22.76,-141.69,2009,6,Pacific Ocean,Neuston net,0.0,Low
31.083,-141.233,1972,10,Pacific Ocean,Neuston net,0.003,Low
27.5737,-82.6868,2017,4,Atlantic Ocean,Van Dorn sampler,1000.0,High
15.81,-64.17,1998,12,Atlantic Ocean,Neuston net,0.00216,Low
15.55,-62.17,1989,12,Atlantic Ocean,Neuston net,0.00864,Low
17.35,-60.75,1997,11,Atlantic Ocean,Neuston net,0.0036,Low
14.46,-61.18,2001,12,Atlantic Ocean,Neuston net,0.00432,Low
12.22,-61.77,1989,12,Atlantic Ocean,Neuston net,0.00648,Low
30.99691,-134.8375,2015,8,Pacific Ocean,Manta net,6.491765,High
15.82,-76.78,1987,12,Atlantic Ocean,Neuston net,0.00216,Low
11.32,-67.08,2000,12,Atlantic Ocean,Neuston net,0.0,Low
11.97,-68.07,1992,12,Atlantic Ocean,Neuston net,0.00864,Low
15.94,-73.37,2000,12,Atlantic Ocean,Neuston net,0.040484,Low
15.28,-72.43,2000,12,Atlantic Ocean,Neuston net,0.0,Low
-29.5605,-98.8063,2011,4,Pacific Ocean,Manta net,0.514732,High
-13.799537,2.217272,2015,11,Atlantic Ocean,Intake seawater pump,1.5,High
5.28,-146.64,2003,12,Pacific Ocean,Neuston net,0.0,Low
7.34,-87.0,2001,11,Pacific Ocean,Neuston net,0.002036,Low
4.083,-87.0,1999,10,Pacific Ocean,Manta net,0.019,Low
16.39,-86.26,2007,12,Atlantic Ocean,Neuston net,0.007356,Low
18.83,-156.55,2003,5,Pacific Ocean,Neuston net,0.0,Low
23.65,-149.74,2004,2,Pacific Ocean,Neuston net,0.0,Low
23.65,-149.74,2011,5,Pacific Ocean,Neuston net,0.0,Low
36.8386,-153.28865,2015,8,Pacific Ocean,Manta net,2.736727,High
42.42,-70.09,2005,8,Atlantic Ocean,Neuston net,0.0,Low
43.6612,-70.2389,2013,9,Atlantic Ocean,Grab sample,0.017,Low
44.6959,-1.2626,2014,9,Atlantic Ocean,Grab sample,0.002,Low
57.475,-1.649167,2018,1,Atlantic Ocean,Neuston net,0.016312,Low
56.134167,-2.533833,2017,12,Atlantic Ocean,Neuston net,0.0,Low
36.2937,-33.3888,2010,2,Atlantic Ocean,Neuston net,0.254525,High
37.265767,-9.9989,2013,10,Atlantic Ocean,Manta net,1.82422,High
42.245,5.27,2013,8,Atlantic Ocean,Manta net,0.132708,High
49.767167,-138.455833,2019,3,Pacific Ocean,Neuston net,0.0,Low
47.5504,-122.6265,2014,12,Pacific Ocean,Grab sample,0.0,Low
38.18,-69.3,1993,10,Atlantic Ocean,Neuston net,0.0,Low
41.03,-70.81,1991,7,Atlantic Ocean,Neuston net,0.0,Low
32.63,-61.57,1994,10,Atlantic Ocean,Neuston net,0.047516,Low
36.51035,-148.4062,2015,8,Pacific Ocean,Manta net,1.96634,High
37.49145,-143.47605,2015,8,Pacific Ocean,Manta net,2.363342,High
39.5277,-75.8119,2016,5,Atlantic Ocean,Grab sample,0.0,Low
22.9,-59.27,1989,10,Atlantic Ocean,Neuston net,0.0368,Low
25.51,-56.08,2005,10,Atlantic Ocean,Neuston net,0.129144,High
20.58,-72.25,1997,4,Atlantic Ocean,Neuston net,0.0,Low
28.28,-69.73,2008,4,Atlantic Ocean,Neuston net,0.046128,Low
28.51,-65.83,2000,4,Atlantic Ocean,Neuston net,0.028796,Low
30.27,-63.8,1995,10,Atlantic Ocean,Neuston net,0.022624,Low
24.1,-80.57,1997,3,Atlantic Ocean,Neuston net,0.0,Low
24.79,-76.07,1992,4,Atlantic Ocean,Neuston net,0.01728,Low
24.0,-74.77,1996,4,Atlantic Ocean,Neuston net,0.03006,Low
27.92,-59.5,1994,10,Atlantic Ocean,Neuston net,0.030236,Low
26.21,-144.53,2004,3,Pacific Ocean,Neuston net,0.053996,Low
29.981132,-139.8355,2015,8,Pacific Ocean,Manta net,21.326015,High
30.22,-75.82,2008,4,Atlantic Ocean,Neuston net,0.084844,High
25.77,-76.87,1997,5,Atlantic Ocean,Neuston net,0.00648,Low
18.0,-63.85,1997,12,Atlantic Ocean,Neuston net,0.0,Low
15.98,-62.9,1993,12,Atlantic Ocean,Neuston net,0.0,Low
14.88,-62.52,1997,12,Atlantic Ocean,Neuston net,0.0,Low
15.1357,-50.8097,2014,12,Atlantic Ocean,Grab sample,0.006,Low
10.758064,-61.436573,2015,10,Atlantic Ocean,Hand picking,0.222222,High
23.15,-144.69,2006,5,Pacific Ocean,Neuston net,0.0,Low
17.57,-84.33,1997,12,Atlantic Ocean,Neuston net,0.00432,Low
19.3,-80.7,2008,12,Atlantic Ocean,Neuston net,0.001596,Low
14.63,-70.28,1994,12,Atlantic Ocean,Neuston net,0.00864,Low
19.71,-69.69,2000,3,Atlantic Ocean,Neuston net,0.05278,Low
18.91,-68.24,2000,5,Atlantic Ocean,Neuston net,0.043196,Low
-26.99759,-101.60269,2015,10,Pacific Ocean,Neuston net,0.01534,Low
17.25,-102.62,2001,10,Pacific Ocean,Neuston net,0.01728,Low
17.65,-80.42,1993,3,Atlantic Ocean,Neuston net,0.0,Low
15.4,-74.62,1996,12,Atlantic Ocean,Neuston net,0.001964,Low
16.83,-81.5,1994,4,Atlantic Ocean,Neuston net,0.0,Low
33.1,-149.63,2003,12,Pacific Ocean,Neuston net,0.0,Low
15.94,-162.49,2007,4,Pacific Ocean,Neuston net,0.0,Low
81.09,15.5,2016,6,Arctic Ocean,Grab sample,0.031,Low
88.5118,-123.88,2016,8,Arctic Ocean,Intake seawater pump,1.0,High
11.09,-156.77,2004,12,Pacific Ocean,Neuston net,0.043196,Low
16.28,-160.37,2007,12,Pacific Ocean,Neuston net,0.0,Low
20.61,-155.0,2009,12,Pacific Ocean,Neuston net,0.0,Low
33.26,-156.98,2006,12,Pacific Ocean,Neuston net,0.0,Low
43.0035,6.116833,2016,10,Atlantic Ocean,Manta net,0.628185,High
42.927,6.251833,2015,8,Atlantic Ocean,Manta net,0.116286,High
42.8895,10.2292,2010,7,Atlantic Ocean,Neuston net,1.37742,High
58.510667,-6.996,2014,1,Atlantic Ocean,Neuston net,0.001717,Low
39.62,-66.49,2004,10,Atlantic Ocean,Neuston net,0.025916,Low
32.23,-60.12,1998,10,Atlantic Ocean,Neuston net,0.01512,Low
39.328846,-11.62509,2015,11,Atlantic Ocean,Intake seawater pump,3.5,High
36.728415,2.795861,2018,1,Atlantic Ocean,Manta net,0.636633,High
41.3924,10.892,2014,10,Atlantic Ocean,Manta net,0.903488,High
41.575135,2.553135,2021,3,Atlantic Ocean,Manta net,0.526,High
32.08,-65.2,1991,5,Atlantic Ocean,Neuston net,0.077752,Low
35.5,-64.65,2007,5,Atlantic Ocean,Neuston net,0.02328,Low
38.38,-69.28,1993,10,Atlantic Ocean,Neuston net,0.0,Low
40.16,-67.42,2001,6,Atlantic Ocean,Neuston net,0.00216,Low
31.1,-73.45,1996,5,Atlantic Ocean,Neuston net,0.060476,Low
33.8761,-148.17765,2015,8,Pacific Ocean,Manta net,0.437536,High
39.0,-135.0,1972,5,Pacific Ocean,Neuston net,0.063,Low
38.8211,-76.4317,2016,7,Atlantic Ocean,Grab sample,0.009,Low
23.63,-73.75,1990,4,Atlantic Ocean,Neuston net,0.0,Low
24.03,-70.74,2001,2,Atlantic Ocean,Neuston net,0.0,Low
24.35,-73.85,1997,4,Atlantic Ocean,Neuston net,0.041404,Low
27.69,-71.63,2005,2,Atlantic Ocean,Neuston net,0.025916,Low
26.29,-65.15,2001,5,Atlantic Ocean,Neuston net,0.075592,Low
29.95,-64.12,1994,10,Atlantic Ocean,Neuston net,0.025916,Low
24.49,-81.24,2008,2,Atlantic Ocean,Neuston net,0.010264,Low
23.37,-74.62,1998,2,Atlantic Ocean,Neuston net,0.00864,Low
26.23,-56.63,2000,11,Atlantic Ocean,Neuston net,0.030236,Low
20.62,-68.15,1991,12,Atlantic Ocean,Neuston net,0.0018,Low
23.28,-73.57,1990,4,Atlantic Ocean,Neuston net,0.00648,Low
26.05,-141.2,2010,10,Pacific Ocean,Neuston net,0.00216,Low
29.000985,-139.163,2015,7,Pacific Ocean,Manta net,1.382889,High
27.3,-75.58,1995,5,Atlantic Ocean,Neuston net,0.045244,Low
26.09,-76.7,1998,4,Atlantic Ocean,Neuston net,0.064796,Low
15.85,-53.6667,2014,12,Atlantic Ocean,Grab sample,0.003,Low
14.0726,-60.9595,2014,3,Atlantic Ocean,Grab sample,0.0,Low
14.5137,-27.9018,2017,11,Atlantic Ocean,Intake seawater pump,32.0,High
23.15,-144.69,2012,10,Pacific Ocean,Neuston net,1.078548,High
27.4173,-145.571,2015,8,Pacific Ocean,Manta net,4.624389,High
26.21,-144.53,2003,11,Pacific Ocean,Neuston net,0.00216,Low
16.83,-85.34,2001,3,Atlantic Ocean,Neuston net,0.0,Low
16.7994,-87.8548,2015,3,Atlantic Ocean,Grab sample,0.003,Low
12.08,-62.02,1994,12,Atlantic Ocean,Neuston net,0.0,Low
14.9,-70.38,1997,12,Atlantic Ocean,Neuston net,0.0,Low
5.28,-146.64,2010,7,Pacific Ocean,Neuston net,0.0,Low
4.983,-102.0,1987,10,Pacific Ocean,Manta net,0.0,Low
19.51,-144.23,2012,10,Pacific Ocean,Neuston net,0.065172,Low
17.95056,-76.82939,2017,11,Atlantic Ocean,Manta net,0.3,High
16.58,-83.22,2000,12,Atlantic Ocean,Neuston net,0.0216,Low
17.15,-84.15,1998,4,Atlantic Ocean,Neuston net,0.0,Low
33.02,-152.9,2012,10,Pacific Ocean,Neuston net,0.334328,High
34.3562,33.3521,2014,8,Atlantic Ocean,Manta net,0.087735,High
60.580167,0.525,2014,1,Atlantic Ocean,Neuston net,0.041007,Low
73.733333,-57.225833,2021,8,Arctic Ocean,Manta net,0.097104,High
-16.434333,-151.096167,2016,7,Pacific Ocean,Manta net,0.039729,Low
20.61,-155.0,2010,10,Pacific Ocean,Neuston net,0.0,Low
28.08715,-149.1777,2015,8,Pacific Ocean,Manta net,0.517986,High
33.26,-156.98,2007,7,Pacific Ocean,Neuston net,0.0,Low
42.41,-70.15,2007,7,Atlantic Ocean,Neuston net,0.0,Low
43.378,-8.346667,2017,7,Atlantic Ocean,Manta net,0.100792,High
42.872217,6.046633,2016,8,Atlantic Ocean,Manta net,0.0283,Low
43.3003,5.246,2010,8,Atlantic Ocean,Neuston net,0.0,Low
43.2469,5.3522,2019,6,Atlantic Ocean,Manta net,0.063649,Low
54.624667,-4.690833,2014,11,Atlantic Ocean,Neuston net,0.09812,High
37.9245,23.592133,2019,3,Atlantic Ocean,Manta net,0.421007,High
41.591,9.388333,2018,6,Atlantic Ocean,Manta net,0.013188,Low
41.263153,1.963507,2021,5,Atlantic Ocean,Manta net,9.464,High
42.3543,-129.4209,2009,8,Pacific Ocean,Manta net,0.046,Low
42.46,-65.91,1989,7,Atlantic Ocean,Neuston net,0.01728,Low
41.05,-70.86,2004,8,Atlantic Ocean,Neuston net,0.00216,Low
42.14,-70.23,2002,7,Atlantic Ocean,Neuston net,0.0,Low
42.29,-70.23,2001,8,Atlantic Ocean,Neuston net,0.0,Low
41.7,-68.91,1998,8,Atlantic Ocean,Neuston net,0.0,Low
40.3,-63.81,2001,6,Atlantic Ocean,Neuston net,0.0072,Low
37.341667,-0.961667,2015,3,Atlantic Ocean,Manta net,0.094,High
24.91,-74.74,2001,2,Atlantic Ocean,Neuston net,0.00216,Low
30.13,-60.46,2007,10,Atlantic Ocean,Neuston net,0.306068,High
22.93,-69.77,1990,4,Atlantic Ocean,Neuston net,0.035992,Low
33.05545,-147.4223,2015,8,Pacific Ocean,Manta net,2.842617,High
33.08,-147.02,2011,2,Pacific Ocean,Neuston net,0.0,Low
23.21,-84.21,2001,3,Atlantic Ocean,Neuston net,0.0,Low
24.35,-81.82,1998,1,Atlantic Ocean,Neuston net,0.00648,Low
24.02,-82.06,2005,3,Atlantic Ocean,Neuston net,0.043196,Low
29.83,-79.13,1998,4,Atlantic Ocean,Neuston net,0.0,Low
27.897,-82.4382,2016,10,Atlantic Ocean,Van Dorn sampler,1000.0,High
27.9528,-82.6416,2016,8,Atlantic Ocean,Van Dorn sampler,0.0,Low
14.7075,-61.187333,2021,1,Atlantic Ocean,Manta net,0.0,Low
19.97,-58.73,1993,11,Atlantic Ocean,Neuston net,0.01728,Low
21.42,-142.07,2007,10,Pacific Ocean,Neuston net,0.0,Low
20.15,-147.77,2004,11,Pacific Ocean,Neuston net,0.0,Low
26.05,-141.2,2009,11,Pacific Ocean,Neuston net,0.00216,Low
28.04,-140.48,2008,4,Pacific Ocean,Neuston net,0.0,Low
17.39,-82.7,2004,4,Atlantic Ocean,Neuston net,0.0,Low
12.91,-64.39,2000,12,Atlantic Ocean,Neuston net,0.00216,Low
15.04,-69.97,2004,12,Atlantic Ocean,Neuston net,0.0,Low
17.16,-62.73,2001,4,Atlantic Ocean,Neuston net,0.0,Low
15.68,-62.83,1991,2,Atlantic Ocean,Neuston net,0.00216,Low
-33.043,-2.4258,2010,12,Atlantic Ocean,Neuston net,1.64305,High
1.5,-92.0,2017,10,Pacific Ocean,Plankton net,0.35,High
-1.13,-91.96,2001,12,Pacific Ocean,Neuston net,0.0,Low
8.245011,-19.81675,2015,11,Atlantic Ocean,Intake seawater pump,0.5,High
19.8,-143.03,2006,7,Pacific Ocean,Neuston net,0.0,Low
19.24,-143.41,2004,4,Pacific Ocean,Neuston net,0.0,Low
17.68,-155.1,2003,2,Pacific Ocean,Neuston net,0.00216,Low
33.38,-156.38,2005,4,Pacific Ocean,Neuston net,0.0,Low
33.20055,-153.7201,2015,8,Pacific Ocean,Manta net,1.626228,High
32.279667,34.825,2014,1,Atlantic Ocean,Manta net,0.588339,High
15.94,-162.49,2012,11,Pacific Ocean,Neuston net,0.281108,High
56.385,-6.797,2021,1,Atlantic Ocean,Neuston net,0.009662,Low
54.629,-4.750667,2017,11,Atlantic Ocean,Neuston net,0.036927,Low
-37.0944,-12.3454,2017,1,Atlantic Ocean,Grab sample,0.0,Low
13.69,-156.87,2008,11,Pacific Ocean,Neuston net,0.018584,Low
12.52,-156.96,2006,2,Pacific Ocean,Neuston net,0.0072,Low
14.71,-157.43,2011,4,Pacific Ocean,Neuston net,0.0072,Low
42.63,-61.72,2000,7,Atlantic Ocean,Neuston net,0.00216,Low
42.94,-68.99,2000,8,Atlantic Ocean,Neuston net,0.00216,Low
42.377821,3.158952,2021,3,Atlantic Ocean,Manta net,0.122667,High
44.29785,9.149569,2019,4,Atlantic Ocean,Manta net,0.238095,High
53.7725,-144.500833,2019,3,Pacific Ocean,Neuston net,0.0,Low
40.33,-65.42,2005,7,Atlantic Ocean,Neuston net,0.0,Low
41.94,-67.21,2001,7,Atlantic Ocean,Neuston net,0.0,Low
41.32,-66.1,1992,5,Atlantic Ocean,Neuston net,0.00864,Low
37.622,1.5215,2014,5,Atlantic Ocean,Manta net,0.389258,High
40.12,-70.5,1994,8,Atlantic Ocean,Neuston net,0.0054,Low
27.62,-68.93,1998,2,Atlantic Ocean,Neuston net,0.0,Low
29.249,-62.9857,2010,1,Atlantic Ocean,Neuston net,0.245825,High
29.72,-70.32,1987,4,Atlantic Ocean,Neuston net,0.0072,Low
34.097,-139.8239,2009,8,Pacific Ocean,Manta net,27.052,High
36.0405,-140.3197,2009,9,Pacific Ocean,Neuston net,4.317563,High
24.12,-80.81,1999,3,Atlantic Ocean,Neuston net,0.011516,Low
24.14,-82.83,1993,1,Atlantic Ocean,Neuston net,0.0,Low
25.65,-75.5,1996,4,Atlantic Ocean,Neuston net,0.127428,High
29.97,-57.38,1991,10,Atlantic Ocean,Neuston net,0.060476,Low
24.65,-70.25,1990,4,Atlantic Ocean,Neuston net,0.053996,Low
27.08,-72.57,1999,4,Atlantic Ocean,Neuston net,0.082072,High
25.77,-77.15,1992,4,Atlantic Ocean,Neuston net,0.0,Low
11.28,-60.14,2006,11,Atlantic Ocean,Neuston net,0.0024,Low
27.28275,-130.6385,2015,9,Pacific Ocean,Manta net,2.389612,High
24.28,-143.99,2007,8,Pacific Ocean,Neuston net,0.00216,Low
25.68,-143.09,2009,10,Pacific Ocean,Neuston net,0.0,Low
27.33,-142.18,2012,1,Pacific Ocean,Neuston net,0.003324,Low
28.4649,-141.808,2014,9,Pacific Ocean,Grab sample,0.01,Low
17.28,-82.02,1996,2,Atlantic Ocean,Neuston net,0.0,Low
11.53,-62.52,1997,12,Atlantic Ocean,Neuston net,0.0,Low
20.0,-70.28,1997,2,Atlantic Ocean,Neuston net,0.0,Low
18.0396,-63.0917,2016,5,Atlantic Ocean,Grab sample,0.0,Low
16.05,-66.98,2007,12,Atlantic Ocean,Neuston net,0.0,Low
-31.6642,-27.5227,2011,1,Atlantic Ocean,Neuston net,2.270358,High
-34.49263,10.18383,2017,7,Atlantic Ocean,Neuston net,0.126317,High
10.3121,-109.2027,2016,3,Pacific Ocean,Grab sample,0.0,Low
19.29,-79.21,1999,12,Atlantic Ocean,Neuston net,0.110152,High
18.32,-76.1,1995,2,Atlantic Ocean,Neuston net,0.00216,Low
16.18,-86.1,1995,3,Atlantic Ocean,Neuston net,0.00864,Low
37.9,24.7,2015,6,Atlantic Ocean,Manta net,0.206667,High
56.154167,-4.807833,2018,10,Atlantic Ocean,Neuston net,0.251354,High
9.55,-155.93,2009,3,Pacific Ocean,Neuston net,0.0054,Low
11.09,-156.77,2011,7,Pacific Ocean,Neuston net,0.043196,Low
16.28,-160.37,2009,3,Pacific Ocean,Neuston net,0.0,Low
16.88,-159.15,2011,7,Pacific Ocean,Neuston net,0.0,Low
33.1,-149.63,2003,10,Pacific Ocean,Neuston net,0.0,Low
38.007167,12.107333,2020,11,Atlantic Ocean,Manta net,0.152202,High
38.234,11.531,2013,6,Atlantic Ocean,Neuston net,2.876984,High
41.045,3.341667,2011,9,Atlantic Ocean,Manta net,1.19033,High
42.79,-60.86,1997,7,Atlantic Ocean,Neuston net,0.043196,Low
42.48,-68.77,1999,8,Atlantic Ocean,Neuston net,0.0,Low
57.7625,-3.0245,2019,1,Atlantic Ocean,Neuston net,0.003912,Low
41.15,-70.51,2008,10,Atlantic Ocean,Neuston net,0.0,Low
40.48,-69.35,1997,7,Atlantic Ocean,Neuston net,0.008308,Low
32.17,-61.73,1997,10,Atlantic Ocean,Neuston net,0.057656,Low
41.502667,17.548833,2013,5,Atlantic Ocean,Neuston net,0.094697,High
40.26,17.456667,2021,4,Atlantic Ocean,Manta net,0.190422,High
37.787,23.701,2015,11,Atlantic Ocean,Manta net,0.84,High
31.27,-73.64,2000,4,Atlantic Ocean,Neuston net,0.0,Low
35.45,-67.72,1995,6,Atlantic Ocean,Neuston net,0.066956,Low
39.57,-71.94,2008,6,Atlantic Ocean,Neuston net,0.0018,Low
41.1,-71.36,2008,8,Atlantic Ocean,Neuston net,0.0,Low
22.57,-71.64,2002,2,Atlantic Ocean,Neuston net,0.00648,Low
23.64,-73.6,2002,4,Atlantic Ocean,Neuston net,0.02376,Low
28.45,-71.93,1990,4,Atlantic Ocean,Neuston net,0.0,Low
29.318667,-31.791333,2019,5,Atlantic Ocean,Manta net,0.492551,High
31.994232,-137.239,2015,8,Pacific Ocean,Manta net,9.860272,High
23.98,-81.97,2000,3,Atlantic Ocean,Neuston net,0.006644,Low
24.24,-80.13,2006,2,Atlantic Ocean,Neuston net,0.006376,Low
24.76,-58.19,2003,10,Atlantic Ocean,Neuston net,0.016216,Low
31.000233,-140.6145,2015,8,Pacific Ocean,Manta net,5.563262,High
26.06,-78.02,1992,1,Atlantic Ocean,Neuston net,0.055796,Low
26.1,-78.61,2003,2,Atlantic Ocean,Neuston net,0.00216,Low
26.3,-78.37,1993,5,Atlantic Ocean,Neuston net,0.00216,Low
26.27,-79.03,1994,3,Atlantic Ocean,Neuston net,0.00432,Low
27.8493,-82.4314,2016,10,Atlantic Ocean,Plankton net,10.3,High
13.01,-61.2434,2014,3,Atlantic Ocean,Grab sample,0.003,Low
22.76,-141.69,2003,11,Pacific Ocean,Neuston net,0.01944,Low
20.15,-147.77,2003,11,Pacific Ocean,Neuston net,0.0,Low
29.37,-139.91,2011,10,Pacific Ocean,Neuston net,0.0,Low
28.54,-140.09,2009,5,Pacific Ocean,Neuston net,0.0,Low
30.981832,-137.373,2015,8,Pacific Ocean,Manta net,5.022222,High
16.5,-85.99,2002,4,Atlantic Ocean,Neuston net,0.0,Low
11.47,-62.59,1999,12,Atlantic Ocean,Neuston net,0.003812,Low
19.2,-69.33,2015,2,Atlantic Ocean,Grab sample,0.0,Low
16.6,-66.1,1989,12,Atlantic Ocean,Neuston net,0.0027,Low
14.235,-60.505,2014,12,Atlantic Ocean,Grab sample,0.09,High
13.48,-61.52,1996,12,Atlantic Ocean,Neuston net,0.017672,Low
-4.5,-148.13,2012,12,Pacific Ocean,Neuston net,0.0,Low
0.93032,-13.13151,2016,12,Atlantic Ocean,Neuston net,0.0,Low
19.8,-143.03,2005,7,Pacific Ocean,Neuston net,0.0,Low
17.52,-76.1,1994,4,Atlantic Ocean,Neuston net,0.02376,Low
17.23,-77.18,1992,3,Atlantic Ocean,Neuston net,0.0,Low
33.38,-156.38,2004,5,Pacific Ocean,Neuston net,0.0,Low
36.3994,-150.3816,2015,8,Pacific Ocean,Manta net,2.080938,High
36.413033,-153.550317,2015,8,Pacific Ocean,Manta net,6.160555,High
32.903333,35.071,2015,2,Atlantic Ocean,Manta net,2.226956,High
32.7388,-165.2378,2009,7,Pacific Ocean,Neuston net,1.408369,High
54.246517,11.803533,2018,10,Atlantic Ocean,Manta net,0.006735,Low
75.817,17.545667,2020,7,Arctic Ocean,Manta net,0.009274,Low
-37.2283,1.5823,2017,11,Atlantic Ocean,Intake seawater pump,24.0,High
12.52,-156.96,2007,4,Pacific Ocean,Neuston net,0.0072,Low
14.71,-157.43,2011,11,Pacific Ocean,Neuston net,0.0072,Low
20.6,-154.81,2012,3,Pacific Ocean,Neuston net,0.0,Low
42.98,-66.45,1987,6,Atlantic Ocean,Neuston net,0.002964,Low
47.970833,-4.7205,2015,6,Atlantic Ocean,Manta net,0.0,Low
46.792624,-7.622545,2015,11,Atlantic Ocean,Intake seawater pump,1.0,High
58.255,-6.050667,2022,1,Atlantic Ocean,Neuston net,0.008777,Low
58.325333,-5.956,2014,1,Atlantic Ocean,Neuston net,0.0,Low
54.711333,-4.135667,2020,1,Atlantic Ocean,Neuston net,0.019285,Low
39.63,-69.63,1997,10,Atlantic Ocean,Neuston net,0.0,Low
37.25,-67.8,1995,10,Atlantic Ocean,Neuston net,0.076832,Low
42.090428,-27.467325,2020,11,Atlantic Ocean,Manta net,0.470024,High
33.1602,-48.2675,2013,7,Atlantic Ocean,Neuston net,0.0,Low
38.8607,9.4305,2016,6,Atlantic Ocean,Grab sample,0.011,Low
36.54,-64.19,1999,10,Atlantic Ocean,Neuston net,0.032396,Low
40.15,-70.12,2006,9,Atlantic Ocean,Neuston net,0.0,Low
21.22,-58.0,2007,10,Atlantic Ocean,Neuston net,0.004324,Low
20.42,-70.15,2001,3,Atlantic Ocean,Neuston net,0.001964,Low
23.25,-73.48,1994,2,Atlantic Ocean,Neuston net,0.027776,Low
22.91,-70.46,2007,2,Atlantic Ocean,Neuston net,0.00576,Low
21.6291,-23.7028,2014,11,Atlantic Ocean,Grab sample,0.014,Low
23.47,-83.2,1991,3,Atlantic Ocean,Neuston net,0.0,Low
22.57,-74.52,1998,2,Atlantic Ocean,Neuston net,0.02376,Low
22.72,-74.6,1998,4,Atlantic Ocean,Neuston net,0.0,Low
27.9185,-82.5379,2017,6,Atlantic Ocean,Plankton net,8.2,High
28.21,-74.37,2005,2,Atlantic Ocean,Neuston net,0.00648,Low
27.76,-76.27,2008,2,Atlantic Ocean,Neuston net,0.0,Low
26.74,-76.97,1999,2,Atlantic Ocean,Neuston net,0.028076,Low
26.8408,-77.3893,2015,3,Atlantic Ocean,Grab sample,0.009,Low
25.98,-77.85,1993,3,Atlantic Ocean,Neuston net,0.0,Low
17.79,-64.39,2003,12,Atlantic Ocean,Neuston net,0.0,Low
15.0,-61.4,1992,11,Atlantic Ocean,Neuston net,0.00216,Low
16.4902,-42.6975,2014,12,Atlantic Ocean,Grab sample,0.004,Low
30.4876,-133.93585,2015,9,Pacific Ocean,Manta net,1.05689,High
24.28,-143.99,2008,7,Pacific Ocean,Neuston net,0.00216,Low
27.33,-142.18,2012,10,Pacific Ocean,Neuston net,2.896836,High
15.77,-76.08,1998,12,Atlantic Ocean,Neuston net,0.0,Low
19.45,-80.55,2002,12,Atlantic Ocean,Neuston net,0.0,Low
15.8032,-96.0082,2015,6,Pacific Ocean,Grab sample,0.006,Low
12.6,-69.35,1997,12,Atlantic Ocean,Neuston net,0.0,Low
18.67,-64.98,1999,5,Atlantic Ocean,Neuston net,0.0018,Low
1.9,-108.05,2006,10,Pacific Ocean,Manta net,0.011,Low
2.867,-122.483,1987,9,Pacific Ocean,Manta net,0.0,Low
19.04,-78.39,2001,3,Atlantic Ocean,Neuston net,0.00864,Low
16.98,-80.38,1992,3,Atlantic Ocean,Neuston net,0.001964,Low
23.65,-149.74,2010,10,Pacific Ocean,Neuston net,0.0,Low
40.5463,-151.5393,2011,11,Pacific Ocean,Neuston net,0.176388,High
65.7056,-21.6652,2015,6,Arctic Ocean,Grab sample,0.007,Low
6.42,-148.97,2005,4,Pacific Ocean,Neuston net,0.0,Low
9.55,-155.93,2010,7,Pacific Ocean,Neuston net,0.0054,Low
16.88,-159.15,2010,11,Pacific Ocean,Neuston net,0.0,Low
18.01,-156.72,2002,4,Pacific Ocean,Neuston net,0.010888,Low
43.4,-64.8,1996,7,Atlantic Ocean,Neuston net,0.0,Low
44.066403,9.550197,2018,9,Atlantic Ocean,Manta net,0.228091,High
43.256167,6.72,2015,10,Atlantic Ocean,Manta net,0.105243,High
43.033333,6.226667,2016,6,Atlantic Ocean,Manta net,0.031997,Low
56.61,-134.58,2002,7,Pacific Ocean,Neuston net,0.0,Low
60.6995,-1.402667,2014,1,Atlantic Ocean,Neuston net,0.004064,Low
42.02,3.236667,2015,6,Atlantic Ocean,Manta net,0.036,Low
45.246833,-129.051333,2019,12,Pacific Ocean,Manta net,0.100357,High
48.2,-122.92,2002,7,Pacific Ocean,Neuston net,0.0,Low
31.97,-68.35,1996,5,Atlantic Ocean,Neuston net,0.049384,Low
32.1,-64.95,1992,5,Atlantic Ocean,Neuston net,0.053996,Low
35.27,-64.68,1995,5,Atlantic Ocean,Neuston net,0.024292,Low
40.98,-70.43,1995,10,Atlantic Ocean,Neuston net,0.00216,Low
40.82,-68.98,1996,8,Atlantic Ocean,Neuston net,0.0,Low
36.0467,-128.8315,2018,9,Pacific Ocean,Manta net,0.18105,High
37.9134,-122.4545,2015,7,Pacific Ocean,Grab sample,0.021,Low
25.18,-73.35,2001,4,Atlantic Ocean,Neuston net,0.0,Low
28.27,-70.15,1995,5,Atlantic Ocean,Neuston net,0.01728,Low
28.42,-70.18,1992,5,Atlantic Ocean,Neuston net,0.034556,Low
30.1,-65.85,2001,4,Atlantic Ocean,Neuston net,0.051836,Low
23.5153,-18.7063,2014,11,Atlantic Ocean,Grab sample,0.008,Low
24.1,-82.25,1998,1,Atlantic Ocean,Neuston net,0.0,Low
24.76,-80.07,2001,2,Atlantic Ocean,Neuston net,0.00216,Low
29.18,-58.51,2004,10,Atlantic Ocean,Neuston net,0.00864,Low
25.69,-60.05,1996,10,Atlantic Ocean,Neuston net,0.066956,Low
22.08,-58.07,2004,10,Atlantic Ocean,Neuston net,0.088356,High
21.87,-69.53,1990,4,Atlantic Ocean,Neuston net,0.01512,Low
23.5,-84.06,2001,3,Atlantic Ocean,Neuston net,0.008644,Low
24.6,-80.62,1992,1,Atlantic Ocean,Neuston net,0.0,Low
29.14,-79.32,2001,4,Atlantic Ocean,Neuston net,0.0,Low
25.75,-77.27,1993,2,Atlantic Ocean,Neuston net,0.00864,Low
27.0,-129.0,1972,10,Pacific Ocean,Neuston net,0.003,Low
25.35,-141.11,2007,10,Pacific Ocean,Neuston net,0.0,Low
24.606567,-144.861067,2019,11,Pacific Ocean,Manta net,8.755165,High
27.0518,-144.97595,2019,11,Pacific Ocean,Manta net,5.743354,High
28.54,-140.09,2010,10,Pacific Ocean,Neuston net,0.0,Low
26.88,-111.12,2002,10,Pacific Ocean,Neuston net,0.00432,Low
17.81,-72.14,2004,12,Atlantic Ocean,Neuston net,0.01728,Low
19.83,-65.17,2001,5,Atlantic Ocean,Neuston net,0.0,Low
15.95,-64.6,2000,12,Atlantic Ocean,Neuston net,0.00432,Low
14.8961,-50.9262,2014,11,Atlantic Ocean,Grab sample,0.002,Low
14.4657,-50.5602,2014,11,Atlantic Ocean,Grab sample,0.143,High
30.694833,-123.965167,2017,3,Pacific Ocean,Manta net,0.509152,High
-23.71,-118.113,2016,4,Pacific Ocean,Manta net,0.00412,Low
2.19,-135.73,2005,10,Pacific Ocean,Neuston net,0.0,Low
18.2883,-103.7042,2015,4,Pacific Ocean,Grab sample,0.001,Low
19.11,-76.56,2000,12,Atlantic Ocean,Neuston net,0.0,Low
19.03,-77.84,2001,12,Atlantic Ocean,Neuston net,0.0,Low
17.46,-79.08,2003,12,Atlantic Ocean,Neuston net,0.001964,Low
30.1206,-165.4097,2008,1,Pacific Ocean,Neuston net,0.325786,High
58.850667,-3.052333,2014,5,Atlantic Ocean,Neuston net,0.0,Low
55.886667,-4.908667,2019,11,Atlantic Ocean,Neuston net,0.0,Low
6.42,-148.97,2005,10,Pacific Ocean,Neuston net,0.0,Low
7.43,-149.9,2008,6,Pacific Ocean,Neuston net,0.00648,Low
40.58,-157.79,2003,7,Pacific Ocean,Neuston net,0.16054,High
-23.9885,39.280667,2018,9,Indian Ocean,Manta net,0.170945,High
44.36,-63.18,1999,7,Atlantic Ocean,Neuston net,0.0027,Low
48.5697,-46.3615,2015,8,Atlantic Ocean,Grab sample,0.008,Low
43.4965,7.0476,2013,7,Atlantic Ocean,Manta net,0.51476,High
60.3903,-145.7124,2015,5,Pacific Ocean,Grab sample,0.0,Low
37.9,-58.8,1991,10,Atlantic Ocean,Neuston net,0.0,Low
40.78,-60.25,1992,10,Atlantic Ocean,Neuston net,0.0,Low
35.73,-59.45,1992,10,Atlantic Ocean,Neuston net,0.074076,Low
38.710667,17.685833,2021,7,Atlantic Ocean,Manta net,0.232273,High
38.690833,12.840333,2021,7,Atlantic Ocean,Manta net,0.760417,High
39.26,19.748,2015,4,Atlantic Ocean,Manta net,0.896667,High
41.33,-68.35,1994,7,Atlantic Ocean,Neuston net,0.0027,Low
40.47,-68.38,1991,10,Atlantic Ocean,Neuston net,0.0,Low
41.33,-66.12,1995,7,Atlantic Ocean,Neuston net,0.0,Low
41.8,-63.78,1994,7,Atlantic Ocean,Neuston net,0.0,Low
30.45,-59.08,2002,10,Atlantic Ocean,Neuston net,0.090712,High
26.57,-57.47,2002,10,Atlantic Ocean,Neuston net,0.060476,Low
20.73,-69.95,1992,12,Atlantic Ocean,Neuston net,0.0,Low
31.07,-69.71,1997,4,Atlantic Ocean,Neuston net,0.01728,Low
37.6307,-76.3384,2016,11,Atlantic Ocean,Grab sample,0.002,Low
23.85,-81.88,2004,1,Atlantic Ocean,Neuston net,0.0,Low
27.6081,-82.5712,2016,10,Atlantic Ocean,Van Dorn sampler,1000.0,High
25.28,-147.0,2007,2,Pacific Ocean,Neuston net,2.712124,High
30.66,-80.15,2005,4,Atlantic Ocean,Neuston net,0.005096,Low
25.9,-75.43,1993,1,Atlantic Ocean,Neuston net,0.00648,Low
27.5737,-82.6868,2016,6,Atlantic Ocean,Van Dorn sampler,2000.0,High
11.78,-60.42,1995,11,Atlantic Ocean,Neuston net,0.0,Low
16.6525,-31.2053,2014,11,Atlantic Ocean,Grab sample,0.002,Low
17.8167,-42.5333,2014,12,Atlantic Ocean,Grab sample,0.139,High
25.35,-141.11,2007,2,Pacific Ocean,Neuston net,0.0,Low
24.03,-138.44,2004,10,Pacific Ocean,Neuston net,0.0,Low
24.52,-148.47,2009,5,Pacific Ocean,Neuston net,0.0,Low
16.4,-82.63,1987,12,Atlantic Ocean,Neuston net,0.0,Low
16.38,-84.74,2006,4,Atlantic Ocean,Neuston net,0.0,Low
16.86,-85.95,1991,12,Atlantic Ocean,Neuston net,0.00432,Low
13.5,-63.35,1989,12,Atlantic Ocean,Neuston net,0.008232,Low
18.48,-64.25,1993,12,Atlantic Ocean,Neuston net,0.0,Low
14.1833,-60.0167,2014,12,Atlantic Ocean,Grab sample,0.002,Low
-34.0419,-18.1859,2010,11,Atlantic Ocean,Neuston net,0.577445,High
-32.9033,-11.3745,2010,11,Atlantic Ocean,Neuston net,1.649428,High
2.19,-135.73,2006,3,Pacific Ocean,Neuston net,0.0,Low
7.934667,-28.43095,2018,7,Atlantic Ocean,Manta net,0.003448,Low
19.04,-76.93,2000,3,Atlantic Ocean,Neuston net,0.0,Low
16.54,-84.2,2003,4,Atlantic Ocean,Neuston net,0.0027,Low
57.723833,-2.921333,2018,1,Atlantic Ocean,Neuston net,0.0,Low
57.934333,-3.855667,2018,1,Atlantic Ocean,Neuston net,0.0,Low
6.42,-148.97,2006,3,Pacific Ocean,Neuston net,0.0,Low
33.38,-156.38,2003,12,Pacific Ocean,Neuston net,0.0,Low
40.58,-157.79,2003,12,Pacific Ocean,Neuston net,0.0,Low
33.074,35.101667,2014,1,Atlantic Ocean,Manta net,0.422535,High
36.344533,-4.964,2013,8,Atlantic Ocean,Manta net,0.637449,High
37.868833,1.651667,2013,8,Atlantic Ocean,Manta net,0.45255,High
37.975,1.333333,2013,10,Atlantic Ocean,Manta net,1.352131,High
43.55,-64.51,2002,6,Atlantic Ocean,Neuston net,0.0,Low
57.0325,-135.3947,2015,1,Pacific Ocean,Grab sample,0.001,Low
39.93,-71.15,1993,8,Atlantic Ocean,Neuston net,0.00216,Low
37.73,-64.9,1992,5,Atlantic Ocean,Neuston net,0.01296,Low
32.49,-58.12,2005,10,Atlantic Ocean,Neuston net,0.100872,High
38.43987,-9.09325,2018,11,Atlantic Ocean,Neuston net,0.041031,Low
40.99,-70.38,2005,8,Atlantic Ocean,Neuston net,0.0027,Low
41.4,-70.85,1993,10,Atlantic Ocean,Neuston net,0.0,Low
41.5148,-70.9822,2016,8,Atlantic Ocean,Grab sample,0.0,Low
42.1,-69.44,1996,7,Atlantic Ocean,Neuston net,0.0,Low
40.3,-69.74,2003,7,Atlantic Ocean,Neuston net,0.00864,Low
39.95,-71.08,2003,6,Atlantic Ocean,Neuston net,0.0162,Low
34.2,-64.03,1994,10,Atlantic Ocean,Neuston net,0.045356,Low
35.48,-63.7,1986,10,Atlantic Ocean,Neuston net,0.014388,Low
35.6686,-69.1216,2014,6,Atlantic Ocean,Grab sample,0.008,Low
31.5865,-62.7727,2010,1,Atlantic Ocean,Neuston net,0.405544,High
33.63,-66.43,1996,5,Atlantic Ocean,Neuston net,0.170628,High
34.6,-63.75,1992,5,Atlantic Ocean,Neuston net,0.0108,Low
20.51,-73.69,2003,4,Atlantic Ocean,Neuston net,0.0,Low
29.44,-71.97,1991,4,Atlantic Ocean,Neuston net,0.125268,High
27.302,-13.935333,2018,11,Atlantic Ocean,Manta net,0.02433,Low
38.337,-137.6313,2015,8,Pacific Ocean,Manta net,4.302687,High
25.28,-75.92,1992,4,Atlantic Ocean,Neuston net,0.00166,Low
29.5392,-54.9628,2010,2,Atlantic Ocean,Neuston net,0.840274,High
30.19,-56.62,2005,10,Atlantic Ocean,Neuston net,0.036084,Low
30.53,-58.93,1999,10,Atlantic Ocean,Neuston net,0.071908,Low
21.0185,-62.855833,2019,5,Atlantic Ocean,Manta net,0.01931,Low
20.69,-71.08,2008,3,Atlantic Ocean,Neuston net,0.00692,Low
23.93,-83.57,1996,3,Atlantic Ocean,Neuston net,0.005892,Low
25.67,-77.37,1992,4,Atlantic Ocean,Neuston net,0.00216,Low
25.35,-141.11,2006,6,Pacific Ocean,Neuston net,0.0,Low
24.28,-143.99,2008,12,Pacific Ocean,Neuston net,0.00216,Low
24.52,-148.47,2008,12,Pacific Ocean,Neuston net,0.0,Low
25.28,-147.0,2006,5,Pacific Ocean,Neuston net,2.712124,High
25.95,-77.97,1997,5,Atlantic Ocean,Neuston net,0.099272,High
11.55,-66.92,1994,12,Atlantic Ocean,Neuston net,0.0,Low
19.57,-73.96,2000,3,Atlantic Ocean,Neuston net,0.0,Low
14.3867,-53.965,2014,12,Atlantic Ocean,Grab sample,0.004,Low
14.3432,-56.3115,2014,12,Atlantic Ocean,Grab sample,0.003,Low
12.0,-61.7,2014,6,Atlantic Ocean,Grab sample,0.002,Low
11.8,-61.38,1993,12,Atlantic Ocean,Neuston net,0.0,Low
15.687,-96.237,2014,12,Pacific Ocean,Grab sample,0.007,Low
11.1,-64.52,1994,12,Atlantic Ocean,Neuston net,0.00432,Low
-26.6982,-112.871,2011,4,Pacific Ocean,Manta net,0.355369,High
-15.96,-148.24,2002,2,Pacific Ocean,Neuston net,0.0,Low
-8.9,-143.46,2012,12,Pacific Ocean,Neuston net,0.00264,Low
4.86,-143.41,2003,4,Pacific Ocean,Neuston net,0.0,Low
19.03,-79.65,1991,3,Atlantic Ocean,Neuston net,0.0,Low
40.58,-157.79,2004,5,Pacific Ocean,Neuston net,0.043748,Low
32.152,34.783167,2014,12,Atlantic Ocean,Manta net,5.214259,High
55.236167,-5.736833,2020,1,Atlantic Ocean,Neuston net,0.014655,Low
84.40488,17.45691,2016,9,Arctic Ocean,CTD rosette sampler,42.0,High
7.43,-149.9,2007,4,Pacific Ocean,Neuston net,0.00648,Low
13.69,-156.87,2009,7,Pacific Ocean,Neuston net,0.018584,Low
18.46,-157.58,2012,3,Pacific Ocean,Neuston net,0.0108,Low
25.64925,-154.19815,2015,7,Pacific Ocean,Manta net,0.355209,High
47.2972,-122.4301,2014,12,Pacific Ocean,Grab sample,0.032,Low
45.975668,-15.250056,2020,11,Atlantic Ocean,Manta net,0.260099,High
43.327167,4.400167,2021,10,Atlantic Ocean,Manta net,0.143505,High
57.184167,-6.518,2016,1,Atlantic Ocean,Neuston net,0.0,Low
40.57,-66.53,1987,6,Atlantic Ocean,Neuston net,0.0108,Low
31.24,-60.25,2001,10,Atlantic Ocean,Neuston net,0.060476,Low
36.853333,-8.423333,2014,8,Atlantic Ocean,Manta net,0.110558,High
33.919014,10.128889,2019,11,Atlantic Ocean,Manta net,0.724807,High
41.389383,2.203525,2021,1,Atlantic Ocean,Manta net,27.134,High
41.02,-70.72,2002,7,Atlantic Ocean,Neuston net,0.0,Low
41.33,-70.98,1997,8,Atlantic Ocean,Neuston net,0.0,Low
41.71,-69.39,2006,8,Atlantic Ocean,Neuston net,0.0,Low
40.93,-70.65,1989,10,Atlantic Ocean,Neuston net,0.002276,Low
26.15,-64.84,2005,5,Atlantic Ocean,Neuston net,0.01512,Low
27.61,-62.26,2000,10,Atlantic Ocean,Neuston net,0.00432,Low
34.0567,-142.0252,2009,8,Pacific Ocean,Manta net,4.079,High
37.6772,-76.3275,2015,7,Atlantic Ocean,Grab sample,0.01,Low
24.71,-80.31,2004,3,Atlantic Ocean,Neuston net,0.0,Low
20.35,-79.57,1994,3,Atlantic Ocean,Neuston net,0.00216,Low
22.07,-58.73,1994,10,Atlantic Ocean,Neuston net,0.0,Low
23.47,-58.37,1992,10,Atlantic Ocean,Neuston net,0.00864,Low
24.18,-58.14,2007,10,Atlantic Ocean,Neuston net,0.005716,Low
21.65,-64.97,1999,5,Atlantic Ocean,Neuston net,0.00432,Low
24.35,-80.83,1996,2,Atlantic Ocean,Neuston net,0.00648,Low
31.02,-141.19,2019,7,Pacific Ocean,Manta net,4.486027,High
26.82,-79.99,1999,2,Atlantic Ocean,Neuston net,0.0,Low
27.778,-82.5203,2017,6,Atlantic Ocean,Van Dorn sampler,3000.0,High
25.8384,-81.3923,2016,12,Atlantic Ocean,Grab sample,0.001,Low
13.12,-60.35,2000,11,Atlantic Ocean,Neuston net,0.0,Low
12.32,-61.88,1992,11,Atlantic Ocean,Neuston net,0.0,Low
12.25,-61.77,1991,11,Atlantic Ocean,Neuston net,0.0,Low
24.03,-138.44,2005,7,Pacific Ocean,Neuston net,0.0,Low
25.68,-143.09,2011,2,Pacific Ocean,Neuston net,0.0,Low
24.52,-148.47,2008,10,Pacific Ocean,Neuston net,0.0,Low
18.98,-74.25,1998,4,Atlantic Ocean,Neuston net,0.0,Low
15.9488,-52.5159,2014,12,Atlantic Ocean,Grab sample,0.002,Low
14.02,-61.07,1996,12,Atlantic Ocean,Neuston net,0.0,Low
13.17,-59.82,1995,11,Atlantic Ocean,Neuston net,0.0,Low
-33.1071,-82.387,2011,3,Pacific Ocean,Neuston net,0.0,Low
-9.777533,-115.847833,2018,4,Pacific Ocean,Manta net,0.011654,Low
2.19,-135.73,2005,4,Pacific Ocean,Neuston net,0.0,Low
1.2,-110.816,2000,9,Pacific Ocean,Manta net,0.027,Low
2.333,-108.9,1987,9,Pacific Ocean,Manta net,0.011,Low
36.9416,26.2047,2014,7,Atlantic Ocean,Manta net,1.06327,High
59.8747,-149.7407,2015,6,Pacific Ocean,Grab sample,0.007,Low
13.69,-156.87,2010,6,Pacific Ocean,Neuston net,0.018584,Low
14.71,-157.43,2010,11,Pacific Ocean,Neuston net,0.0072,Low
18.46,-157.58,2012,7,Pacific Ocean,Neuston net,0.799436,High
19.86,-154.98,2002,3,Pacific Ocean,Neuston net,0.00432,Low
39.1247,-156.9162,2011,11,Pacific Ocean,Neuston net,0.36183,High
40.58,-157.79,2004,12,Pacific Ocean,Neuston net,0.043748,Low
43.2754,7.0302,2014,10,Atlantic Ocean,Manta net,2.387976,High
57.146333,-6.751,2014,1,Atlantic Ocean,Neuston net,0.019963,Low
58.2836,3.6806,2018,6,Atlantic Ocean,Intake seawater pump,31.0,High
80.1287,6.08353,2016,8,Arctic Ocean,Intake seawater pump,1.0,High
84.2656,17.3778,2016,9,Arctic Ocean,Intake seawater pump,2.5,High
7.43,-149.9,2007,12,Pacific Ocean,Neuston net,0.00648,Low
40.910469,0.833376,2021,1,Atlantic Ocean,Manta net,0.412,High
53.07,-133.66,2002,7,Pacific Ocean,Neuston net,0.0,Low
42.78,-65.5,1989,8,Atlantic Ocean,Neuston net,0.088552,High
42.5,-69.6,1998,7,Atlantic Ocean,Neuston net,0.00432,Low
44.329069,8.749319,2018,9,Atlantic Ocean,Manta net,0.392784,High
31.7,-71.32,1996,5,Atlantic Ocean,Neuston net,0.05398,Low
32.77,-64.58,1995,5,Atlantic Ocean,Neuston net,0.01728,Low
40.83,-70.15,1989,7,Atlantic Ocean,Neuston net,0.047128,Low
40.9,-70.75,1998,8,Atlantic Ocean,Neuston net,0.0,Low
40.57,-69.93,1996,8,Atlantic Ocean,Neuston net,0.048584,Low
40.01,-69.08,2004,8,Atlantic Ocean,Neuston net,0.0,Low
31.787167,-143.935,2019,12,Pacific Ocean,Manta net,15.04933,High
33.8259,-138.275,2015,8,Pacific Ocean,Manta net,19.993098,High
37.56655,-131.4851,2015,9,Pacific Ocean,Manta net,0.808203,High
31.72955,-134.0345,2015,9,Pacific Ocean,Manta net,1.332058,High
28.58,-67.29,2001,4,Atlantic Ocean,Neuston net,0.0135,Low
29.92,-67.87,1992,5,Atlantic Ocean,Neuston net,0.151188,High
20.7267,-28.3517,2014,11,Atlantic Ocean,Grab sample,0.018,Low
25.0864,-18.4138,2014,11,Atlantic Ocean,Grab sample,0.01,Low
25.0133,-20.673,2014,11,Atlantic Ocean,Grab sample,0.012,Low
24.53,-81.81,2001,3,Atlantic Ocean,Neuston net,0.00864,Low
23.98,-81.59,1993,1,Atlantic Ocean,Neuston net,0.00648,Low
27.03,-57.63,2004,10,Atlantic Ocean,Neuston net,0.0216,Low
23.3,-59.81,1998,10,Atlantic Ocean,Neuston net,0.01944,Low
22.31,-64.77,2007,5,Atlantic Ocean,Neuston net,0.213224,High
20.33,-71.01,2007,3,Atlantic Ocean,Neuston net,0.0,Low
29.37,-139.91,2012,5,Pacific Ocean,Neuston net,0.01836,Low
31.06,-143.46,2012,10,Pacific Ocean,Neuston net,1.117124,High
23.89,-109.37,2002,11,Pacific Ocean,Neuston net,0.00218,Low
26.2396,-112.4743,2015,4,Pacific Ocean,Grab sample,0.003,Low
27.9237,-82.4807,2017,5,Atlantic Ocean,Van Dorn sampler,0.0,Low
14.3154,-59.5381,2014,11,Atlantic Ocean,Grab sample,0.035,Low
24.5525,-125.481667,2017,3,Pacific Ocean,Manta net,0.097752,High
24.03,-138.44,2005,2,Pacific Ocean,Neuston net,0.0,Low
25.68,-143.09,2010,10,Pacific Ocean,Neuston net,0.0,Low
24.52,-148.47,2008,4,Pacific Ocean,Neuston net,0.0,Low
25.28,-147.0,2007,8,Pacific Ocean,Neuston net,2.712124,High
18.75,-74.7,2001,3,Atlantic Ocean,Neuston net,0.0108,Low
18.59,-78.87,2000,12,Atlantic Ocean,Neuston net,0.01296,Low
17.5,-79.28,1992,3,Atlantic Ocean,Neuston net,0.0216,Low
17.15,-76.53,1994,12,Atlantic Ocean,Neuston net,0.0,Low
16.65,-81.27,1998,2,Atlantic Ocean,Neuston net,0.0,Low
16.22,-85.88,1993,3,Atlantic Ocean,Neuston net,0.0,Low
-26.6027,-113.8575,2011,4,Pacific Ocean,Neuston net,0.019781,Low
-32.8038,-86.2393,2011,3,Pacific Ocean,Manta net,0.117604,High
-5.76,-111.24,2001,12,Pacific Ocean,Neuston net,0.0,Low
2.19,-135.73,2011,4,Pacific Ocean,Neuston net,0.0,Low
18.57,-76.75,1996,4,Atlantic Ocean,Neuston net,0.0108,Low
33.1,-156.49,2008,6,Pacific Ocean,Neuston net,0.0,Low
33.02,-152.9,2003,10,Pacific Ocean,Neuston net,0.0,Low
38.33615,-152.5177,2015,8,Pacific Ocean,Manta net,0.92334,High
40.38,-157.49,2012,10,Pacific Ocean,Neuston net,0.003132,Low
56.177,-2.475,2021,1,Atlantic Ocean,Neuston net,0.01231,Low
17.55,-158.31,2006,10,Pacific Ocean,Neuston net,0.011996,Low
20.27,-156.47,2011,7,Pacific Ocean,Neuston net,0.0,Low
20.6,-154.81,2009,6,Pacific Ocean,Neuston net,0.0,Low
23.65,-149.74,2009,10,Pacific Ocean,Neuston net,0.0,Low
28.04,-152.1,2019,6,Pacific Ocean,Manta net,0.17276,High
45.72,-57.73,1995,7,Atlantic Ocean,Neuston net,0.086392,High
46.82,-57.83,1996,7,Atlantic Ocean,Neuston net,0.01512,Low
51.4379,-16.7164,2018,5,Atlantic Ocean,Intake seawater pump,33.0,High
43.0951,5.9821,2014,6,Atlantic Ocean,Manta net,0.638818,High
56.010667,-3.200167,2014,12,Atlantic Ocean,Neuston net,0.124221,High
40.44,-64.48,1997,7,Atlantic Ocean,Neuston net,0.01512,Low
40.017222,17.885278,2020,10,Atlantic Ocean,Manta net,0.497203,High
38.3695,15.198,2020,10,Atlantic Ocean,Manta net,0.821611,High
39.8005,5.4095,2013,6,Atlantic Ocean,Neuston net,1.855895,High
41.397303,2.21315,2020,10,Atlantic Ocean,Manta net,0.474,High
50.588167,-142.87925,2019,3,Pacific Ocean,Neuston net,0.010227,Low
41.15,-70.75,1999,4,Atlantic Ocean,Neuston net,0.0,Low
41.9,-69.03,2004,8,Atlantic Ocean,Neuston net,0.0,Low
41.35,-69.02,1990,5,Atlantic Ocean,Neuston net,0.0,Low
40.98,-68.53,1994,8,Atlantic Ocean,Neuston net,0.0,Low
40.08,-68.97,1993,8,Atlantic Ocean,Neuston net,0.0,Low
39.91,-69.04,2000,9,Atlantic Ocean,Neuston net,0.0,Low
32.375,-64.6744,2014,6,Atlantic Ocean,Grab sample,0.005,Low
32.32,-64.4322,2010,1,Atlantic Ocean,Neuston net,0.559632,High
34.62,-63.53,2007,10,Atlantic Ocean,Neuston net,0.0,Low
34.72,-64.77,2002,5,Atlantic Ocean,Neuston net,0.047516,Low
29.67,-55.17,1992,10,Atlantic Ocean,Neuston net,0.079912,Low
26.56,-68.43,1997,4,Atlantic Ocean,Neuston net,0.02376,Low
31.63865,-146.8989,2015,8,Pacific Ocean,Manta net,0.221785,High
40.0895,-144.4545,2011,11,Pacific Ocean,Neuston net,1.297126,High
24.6,-83.67,2001,1,Atlantic Ocean,Neuston net,0.0,Low
24.33,-75.4,1992,4,Atlantic Ocean,Neuston net,0.025916,Low
26.35,-78.33,1992,2,Atlantic Ocean,Neuston net,0.0,Low
28.4,-79.98,1999,3,Atlantic Ocean,Neuston net,0.00216,Low
27.61,-82.7832,2016,11,Atlantic Ocean,Van Dorn sampler,2000.0,High
12.67,-61.53,2002,11,Atlantic Ocean,Neuston net,0.0,Low
19.6888,-35.7082,2014,12,Atlantic Ocean,Grab sample,0.029,Low
27.05,-126.006667,2017,3,Pacific Ocean,Manta net,2.879188,High
23.35,-144.31,2008,4,Pacific Ocean,Neuston net,0.0,Low
25.28,-147.0,2005,2,Pacific Ocean,Neuston net,2.712124,High
26.6,-142.77,2012,5,Pacific Ocean,Neuston net,0.0,Low
11.58,-62.25,2005,11,Atlantic Ocean,Neuston net,0.0,Low
14.68,-64.43,1989,12,Atlantic Ocean,Neuston net,0.0,Low
15.59,-50.18,2014,12,Atlantic Ocean,Grab sample,0.006,Low
13.98,-61.12,1997,11,Atlantic Ocean,Neuston net,0.0,Low
12.88,-61.63,1998,12,Atlantic Ocean,Neuston net,0.0,Low
-26.483333,-105.383333,2015,11,Pacific Ocean,AVANI net,0.190125,High
-31.8065,-91.3445,2011,4,Pacific Ocean,Neuston net,0.019163,Low
3.48,-143.62,2006,11,Pacific Ocean,Neuston net,0.0,Low
19.62,-146.5,2009,11,Pacific Ocean,Neuston net,0.00216,Low
17.6251,-101.5569,2015,4,Pacific Ocean,Grab sample,0.001,Low
16.36,-159.94,2011,4,Pacific Ocean,Neuston net,0.016196,Low
20.14,-148.94,2005,3,Pacific Ocean,Neuston net,0.0,Low
33.09,-156.27,2012,4,Pacific Ocean,Neuston net,0.0,Low
33.47,-151.63,2008,3,Pacific Ocean,Neuston net,0.00864,Low
59.579,-151.423,2014,5,Pacific Ocean,Grab sample,0.005,Low
57.7255,-1.855333,2015,1,Atlantic Ocean,Neuston net,0.004749,Low
56.5695,-6.508833,2022,1,Atlantic Ocean,Neuston net,0.102287,High
-16.32,-149.8,2002,2,Pacific Ocean,Neuston net,0.0108,Low
6.42,-148.97,2011,7,Pacific Ocean,Neuston net,0.0,Low
15.25,-157.55,2006,2,Pacific Ocean,Neuston net,0.0,Low
42.07,-62.28,1994,7,Atlantic Ocean,Neuston net,0.0,Low
38.914,10.015,2013,6,Atlantic Ocean,Neuston net,2.220195,High
42.85,-66.22,1995,6,Atlantic Ocean,Neuston net,0.0,Low
48.446333,-4.829833,2020,8,Atlantic Ocean,Manta net,0.016209,Low
42.377821,3.158952,2021,1,Atlantic Ocean,Manta net,0.18,High
43.3994,7.8494,2013,7,Atlantic Ocean,Manta net,1.69186,High
33.63,-64.68,1992,5,Atlantic Ocean,Neuston net,0.01728,Low
34.65,-65.63,1996,5,Atlantic Ocean,Neuston net,0.028796,Low
40.95,-70.63,1992,10,Atlantic Ocean,Neuston net,0.01728,Low
39.73,-68.55,2004,10,Atlantic Ocean,Neuston net,0.00432,Low
25.83,-72.87,1993,5,Atlantic Ocean,Neuston net,0.17838,High
30.97,-70.49,1997,4,Atlantic Ocean,Neuston net,0.067496,Low
21.5256,-36.0567,2014,12,Atlantic Ocean,Grab sample,0.0,Low
32.18,-145.73,2019,8,Pacific Ocean,Manta net,2.287107,High
36.82255,-142.139083,2015,8,Pacific Ocean,Manta net,6.950391,High
23.89,-82.04,2002,5,Atlantic Ocean,Neuston net,0.0,Low
27.44,-59.64,2000,10,Atlantic Ocean,Neuston net,0.045356,Low
23.27,-57.8,2007,10,Atlantic Ocean,Neuston net,0.005052,Low
22.73,-70.82,1990,4,Atlantic Ocean,Neuston net,0.036716,Low
25.62,-73.25,1994,3,Atlantic Ocean,Neuston net,0.008096,Low
25.4,-74.07,1999,4,Atlantic Ocean,Neuston net,0.084232,High
24.32,-83.94,2006,3,Atlantic Ocean,Neuston net,0.091084,High
27.84,-140.77,2008,7,Pacific Ocean,Neuston net,0.0024,Low
28.72,-140.03,2012,10,Pacific Ocean,Neuston net,49.267784,High
27.9418,-82.4585,2016,8,Atlantic Ocean,Van Dorn sampler,0.0,Low
16.82,-74.13,2002,12,Atlantic Ocean,Neuston net,0.0,Low
14.1931,-60.8738,2016,2,Atlantic Ocean,Grab sample,0.002,Low
17.905,-41.2835,2014,12,Atlantic Ocean,Grab sample,0.015,Low
25.35,-141.11,2004,10,Pacific Ocean,Neuston net,0.0,Low
24.59,-143.47,2003,10,Pacific Ocean,Neuston net,0.0,Low
26.21,-144.53,2009,5,Pacific Ocean,Neuston net,0.060476,Low
16.38,-76.63,1991,12,Atlantic Ocean,Neuston net,0.0,Low
16.22,-74.47,1989,12,Atlantic Ocean,Neuston net,0.0,Low
17.55,-83.58,1998,12,Atlantic Ocean,Neuston net,0.00432,Low
12.05,-67.79,2000,12,Atlantic Ocean,Neuston net,0.0,Low
13.75,-69.77,1995,12,Atlantic Ocean,Neuston net,0.0,Low
-30.6643,-22.6652,2010,11,Atlantic Ocean,Neuston net,0.034068,Low
4.41,-145.74,2004,12,Pacific Ocean,Neuston net,0.0,Low
-2.0,-82.0,2017,10,Pacific Ocean,Plankton net,0.65,High
10.68,-147.77,2003,4,Pacific Ocean,Neuston net,0.0,Low
17.93,-75.94,2004,4,Atlantic Ocean,Neuston net,0.0,Low
17.02,-79.91,2000,3,Atlantic Ocean,Neuston net,0.00216,Low
35.3542,27.087,2014,8,Atlantic Ocean,Manta net,0.379982,High
57.154333,-1.892667,2022,1,Atlantic Ocean,Neuston net,0.019134,Low
58.252,-5.4345,2018,1,Atlantic Ocean,Neuston net,0.0,Low
57.865833,-3.637,2019,1,Atlantic Ocean,Neuston net,0.0,Low
54.623333,-4.941833,2016,1,Atlantic Ocean,Neuston net,0.151896,High
66.418333,-2.136667,2017,9,Arctic Ocean,Manta net,0.023286,Low
41.373055,2.191604,2020,12,Atlantic Ocean,Manta net,4.295333,High
42.58,-65.43,1992,5,Atlantic Ocean,Neuston net,0.0,Low
48.354,-4.484167,2020,7,Atlantic Ocean,Manta net,0.086835,High
43.5498,8.6342,2010,7,Atlantic Ocean,Neuston net,1.13745,High
41.3,-70.99,2002,8,Atlantic Ocean,Neuston net,0.0,Low
39.84,-71.12,2007,6,Atlantic Ocean,Neuston net,0.0,Low
40.94,-67.32,1989,7,Atlantic Ocean,Neuston net,0.118792,High
41.17,-59.23,1992,7,Atlantic Ocean,Neuston net,0.00216,Low
32.8,-58.42,2005,10,Atlantic Ocean,Neuston net,0.046932,Low
38.192183,-21.451867,2013,10,Atlantic Ocean,Manta net,0.695597,High
32.38,-64.38,2000,4,Atlantic Ocean,Neuston net,0.02356,Low
32.37,-64.56,2000,6,Atlantic Ocean,Neuston net,0.045356,Low
33.54,-64.24,1992,5,Atlantic Ocean,Neuston net,0.105832,High
39.14325,-130.1035,2015,9,Pacific Ocean,Manta net,0.218331,High
20.18,-73.5,1998,2,Atlantic Ocean,Neuston net,0.081864,High
24.2,-69.95,1990,4,Atlantic Ocean,Neuston net,0.033036,Low
27.95,-70.72,1995,5,Atlantic Ocean,Neuston net,0.023564,Low
23.632667,-21.615833,2020,12,Atlantic Ocean,Manta net,0.003319,Low
23.711548,-20.348817,2015,11,Atlantic Ocean,Intake seawater pump,0.0,Low
32.0641,-137.9139,2009,8,Pacific Ocean,Manta net,2.512,High
25.48,-76.01,2002,4,Atlantic Ocean,Neuston net,0.0,Low
24.83,-74.42,1990,4,Atlantic Ocean,Neuston net,0.00864,Low
24.82,-75.67,1996,2,Atlantic Ocean,Neuston net,0.0,Low
24.78,-75.17,1997,2,Atlantic Ocean,Neuston net,0.0,Low
27.59,-59.93,1998,10,Atlantic Ocean,Neuston net,0.013196,Low
25.08,-58.22,1993,10,Atlantic Ocean,Neuston net,0.02376,Low
25.62,-76.98,1994,5,Atlantic Ocean,Neuston net,0.0,Low
25.68,-76.78,1997,5,Atlantic Ocean,Neuston net,0.455724,High
25.53,-76.12,1993,4,Atlantic Ocean,Neuston net,0.00216,Low
14.7682,-55.9858,2014,12,Atlantic Ocean,Grab sample,0.013,Low
17.3251,-42.494,2014,12,Atlantic Ocean,Grab sample,0.003,Low
30.019743,-142.7235,2015,8,Pacific Ocean,Manta net,2.99756,High
27.6934,-82.5559,2017,4,Atlantic Ocean,Van Dorn sampler,0.0,Low
17.03,-81.71,1999,3,Atlantic Ocean,Neuston net,0.0,Low
9.43,-92.97,2001,11,Pacific Ocean,Neuston net,0.0,Low
14.53,-63.27,1991,12,Atlantic Ocean,Neuston net,0.0,Low
12.13,-68.32,1995,12,Atlantic Ocean,Neuston net,0.0,Low
15.96,-65.13,2000,12,Atlantic Ocean,Neuston net,0.0,Low
14.65,-59.39,2001,11,Atlantic Ocean,Neuston net,0.00648,Low
-27.8781,-107.246,2011,4,Pacific Ocean,Manta net,0.062514,Low
-18.615,-26.1638,2010,9,Atlantic Ocean,Neuston net,0.009734,Low
0.07,-89.79,2001,12,Pacific Ocean,Neuston net,0.0,Low
19.71,-79.57,1998,12,Atlantic Ocean,Neuston net,0.00216,Low
17.27,-80.3,1996,2,Atlantic Ocean,Neuston net,0.0,Low
13.69,-156.87,2008,6,Pacific Ocean,Neuston net,0.018584,Low
27.25,-156.77,2003,7,Pacific Ocean,Neuston net,0.0,Low
33.1,-149.63,2009,10,Pacific Ocean,Neuston net,0.00216,Low
48.621609,-6.98466,2015,11,Atlantic Ocean,Intake seawater pump,1.0,High
55.972833,-4.757833,2018,10,Atlantic Ocean,Neuston net,0.0,Low
55.9985,-4.885667,2021,9,Atlantic Ocean,Neuston net,0.0,Low
55.877167,-5.06335,2017,11,Atlantic Ocean,Neuston net,0.0,Low
54.481983,10.315433,2018,10,Atlantic Ocean,Manta net,0.047322,Low
41.397303,2.21315,2021,5,Atlantic Ocean,Manta net,7.64,High
42.66,-64.39,1992,5,Atlantic Ocean,Neuston net,0.00216,Low
43.61,-63.71,2001,6,Atlantic Ocean,Neuston net,0.030856,Low
43.73,-66.58,1994,6,Atlantic Ocean,Neuston net,0.00576,Low
43.14,-68.8,1992,8,Atlantic Ocean,Neuston net,0.0,Low
40.74,-70.57,2007,8,Atlantic Ocean,Neuston net,0.00432,Low
41.67,-66.77,2000,7,Atlantic Ocean,Neuston net,0.0024,Low
31.25,-59.21,2002,10,Atlantic Ocean,Neuston net,0.064796,Low
40.4,-44.01,2015,8,Atlantic Ocean,Grab sample,0.004,Low
35.020383,-8.9726,2013,8,Atlantic Ocean,Manta net,0.322781,High
41.0423,10.6973,2014,7,Atlantic Ocean,Manta net,1.987672,High
31.48,-72.16,2000,4,Atlantic Ocean,Neuston net,0.01728,Low
32.21,-72.4,2004,5,Atlantic Ocean,Neuston net,0.079912,Low
31.37,-69.22,1998,4,Atlantic Ocean,Neuston net,0.034556,Low
41.3,-68.74,1990,8,Atlantic Ocean,Neuston net,0.00216,Low
28.67,-71.95,1997,5,Atlantic Ocean,Neuston net,0.038536,Low
32.37,-146.51,2004,12,Pacific Ocean,Neuston net,0.0,Low
32.3457,-123.3533,2009,8,Pacific Ocean,Manta net,0.022,Low
28.76,-57.07,2000,10,Atlantic Ocean,Neuston net,0.02376,Low
23.31,-56.75,2005,10,Atlantic Ocean,Neuston net,0.0,Low
20.33,-72.71,2002,3,Atlantic Ocean,Neuston net,0.00216,Low
27.6081,-82.5712,2016,8,Atlantic Ocean,Van Dorn sampler,0.0,Low
29.007302,-136.8435,2015,7,Pacific Ocean,Manta net,0.89138,High
25.79,-76.42,1995,4,Atlantic Ocean,Neuston net,0.00216,Low
26.3,-78.15,1996,3,Atlantic Ocean,Neuston net,0.00432,Low
19.8482,-35.1352,2014,12,Atlantic Ocean,Grab sample,0.01,Low
17.1209,-46.4369,2014,12,Atlantic Ocean,Grab sample,0.006,Low
29.6857,-135.9594,2015,8,Pacific Ocean,Manta net,1.559172,High
23.52,-141.63,2006,7,Pacific Ocean,Neuston net,0.0,Low
21.42,-142.07,2012,6,Pacific Ocean,Neuston net,0.214316,High
24.8316,-144.2614,2014,7,Pacific Ocean,Grab sample,0.004,Low
12.48,-78.37,1993,3,Atlantic Ocean,Neuston net,0.0,Low
12.27,-67.5,1987,12,Atlantic Ocean,Neuston net,0.0,Low
12.95,-63.6,1996,12,Atlantic Ocean,Neuston net,0.0,Low
16.57,-63.37,1993,12,Atlantic Ocean,Neuston net,0.0,Low
15.73,-60.3,1998,11,Atlantic Ocean,Neuston net,0.0,Low
13.7,-61.2,1991,11,Atlantic Ocean,Neuston net,0.0,Low
-32.9211,-71.6411,2015,11,Pacific Ocean,Grab sample,0.0,Low
-29.1203,-18.5112,2011,1,Atlantic Ocean,Neuston net,0.79937,High
2.89,-137.24,2008,12,Pacific Ocean,Neuston net,0.003084,Low
19.73,-146.63,2011,10,Pacific Ocean,Neuston net,0.0,Low
18.37,-75.3,1997,3,Atlantic Ocean,Neuston net,0.0,Low
20.07,-72.4,2006,12,Atlantic Ocean,Neuston net,0.0018,Low
43.385,28.614167,2017,8,Atlantic Ocean,Manta net,0.152369,High
33.2827,-164.9998,2008,2,Pacific Ocean,Neuston net,0.222648,High
86.75014,-140.88221,2016,8,Arctic Ocean,CTD rosette sampler,0.0,Low
16.88,-159.15,2009,3,Pacific Ocean,Neuston net,0.0,Low
24.21,-149.32,2012,2,Pacific Ocean,Neuston net,0.0,Low
33.26,-156.98,2005,10,Pacific Ocean,Neuston net,0.0,Low
33.56,-152.27,2005,11,Pacific Ocean,Neuston net,0.0,Low
37.5,25.3,2015,6,Atlantic Ocean,Manta net,0.1,High
42.47,-67.22,1999,10,Atlantic Ocean,Neuston net,0.00288,Low
42.52,-70.05,1998,7,Atlantic Ocean,Neuston net,0.0027,Low
45.4408,12.3215,2015,11,Atlantic Ocean,Grab sample,0.002,Low
55.9585,-4.895667,2018,10,Atlantic Ocean,Neuston net,0.107284,High
55.806167,12.619667,2021,9,Atlantic Ocean,Manta net,0.003462,Low
39.1395,1.752167,2018,6,Atlantic Ocean,Manta net,0.034546,Low
45.277333,-129.017,2019,12,Pacific Ocean,Manta net,0.168787,High
45.58,-60.29,2001,8,Atlantic Ocean,Neuston net,0.0,Low
43.35,-62.98,1993,7,Atlantic Ocean,Neuston net,0.00216,Low
39.35,-69.48,1994,8,Atlantic Ocean,Neuston net,0.0,Low
40.3,-69.5,1995,8,Atlantic Ocean,Neuston net,0.051836,Low
40.23,-69.71,1989,5,Atlantic Ocean,Neuston net,0.00648,Low
33.88,-57.36,2003,10,Atlantic Ocean,Neuston net,0.00648,Low
37.1165,-25.218167,2014,7,Atlantic Ocean,Manta net,0.347222,High
32.858333,-10.599283,2018,6,Atlantic Ocean,Manta net,0.083714,High
35.8771,-132.573,2008,2,Pacific Ocean,Neuston net,0.51324,High
32.469,-133.5409,2015,9,Pacific Ocean,Manta net,2.131878,High
33.97,-119.39,2002,8,Pacific Ocean,Neuston net,0.0,Low
34.37,-64.63,1987,5,Atlantic Ocean,Neuston net,0.055196,Low
36.52,-63.6,1999,10,Atlantic Ocean,Neuston net,0.0216,Low
24.19,-82.01,2004,2,Atlantic Ocean,Neuston net,0.0,Low
25.2,-75.8,1996,4,Atlantic Ocean,Neuston net,0.058316,Low
25.4,-75.18,1992,4,Atlantic Ocean,Neuston net,0.0,Low
29.3,-59.37,1992,10,Atlantic Ocean,Neuston net,0.032396,Low
26.21,-58.4,2003,10,Atlantic Ocean,Neuston net,0.0072,Low
30.0296,-16.0196,2015,9,Atlantic Ocean,Grab sample,0.002,Low
30.78,-122.45,2002,10,Pacific Ocean,Neuston net,0.0,Low
26.85,-74.42,1991,4,Atlantic Ocean,Neuston net,0.077752,Low
25.77,-77.28,1993,2,Atlantic Ocean,Neuston net,0.00648,Low
26.17,-79.13,1993,2,Atlantic Ocean,Neuston net,0.0,Low
16.6107,-33.5581,2014,11,Atlantic Ocean,Grab sample,0.002,Low
16.107,-32.279,2014,11,Atlantic Ocean,Grab sample,0.009,Low
15.75,-48.27,2014,11,Atlantic Ocean,Grab sample,0.003,Low
26.67355,-130.11035,2015,9,Pacific Ocean,Manta net,0.471239,High
24.28,-143.99,2005,7,Pacific Ocean,Neuston net,0.00216,Low
20.08,-68.15,2000,2,Atlantic Ocean,Neuston net,0.00432,Low
19.18,-69.09,2006,12,Atlantic Ocean,Neuston net,0.0108,Low
17.32,-66.41,2000,5,Atlantic Ocean,Neuston net,0.0,Low
14.85,-61.69,1996,11,Atlantic Ocean,Neuston net,0.0,Low
11.32,-59.7,1996,11,Atlantic Ocean,Neuston net,0.043196,Low
10.758064,-61.436573,2016,2,Atlantic Ocean,Hand picking,0.0,Low
-33.82,2.264,2010,12,Atlantic Ocean,Neuston net,1.158296,High
-1.3,-91.0,2017,10,Pacific Ocean,Plankton net,0.42,High
15.7637,-96.0944,2015,6,Pacific Ocean,Grab sample,0.01,Low
11.28,-63.53,1992,12,Atlantic Ocean,Neuston net,0.0,Low
17.32,-61.0,1996,11,Atlantic Ocean,Neuston net,0.0,Low
20.03,-60.45,2006,10,Atlantic Ocean,Neuston net,0.0,Low
10.33,-156.71,2005,10,Pacific Ocean,Neuston net,0.00216,Low
12.52,-156.96,2011,11,Pacific Ocean,Neuston net,0.0072,Low
32.903333,35.071,2013,7,Atlantic Ocean,Manta net,2.049604,High
31.3098,-163.994,2009,7,Pacific Ocean,Neuston net,3.755847,High
58.107667,-5.793667,2020,1,Atlantic Ocean,Neuston net,0.033715,Low
55.950167,-4.902667,2018,11,Atlantic Ocean,Neuston net,0.043708,Low
63.531,9.217133,2019,7,Arctic Ocean,Manta net,0.055128,Low
68.8885,-51.889833,2021,8,Arctic Ocean,Manta net,0.121036,High
69.0302,-16.62,2015,6,Arctic Ocean,Grab sample,0.009,Low
80.56276,8.03511,2016,8,Arctic Ocean,CTD rosette sampler,375.0,High
44.33,-59.17,1999,7,Atlantic Ocean,Neuston net,0.00432,Low
42.45,-68.49,1998,9,Atlantic Ocean,Neuston net,0.00216,Low
42.5,-69.59,2003,8,Atlantic Ocean,Neuston net,0.0,Low
54.3,-132.57,2002,7,Pacific Ocean,Neuston net,0.0,Low
57.51,-135.18,2002,7,Pacific Ocean,Neuston net,0.0,Low
39.750647,-33.372163,2020,11,Atlantic Ocean,Manta net,0.38154,High
33.7943,-35.1402,2013,6,Atlantic Ocean,Neuston net,0.930044,High
39.849,19.291,2015,4,Atlantic Ocean,Manta net,0.456667,High
38.909667,3.409833,2014,5,Atlantic Ocean,Manta net,1.521605,High
40.67,-71.23,1993,10,Atlantic Ocean,Neuston net,0.0,Low
41.13,-70.65,1998,8,Atlantic Ocean,Neuston net,0.0,Low
41.91,-69.51,2003,7,Atlantic Ocean,Neuston net,0.00432,Low
41.44,-65.75,1999,7,Atlantic Ocean,Neuston net,0.0108,Low
32.71,-64.76,1987,4,Atlantic Ocean,Neuston net,0.097192,High
35.09,-65.58,1989,6,Atlantic Ocean,Neuston net,0.00864,Low
34.95,-64.75,1991,5,Atlantic Ocean,Neuston net,0.00648,Low
35.8,-64.54,2001,10,Atlantic Ocean,Neuston net,0.0,Low
29.25,-68.53,1997,4,Atlantic Ocean,Neuston net,0.0,Low
33.06,-148.13,2011,12,Pacific Ocean,Neuston net,0.0,Low
31.54,-143.82,2008,12,Pacific Ocean,Neuston net,0.0,Low
32.2061,-138.3311,2018,10,Pacific Ocean,Manta net,1.857298,High
35.42255,-132.9495,2015,9,Pacific Ocean,Manta net,0.551901,High
33.6857,-132.0339,2018,10,Pacific Ocean,Manta net,1.20877,High
23.0,-61.25,1995,11,Atlantic Ocean,Neuston net,0.0108,Low
22.41,-69.71,2004,2,Atlantic Ocean,Neuston net,0.021592,Low
25.87,-73.68,1992,5,Atlantic Ocean,Neuston net,0.0108,Low
26.41,-73.12,2000,5,Atlantic Ocean,Neuston net,0.22894,High
27.27,-62.37,1994,10,Atlantic Ocean,Neuston net,0.034556,Low
30.52,-64.86,2007,5,Atlantic Ocean,Neuston net,1.297104,High
24.24,-82.37,2000,3,Atlantic Ocean,Neuston net,0.0,Low
23.57,-81.78,1993,1,Atlantic Ocean,Neuston net,0.0,Low
22.76,-141.69,2009,2,Pacific Ocean,Neuston net,0.0,Low
24.4147,-146.6687,2009,6,Pacific Ocean,Neuston net,0.018409,Low
30.37,-79.24,1996,5,Atlantic Ocean,Neuston net,0.01296,Low
19.04,-60.33,1996,11,Atlantic Ocean,Neuston net,0.00432,Low
14.44,-61.66,1999,12,Atlantic Ocean,Neuston net,0.025916,Low
13.75,-59.89,2006,11,Atlantic Ocean,Neuston net,0.0,Low
16.97,-41.27,2014,11,Atlantic Ocean,Grab sample,0.008,Low
10.65424,-19.93672,2016,12,Atlantic Ocean,Neuston net,0.0,Low
30.004165,-134.9015,2015,8,Pacific Ocean,Manta net,5.345399,High
-12.69,-142.3,2002,2,Pacific Ocean,Neuston net,0.0,Low
3.96,-123.17,2002,12,Pacific Ocean,Neuston net,0.0,Low
18.97,-143.47,2005,12,Pacific Ocean,Neuston net,0.0108,Low
17.88,-76.13,2006,4,Atlantic Ocean,Neuston net,0.034556,Low
16.24,-77.15,1987,2,Atlantic Ocean,Neuston net,0.001152,Low
15.38,-76.0,1993,3,Atlantic Ocean,Neuston net,0.00648,Low
12.52,-156.96,2012,4,Pacific Ocean,Neuston net,0.0072,Low
31.8705,34.6625,2015,2,Atlantic Ocean,Manta net,2.462656,High
32.504167,34.885,2013,10,Atlantic Ocean,Manta net,1.041667,High
33.9079,33.4371,2014,8,Atlantic Ocean,Manta net,0.164489,High
43.157833,6.943167,2019,7,Atlantic Ocean,Manta net,0.380186,High
52.400634,3.641003,2020,11,Atlantic Ocean,Manta net,0.834559,High
58.3535,-3.086833,2019,1,Atlantic Ocean,Neuston net,0.0,Low
56.140167,-2.600667,2020,1,Atlantic Ocean,Neuston net,0.057832,Low
10.33,-156.71,2005,3,Pacific Ocean,Neuston net,0.00216,Low
40.231167,18.506167,2013,5,Atlantic Ocean,Neuston net,0.97561,High
43.75,-68.43,2006,9,Atlantic Ocean,Neuston net,0.0,Low
43.3,-68.65,1992,5,Atlantic Ocean,Neuston net,0.0,Low
42.34,-70.32,2002,8,Atlantic Ocean,Neuston net,0.0027,Low
43.3203,5.1988,2010,7,Atlantic Ocean,Neuston net,0.0,Low
38.82,-69.28,1991,10,Atlantic Ocean,Neuston net,0.024108,Low
39.61,-63.53,2003,5,Atlantic Ocean,Neuston net,0.0048,Low
37.226167,-31.351,2019,5,Atlantic Ocean,Manta net,0.107747,High
37.448333,-15.706667,2013,10,Atlantic Ocean,Manta net,1.030352,High
22.3,-20.07,2014,11,Atlantic Ocean,Grab sample,0.003,Low
33.06,-148.13,2011,10,Pacific Ocean,Neuston net,0.0,Low
31.54,-143.82,2009,5,Pacific Ocean,Neuston net,0.0,Low
21.9,-59.04,1999,11,Atlantic Ocean,Neuston net,0.115108,High
25.5,-60.14,1998,10,Atlantic Ocean,Neuston net,0.030236,Low
26.18,-73.23,1995,5,Atlantic Ocean,Neuston net,0.011784,Low
26.31,-65.09,1999,5,Atlantic Ocean,Neuston net,0.045356,Low
31.0,-66.49,1992,5,Atlantic Ocean,Neuston net,0.01944,Low
20.8727,-34.7584,2014,11,Atlantic Ocean,Grab sample,0.01,Low
24.21,-82.18,2000,3,Atlantic Ocean,Neuston net,0.02376,Low
24.02,-75.5,1996,2,Atlantic Ocean,Neuston net,0.224624,High
29.44,-59.88,1998,10,Atlantic Ocean,Neuston net,0.332612,High
28.75,-60.33,1996,10,Atlantic Ocean,Neuston net,0.2563,High
21.75,-59.92,1995,11,Atlantic Ocean,Neuston net,0.00216,Low
30.002582,-141.355,2015,8,Pacific Ocean,Manta net,5.907654,High
25.75,-77.22,2003,2,Atlantic Ocean,Neuston net,0.0,Low
26.0136,-79.8869,2015,6,Atlantic Ocean,Grab sample,0.007,Low
27.8493,-82.4314,2017,5,Atlantic Ocean,Plankton net,5.2,High
19.52,-59.62,2001,10,Atlantic Ocean,Neuston net,0.01296,Low
15.889167,-50.285833,2020,12,Atlantic Ocean,Manta net,0.00401,Low
28.4553,-132.1118,2015,9,Pacific Ocean,Manta net,2.274526,High
22.76,-141.69,2008,10,Pacific Ocean,Neuston net,0.0,Low
24.57705,-144.863217,2019,11,Pacific Ocean,Manta net,0.266893,High
27.090983,-144.979433,2019,11,Pacific Ocean,Manta net,5.74337,High
11.53,-66.32,1996,12,Atlantic Ocean,Neuston net,0.0,Low
12.0,-61.93,1995,12,Atlantic Ocean,Neuston net,0.0,Low
17.62,-64.97,1991,11,Atlantic Ocean,Neuston net,0.00216,Low
17.22,-63.45,1992,12,Atlantic Ocean,Neuston net,0.00216,Low
16.62,-64.7,1994,12,Atlantic Ocean,Neuston net,0.0,Low
15.13,-62.03,1987,12,Atlantic Ocean,Neuston net,0.033116,Low
-35.082,-45.0112,2011,2,Atlantic Ocean,Neuston net,0.673608,High
-34.40727,17.54742,2017,7,Atlantic Ocean,Neuston net,0.002441,Low
-33.891167,18.420833,2018,12,Atlantic Ocean,Manta net,0.094152,High
2.89,-137.24,2009,4,Pacific Ocean,Neuston net,0.003084,Low
1.83,-142.29,2002,3,Pacific Ocean,Neuston net,0.0,Low
33.56,-152.27,2005,5,Pacific Ocean,Neuston net,0.0,Low
31.626,34.504333,2014,2,Atlantic Ocean,Manta net,0.317426,High
66.4346,-163.2724,2015,6,Arctic Ocean,Grab sample,0.008,Low
58.441833,-5.893833,2021,1,Atlantic Ocean,Neuston net,0.081281,High
55.99,-4.8755,2018,10,Atlantic Ocean,Neuston net,0.0,Low
88.6493,-125.86,2016,8,Arctic Ocean,Intake seawater pump,0.4,High
16.88,-159.15,2008,11,Pacific Ocean,Neuston net,0.0,Low
24.21,-149.32,2011,10,Pacific Ocean,Neuston net,0.0,Low
38.5824,14.2289,2014,7,Atlantic Ocean,Manta net,5.304985,High
47.38,-122.6407,2014,11,Pacific Ocean,Grab sample,0.001,Low
45.2461,-61.2239,2015,9,Atlantic Ocean,Grab sample,0.015,Low
45.215167,-5.775,2020,7,Atlantic Ocean,Manta net,0.466853,High
43.8789,9.3394,2010,7,Atlantic Ocean,Neuston net,2.233436,High
38.32,-69.29,1996,10,Atlantic Ocean,Neuston net,0.0,Low
40.33,-69.9,1992,10,Atlantic Ocean,Neuston net,0.0,Low
42.0,-66.48,1992,5,Atlantic Ocean,Neuston net,0.0,Low
39.17,-66.08,1999,10,Atlantic Ocean,Neuston net,0.0,Low
38.5197,-8.89348,2018,8,Atlantic Ocean,Neuston net,0.372222,High
38.206167,13.6005,2021,9,Atlantic Ocean,Manta net,0.862085,High
35.63,-64.77,1995,10,Atlantic Ocean,Neuston net,0.110376,High
36.55,-62.15,2002,10,Atlantic Ocean,Neuston net,0.00648,Low
34.9327,-141.896,2009,9,Pacific Ocean,Neuston net,0.68775,High
34.433383,-139.209667,2019,12,Pacific Ocean,Manta net,14.472818,High
32.2225,-129.1759,2009,8,Pacific Ocean,Manta net,0.106,High
24.56,-80.26,2003,5,Atlantic Ocean,Neuston net,0.0,Low
27.38,-60.83,1999,4,Atlantic Ocean,Neuston net,0.025916,Low
24.75,-56.32,2005,10,Atlantic Ocean,Neuston net,0.010532,Low
31.14,-66.16,2000,4,Atlantic Ocean,Neuston net,0.0216,Low
22.5717,-25.1333,2014,11,Atlantic Ocean,Grab sample,0.119,High
28.94,-17.625,2013,9,Atlantic Ocean,Manta net,0.915869,High
24.38,-81.75,1996,3,Atlantic Ocean,Neuston net,0.025916,Low
28.05,-79.73,1997,2,Atlantic Ocean,Neuston net,0.00216,Low
27.7084,-82.6092,2017,4,Atlantic Ocean,Van Dorn sampler,0.0,Low
24.28,-143.99,2005,12,Pacific Ocean,Neuston net,0.00216,Low
29.000142,-138.5675,2015,7,Pacific Ocean,Manta net,0.907112,High
23.14,-108.72,2002,12,Pacific Ocean,Neuston net,0.00214,Low
25.87,-77.37,1993,5,Atlantic Ocean,Neuston net,0.00432,Low
25.98,-77.63,2007,2,Atlantic Ocean,Neuston net,0.045028,Low
13.35,-71.32,1987,12,Atlantic Ocean,Neuston net,0.0,Low
17.58,-74.16,1999,12,Atlantic Ocean,Neuston net,0.00864,Low
16.83,-57.93,1986,10,Atlantic Ocean,Neuston net,0.0,Low
18.34,-60.34,1998,11,Atlantic Ocean,Neuston net,0.0108,Low
18.53,-59.6,1992,11,Atlantic Ocean,Neuston net,0.00432,Low
30.27395,-133.87145,2015,9,Pacific Ocean,Manta net,1.771433,High
19.73,-146.63,2012,2,Pacific Ocean,Neuston net,0.0,Low
16.25,-76.18,1992,3,Atlantic Ocean,Neuston net,0.0024,Low
17.3,-81.98,1996,2,Atlantic Ocean,Neuston net,0.00432,Low
12.07,-61.98,1994,12,Atlantic Ocean,Neuston net,0.0,Low
12.71,-63.37,1998,12,Atlantic Ocean,Neuston net,0.0,Low
13.33,-62.24,2001,12,Atlantic Ocean,Neuston net,0.0,Low
-31.8065,-91.3445,2011,4,Pacific Ocean,Manta net,0.025173,Low
-16.864166,4.031864,2015,11,Atlantic Ocean,Intake seawater pump,2.5,High
-11.28,-143.47,2003,3,Pacific Ocean,Neuston net,0.0,Low
-6.44,-113.34,2001,12,Pacific Ocean,Neuston net,0.0,Low
19.62,-146.5,2009,6,Pacific Ocean,Neuston net,0.00216,Low
33.47,-151.63,2008,7,Pacific Ocean,Neuston net,0.00864,Low
33.074,35.101667,2014,7,Atlantic Ocean,Manta net,32.743942,High
11.09,-156.77,2003,12,Pacific Ocean,Neuston net,0.0,Low
15.25,-157.55,2006,10,Pacific Ocean,Neuston net,0.0,Low
20.14,-148.94,2004,11,Pacific Ocean,Neuston net,0.0,Low
26.5,-155.28,2019,6,Pacific Ocean,Manta net,0.94372,High
33.09,-156.27,2012,10,Pacific Ocean,Neuston net,0.356852,High
32.42315,-148.99965,2015,8,Pacific Ocean,Manta net,1.295791,High
56.620167,-2.307667,2015,1,Atlantic Ocean,Neuston net,0.0,Low
56.309,-2.5465,2019,11,Atlantic Ocean,Neuston net,0.0,Low
56.378,-2.627167,2014,11,Atlantic Ocean,Neuston net,0.084144,High
55.947667,-2.040333,2022,1,Atlantic Ocean,Neuston net,0.00992,Low
74.757667,2.4995,2018,6,Arctic Ocean,Manta net,0.018355,Low
6.42,-148.97,2011,4,Pacific Ocean,Neuston net,0.0,Low
52.1173,-131.1566,2015,6,Pacific Ocean,Grab sample,0.001,Low
51.67425,-139.80325,2019,3,Pacific Ocean,Neuston net,0.0,Low
42.52,-68.14,1999,6,Atlantic Ocean,Neuston net,0.0,Low
43.8759,8.052,2014,6,Atlantic Ocean,Manta net,2.304121,High
38.89,-67.7,2007,10,Atlantic Ocean,Neuston net,0.0,Low
37.27,-51.32,1990,10,Atlantic Ocean,Neuston net,0.01728,Low
39.80334,7.998629,2013,6,Atlantic Ocean,Neuston net,13.740741,High
42.039,6.942333,2021,9,Atlantic Ocean,Manta net,0.614031,High
39.856167,4.3175,2020,9,Atlantic Ocean,Manta net,0.910121,High
41.397303,2.21315,2021,1,Atlantic Ocean,Manta net,1.079333,High
42.3,-70.07,2000,9,Atlantic Ocean,Neuston net,0.0,Low
42.32,-69.13,1995,7,Atlantic Ocean,Neuston net,0.00216,Low
40.45,-69.42,1992,6,Atlantic Ocean,Neuston net,0.0108,Low
40.27,-70.24,2005,8,Atlantic Ocean,Neuston net,0.0,Low
39.93,-70.85,2006,6,Atlantic Ocean,Neuston net,0.0,Low
31.44,-73.62,1999,4,Atlantic Ocean,Neuston net,0.0162,Low
31.74,-65.34,1997,4,Atlantic Ocean,Neuston net,0.0,Low
33.84,-64.62,2002,5,Atlantic Ocean,Neuston net,0.043196,Low
38.12,-69.68,1987,5,Atlantic Ocean,Neuston net,0.00216,Low
21.5,-70.28,1997,4,Atlantic Ocean,Neuston net,0.00648,Low
20.4857,-37.3662,2014,12,Atlantic Ocean,Grab sample,0.005,Low
33.1155,-122.512,2014,9,Pacific Ocean,Grab sample,0.027,Low
32.6322,-117.1056,2015,9,Pacific Ocean,Grab sample,0.005,Low
21.05,-84.08,1993,12,Atlantic Ocean,Neuston net,0.0,Low
31.13,-61.07,2007,10,Atlantic Ocean,Neuston net,0.072996,Low
29.22,-59.15,2000,10,Atlantic Ocean,Neuston net,0.014396,Low
26.05,-55.98,1992,10,Atlantic Ocean,Neuston net,0.001392,Low
23.75,-60.42,2001,4,Atlantic Ocean,Neuston net,0.01944,Low
13.79,-59.82,2005,11,Atlantic Ocean,Neuston net,0.0043,Low
12.23,-61.73,1995,12,Atlantic Ocean,Neuston net,0.0096,Low
27.25,-77.65,1994,2,Atlantic Ocean,Neuston net,0.034556,Low
27.6279,-82.6415,2016,7,Atlantic Ocean,Van Dorn sampler,0.0,Low
18.768,-111.0237,2016,4,Pacific Ocean,Grab sample,0.0,Low
17.89,-74.32,1998,12,Atlantic Ocean,Neuston net,0.0,Low
9.2915,-82.0875,2016,5,Atlantic Ocean,Grab sample,0.0,Low
11.24,-67.11,2004,12,Atlantic Ocean,Neuston net,0.0,Low
18.42,-64.32,1997,12,Atlantic Ocean,Neuston net,0.0,Low
16.64,-64.27,1998,12,Atlantic Ocean,Neuston net,0.0,Low
-30.2413,-97.0948,2011,4,Pacific Ocean,Neuston net,0.390376,High
-30.8255,-47.751,2018,4,Atlantic Ocean,Intake seawater pump,95.0,High
-27.1,9.8,2014,4,Atlantic Ocean,Grab sample,0.058,Low
-7.92,-124.85,2001,12,Pacific Ocean,Neuston net,0.001448,Low
2.19,-135.73,2011,7,Pacific Ocean,Neuston net,0.0,Low
24.21,-149.32,2003,11,Pacific Ocean,Neuston net,0.045356,Low
33.1,-156.49,2008,2,Pacific Ocean,Neuston net,0.0,Low
40.38,-157.49,2012,4,Pacific Ocean,Neuston net,0.053996,Low
37.7,26.4,2015,6,Atlantic Ocean,Manta net,0.576667,High
56.923833,-2.135167,2017,1,Atlantic Ocean,Neuston net,0.0,Low
56.555833,-5.939833,2022,1,Atlantic Ocean,Neuston net,0.0,Low
17.55,-158.31,2006,2,Pacific Ocean,Neuston net,0.011996,Low
19.95,-156.16,2005,3,Pacific Ocean,Neuston net,0.0,Low
20.6,-154.81,2009,12,Pacific Ocean,Neuston net,0.0,Low
47.2109,-122.9087,2014,12,Pacific Ocean,Grab sample,0.002,Low
43.52,-63.52,1994,7,Atlantic Ocean,Neuston net,0.00648,Low
42.45,-70.4,2004,9,Atlantic Ocean,Neuston net,0.026748,Low
43.065,5.77,2011,9,Atlantic Ocean,Manta net,0.347221,High
43.153033,6.52905,2019,6,Atlantic Ocean,Manta net,0.033896,Low
40.75,-70.59,1997,8,Atlantic Ocean,Neuston net,0.0243,Low
40.25,-70.55,1995,6,Atlantic Ocean,Neuston net,0.025916,Low
40.98,-65.82,1996,5,Atlantic Ocean,Neuston net,0.0036,Low
40.307167,19.338667,2013,5,Atlantic Ocean,Neuston net,1.094276,High
38.069,5.969,2013,6,Atlantic Ocean,Neuston net,5.261137,High
41.575135,2.553135,2021,4,Atlantic Ocean,Manta net,0.930667,High
32.86,-64.49,2007,4,Atlantic Ocean,Neuston net,0.004704,Low
35.18,-65.78,1992,5,Atlantic Ocean,Neuston net,0.00432,Low
34.78,-64.32,2002,5,Atlantic Ocean,Neuston net,2.170628,High
26.5,-72.53,1993,5,Atlantic Ocean,Neuston net,0.115268,High
22.89,-38.7475,2014,12,Atlantic Ocean,Grab sample,0.01,Low
34.0574,-141.3811,2009,8,Pacific Ocean,Manta net,0.96,High
37.7882,-122.4913,2016,3,Pacific Ocean,Grab sample,0.003,Low
24.17,-74.63,1993,5,Atlantic Ocean,Neuston net,0.0054,Low
20.77,-58.64,2008,11,Atlantic Ocean,Neuston net,0.0,Low
21.1293,-63.8333,2010,1,Atlantic Ocean,Neuston net,0.152483,High
21.44,-74.2,2003,2,Atlantic Ocean,Neuston net,0.01296,Low
23.92,-74.23,1993,2,Atlantic Ocean,Neuston net,0.00216,Low
24.62,-72.03,1990,4,Atlantic Ocean,Neuston net,0.0,Low
25.23,-80.05,2000,2,Atlantic Ocean,Neuston net,0.00432,Low
27.61,-82.7832,2017,4,Atlantic Ocean,Plankton net,2.0,High
26.26,-75.62,1999,4,Atlantic Ocean,Neuston net,0.206384,High
25.77,-77.3,1998,2,Atlantic Ocean,Neuston net,0.030864,Low
26.42,-79.03,2002,4,Atlantic Ocean,Neuston net,0.0,Low
26.7,-79.68,1996,5,Atlantic Ocean,Neuston net,0.0,Low
27.8096,-82.446,2016,8,Atlantic Ocean,Van Dorn sampler,1000.0,High
28.0106,-82.6078,2016,6,Atlantic Ocean,Van Dorn sampler,2000.0,High
15.53,-68.83,2002,12,Atlantic Ocean,Neuston net,0.0,Low
15.0233,-56.8167,2014,12,Atlantic Ocean,Grab sample,0.001,Low
10.760339,-61.441728,2016,2,Atlantic Ocean,Hand picking,0.888889,High
28.41,-140.21,2003,10,Pacific Ocean,Neuston net,0.0,Low
30.5515,-140.5807,2015,8,Pacific Ocean,Manta net,4.795062,High
29.29,-78.68,2002,5,Atlantic Ocean,Neuston net,0.0,Low
8.4919,-13.2919,2014,5,Atlantic Ocean,Grab sample,0.001,Low
16.88,-77.5,1989,12,Atlantic Ocean,Neuston net,0.0,Low
11.76,-64.91,2000,12,Atlantic Ocean,Neuston net,0.0,Low
12.17,-68.38,1991,12,Atlantic Ocean,Neuston net,0.0,Low
15.1,-73.75,1991,12,Atlantic Ocean,Neuston net,0.0,Low
15.38,-72.43,2000,12,Atlantic Ocean,Neuston net,0.0,Low
19.62,-146.5,2010,10,Pacific Ocean,Neuston net,0.00216,Low
19.51,-144.23,2011,3,Pacific Ocean,Neuston net,0.0,Low
19.24,-143.41,2008,10,Pacific Ocean,Neuston net,0.0,Low
11.18,-120.25,2002,12,Pacific Ocean,Neuston net,0.0,Low
19.02,-75.31,2005,3,Atlantic Ocean,Neuston net,0.0,Low
16.75,-81.12,1997,12,Atlantic Ocean,Neuston net,0.0,Low
33.1,-149.63,2009,4,Pacific Ocean,Neuston net,0.00216,Low
36.25325,-156.18705,2015,8,Pacific Ocean,Manta net,6.203604,High
32.903333,35.071,2013,10,Atlantic Ocean,Manta net,0.622654,High
32.584,34.9055,2015,5,Atlantic Ocean,Manta net,0.566621,High
55.881667,-5.065667,2014,11,Atlantic Ocean,Neuston net,0.009555,Low
7.43,-149.9,2012,4,Pacific Ocean,Neuston net,0.00648,Low
14.12,-157.12,2005,3,Pacific Ocean,Neuston net,0.0,Low
20.14,-148.94,2005,7,Pacific Ocean,Neuston net,0.0,Low
33.09,-156.27,2011,12,Pacific Ocean,Neuston net,0.00266,Low
32.76,-150.21,2006,12,Pacific Ocean,Neuston net,0.0,Low
44.03,-59.03,2005,5,Atlantic Ocean,Neuston net,0.592752,High
50.3228,-5.2119,2016,10,Atlantic Ocean,Grab sample,0.0,Low
60.0302,-148.039,2015,12,Pacific Ocean,Grab sample,0.008,Low
56.651167,-2.386667,2020,1,Atlantic Ocean,Neuston net,0.013892,Low
40.05,-70.77,1994,7,Atlantic Ocean,Neuston net,0.043196,Low
39.44,-66.63,2006,10,Atlantic Ocean,Neuston net,0.00216,Low
36.299,-6.3806,2014,11,Atlantic Ocean,Manta net,0.029698,Low
36.728415,2.795861,2018,4,Atlantic Ocean,Manta net,1.441786,High
41.263153,1.963507,2021,1,Atlantic Ocean,Manta net,0.942667,High
45.776167,-129.313167,2019,11,Pacific Ocean,Manta net,0.337307,High
38.6878,-142.0264,2007,9,Pacific Ocean,Neuston net,0.243184,High
34.4929,-133.71795,2015,8,Pacific Ocean,Manta net,0.66966,High
38.3314,-76.4596,2013,11,Atlantic Ocean,Grab sample,0.003,Low
40.7,-70.12,1992,8,Atlantic Ocean,Neuston net,0.00648,Low
26.35,-68.22,1991,4,Atlantic Ocean,Neuston net,0.027776,Low
26.76,-67.36,1999,2,Atlantic Ocean,Neuston net,0.032396,Low
28.68,-65.05,1999,5,Atlantic Ocean,Neuston net,0.043196,Low
21.8869,-29.5553,2014,11,Atlantic Ocean,Grab sample,0.007,Low
32.37,-146.51,2004,8,Pacific Ocean,Neuston net,0.0,Low
35.99,-139.83,2019,8,Pacific Ocean,Manta net,7.831613,High
31.0,-61.77,1996,10,Atlantic Ocean,Neuston net,0.01512,Low
25.72,-58.75,1997,10,Atlantic Ocean,Neuston net,0.051836,Low
22.9,-59.27,1989,10,Atlantic Ocean,Neuston net,0.011628,Low
24.27,-59.93,1995,11,Atlantic Ocean,Neuston net,0.0,Low
20.79,-73.86,2006,4,Atlantic Ocean,Neuston net,0.01728,Low
24.59,-143.47,2004,2,Pacific Ocean,Neuston net,0.0,Low
25.69,-141.14,2011,2,Pacific Ocean,Neuston net,0.0,Low
28.54,-140.09,2006,12,Pacific Ocean,Neuston net,0.0,Low
30.5812,-145.0612,2018,11,Pacific Ocean,Manta net,17.133118,High
16.41,-65.4,2000,12,Atlantic Ocean,Neuston net,0.0,Low
15.09,-58.3,2007,10,Atlantic Ocean,Neuston net,0.00806,Low
14.03,-61.08,1993,11,Atlantic Ocean,Neuston net,0.00648,Low
12.67,-61.53,1992,12,Atlantic Ocean,Neuston net,0.0,Low
19.0386,-22.7221,2014,11,Atlantic Ocean,Grab sample,0.029,Low
21.42,-142.07,2012,10,Pacific Ocean,Neuston net,0.176404,High
16.68,-84.93,1998,4,Atlantic Ocean,Neuston net,0.0,Low
16.7005,-87.8818,2015,3,Atlantic Ocean,Grab sample,0.001,Low
11.98,-64.05,2003,12,Atlantic Ocean,Neuston net,0.0,Low
16.78,-72.77,1997,12,Atlantic Ocean,Neuston net,0.00216,Low
19.54,-73.88,1987,2,Atlantic Ocean,Neuston net,0.0144,Low
18.2642,-64.4505,2016,1,Atlantic Ocean,Grab sample,0.006,Low
-27.01542,-83.55402,2015,10,Pacific Ocean,Neuston net,0.0,Low
-4.02,-141.39,2002,3,Pacific Ocean,Neuston net,0.0,Low
19.43,-145.47,2007,11,Pacific Ocean,Neuston net,0.00432,Low
19.8,-143.03,2012,2,Pacific Ocean,Neuston net,0.0,Low
19.82,-74.67,2001,2,Atlantic Ocean,Neuston net,0.00216,Low
17.94803,-76.82367,2017,12,Atlantic Ocean,Manta net,0.52,High
20.61,-155.0,2008,11,Pacific Ocean,Neuston net,0.0,Low
32.5517,-159.9608,2009,9,Pacific Ocean,Neuston net,0.977401,High
33.35,-150.87,2010,8,Pacific Ocean,Neuston net,0.0,Low
40.58,-157.79,2010,7,Pacific Ocean,Neuston net,0.043748,Low
39.9,-157.2,2009,4,Pacific Ocean,Neuston net,0.0,Low
6.06,-161.56,2002,4,Pacific Ocean,Neuston net,0.0,Low
42.83,-70.46,2008,7,Atlantic Ocean,Neuston net,0.003084,Low
57.3386,9.5893,2018,6,Atlantic Ocean,Intake seawater pump,32.0,High
17.55,-158.31,2007,3,Pacific Ocean,Neuston net,0.011996,Low
18.46,-157.58,2003,12,Pacific Ocean,Neuston net,0.0,Low
19.24,-156.55,2007,11,Pacific Ocean,Neuston net,0.0,Low
42.1665,18.533167,2013,5,Atlantic Ocean,Neuston net,3.515625,High
41.66,3.051667,2017,8,Atlantic Ocean,Manta net,1.007811,High
46.2293,-124.0234,2015,1,Pacific Ocean,Grab sample,0.002,Low
48.185,-52.84,2016,6,Atlantic Ocean,Manta net,0.081288,High
40.86,-70.79,1999,10,Atlantic Ocean,Neuston net,0.00216,Low
42.05,-67.63,1996,7,Atlantic Ocean,Neuston net,0.022624,Low
38.7,-67.34,2001,6,Atlantic Ocean,Neuston net,0.0,Low
38.48294,-8.94286,2019,2,Atlantic Ocean,Neuston net,2.06111,High
36.696833,-3.862167,2020,7,Atlantic Ocean,Manta net,0.0,Low
33.444833,-143.083,2019,12,Pacific Ocean,Manta net,3.41776,High
31.904,-137.2726,2010,10,Pacific Ocean,Manta net,0.479,High
35.017,-137.0,1972,11,Pacific Ocean,Neuston net,0.0,Low
36.38,-66.11,1996,10,Atlantic Ocean,Neuston net,0.118792,High
20.37,-71.3,1992,2,Atlantic Ocean,Neuston net,0.014388,Low
24.9,-74.02,1995,5,Atlantic Ocean,Neuston net,0.028076,Low
24.37,-31.7817,2014,11,Atlantic Ocean,Grab sample,0.011,Low
25.6064,-23.6696,2014,11,Atlantic Ocean,Grab sample,0.004,Low
24.51,-84.31,2008,1,Atlantic Ocean,Neuston net,0.0,Low
24.37,-81.67,2007,2,Atlantic Ocean,Neuston net,0.0,Low
30.43,-60.55,1993,10,Atlantic Ocean,Neuston net,0.061208,Low
26.44,-58.02,1999,11,Atlantic Ocean,Neuston net,0.091476,High
21.82,-58.78,1992,10,Atlantic Ocean,Neuston net,0.0096,Low
27.9687,-82.5621,2016,11,Atlantic Ocean,Van Dorn sampler,0.0,Low
28.04,-140.48,2005,11,Pacific Ocean,Neuston net,0.0,Low
30.27,-76.76,2003,5,Atlantic Ocean,Neuston net,0.01944,Low
25.92,-77.53,1992,4,Atlantic Ocean,Neuston net,0.00432,Low
27.48,-77.71,2001,2,Atlantic Ocean,Neuston net,0.015916,Low
14.2,-60.58,1999,11,Atlantic Ocean,Neuston net,0.0,Low
13.88,-61.71,2004,11,Atlantic Ocean,Neuston net,0.0,Low
12.0,-61.48,1994,11,Atlantic Ocean,Neuston net,0.0,Low
12.13,-61.78,1986,11,Atlantic Ocean,Neuston net,0.0,Low
18.3871,-24.08,2014,11,Atlantic Ocean,Grab sample,0.003,Low
26.14,-143.12,2011,10,Pacific Ocean,Neuston net,0.0,Low
16.81,-81.25,2003,3,Atlantic Ocean,Neuston net,0.00432,Low
16.08,-62.2,1989,12,Atlantic Ocean,Neuston net,0.0108,Low
16.72,-63.6,1997,12,Atlantic Ocean,Neuston net,0.0,Low
15.9803,-61.7175,2014,2,Atlantic Ocean,Grab sample,0.0,Low
17.35,-60.75,1997,11,Atlantic Ocean,Neuston net,0.0144,Low
14.0907,-52.5901,2014,12,Atlantic Ocean,Grab sample,0.001,Low
5.79,-147.72,2012,11,Pacific Ocean,Neuston net,0.020772,Low
0.2891,-90.5589,2015,2,Pacific Ocean,Grab sample,0.003,Low
19.8,-143.03,2011,10,Pacific Ocean,Neuston net,0.0,Low
12.51,-128.9,2012,11,Pacific Ocean,Neuston net,0.0,Low
16.34,-76.54,2008,12,Atlantic Ocean,Neuston net,0.0,Low
10.38,-65.27,1995,12,Atlantic Ocean,Neuston net,0.0,Low
32.584,34.9055,2014,4,Atlantic Ocean,Manta net,17.938767,High
15.94,-162.49,2004,4,Pacific Ocean,Neuston net,0.0,Low
57.328333,-14.151333,2019,9,Atlantic Ocean,Neuston net,0.017606,Low
88.6113,-121.77868,2016,8,Arctic Ocean,CTD rosette sampler,21.0,High
18.46,-157.58,2004,4,Pacific Ocean,Neuston net,0.00432,Low
20.35,-154.67,2007,3,Pacific Ocean,Neuston net,0.0,Low
33.38,-156.38,2010,12,Pacific Ocean,Neuston net,0.0,Low
36.0311,-150.3133,2015,8,Pacific Ocean,Manta net,1.707602,High
43.26,-66.17,1992,5,Atlantic Ocean,Neuston net,0.00432,Low
43.42,-68.29,2001,8,Atlantic Ocean,Neuston net,0.0,Low
43.4,-68.32,1994,9,Atlantic Ocean,Neuston net,0.00216,Low
42.74,-70.3,2006,7,Atlantic Ocean,Neuston net,0.0,Low
43.2469,5.3522,2018,10,Atlantic Ocean,Manta net,0.100775,High
43.2528,5.3552,2019,6,Atlantic Ocean,Manta net,0.101626,High
36.874333,-7.976333,2018,6,Atlantic Ocean,Manta net,0.061327,Low
34.639333,-9.0965,2014,7,Atlantic Ocean,Manta net,0.214815,High
34.450167,-19.984333,2014,7,Atlantic Ocean,Manta net,0.346855,High
38.806333,9.479833,2021,9,Atlantic Ocean,Manta net,0.279242,High
47.7292,-122.5516,2014,12,Pacific Ocean,Grab sample,0.007,Low
48.7339,-123.1875,2015,10,Pacific Ocean,Grab sample,0.008,Low
39.61,-69.11,2002,6,Atlantic Ocean,Neuston net,0.051836,Low
41.75,-64.24,2002,5,Atlantic Ocean,Neuston net,0.0,Low
37.43,-65.38,1992,10,Atlantic Ocean,Neuston net,0.0,Low
37.3,-65.39,2003,10,Atlantic Ocean,Neuston net,0.0,Low
32.53,-60.62,1992,10,Atlantic Ocean,Neuston net,0.01512,Low
31.3922,-40.0811,2013,6,Atlantic Ocean,Neuston net,1.031906,High
34.85,-65.3,1995,10,Atlantic Ocean,Neuston net,0.060476,Low
36.08,-67.67,1987,5,Atlantic Ocean,Neuston net,0.025916,Low
41.77,-69.75,1993,6,Atlantic Ocean,Neuston net,0.0,Low
39.58,-69.65,1995,10,Atlantic Ocean,Neuston net,0.00216,Low
32.84,-147.81,2005,11,Pacific Ocean,Neuston net,0.0,Low
31.72,-144.77,2008,3,Pacific Ocean,Neuston net,0.0,Low
35.2701,-139.7401,2009,8,Pacific Ocean,Manta net,24.889,High
36.083,-140.7946,2008,2,Pacific Ocean,Neuston net,5.631634,High
27.3,-59.07,2005,4,Atlantic Ocean,Neuston net,0.02376,Low
22.05,-58.63,1991,10,Atlantic Ocean,Neuston net,0.0,Low
24.8,-57.9,1991,10,Atlantic Ocean,Neuston net,0.01944,Low
21.38,-68.05,1998,2,Atlantic Ocean,Neuston net,0.00432,Low
26.3333,-37.7217,2013,6,Atlantic Ocean,Neuston net,0.354302,High
23.7836,-22.7002,2014,11,Atlantic Ocean,Grab sample,0.06,Low
30.77,-61.33,2005,4,Atlantic Ocean,Neuston net,0.370372,High
28.04,-140.48,2005,5,Pacific Ocean,Neuston net,0.0,Low
27.8524,-82.4093,2017,4,Atlantic Ocean,Van Dorn sampler,1000.0,High
11.54,-67.44,1998,12,Atlantic Ocean,Neuston net,0.0,Low
17.65,-62.55,2000,5,Atlantic Ocean,Neuston net,0.00216,Low
15.22,-64.37,1991,11,Atlantic Ocean,Neuston net,0.0,Low
13.13,-60.16,1996,11,Atlantic Ocean,Neuston net,0.0,Low
27.03455,-130.82,2015,9,Pacific Ocean,Manta net,0.364115,High
26.14,-143.12,2012,2,Pacific Ocean,Neuston net,0.0,Low
5.79,-147.72,2012,9,Pacific Ocean,Neuston net,0.0,Low
19.24,-143.41,2009,2,Pacific Ocean,Neuston net,0.0,Low
19.04,-74.55,2008,4,Atlantic Ocean,Neuston net,0.007956,Low
17.83,-78.28,1996,4,Atlantic Ocean,Neuston net,0.00648,Low
33.1,-149.63,2008,12,Pacific Ocean,Neuston net,0.00216,Low
15.94,-162.49,2004,12,Pacific Ocean,Neuston net,0.0,Low
55.754833,-4.8885,2018,11,Atlantic Ocean,Neuston net,0.0,Low
55.586833,-4.763833,2018,11,Atlantic Ocean,Neuston net,0.02579,Low
69.550333,18.674167,2019,8,Arctic Ocean,Manta net,0.01513,Low
86.9868,-135.84,2016,8,Arctic Ocean,Intake seawater pump,1.5,High
22.9769,-153.4881,2019,1,Pacific Ocean,Manta net,1.015313,High
33.38,-156.38,2011,4,Pacific Ocean,Neuston net,0.0,Low
46.9092,-124.1755,2016,9,Pacific Ocean,Grab sample,0.0,Low
46.37,-124.24,2002,8,Pacific Ocean,Neuston net,0.00216,Low
43.19,-69.91,2005,9,Atlantic Ocean,Neuston net,0.00216,Low
42.9736,9.992533,2018,6,Atlantic Ocean,Manta net,0.192163,High
53.974833,-41.6575,2021,6,Atlantic Ocean,Manta net,0.030401,Low
40.93,-71.03,1998,10,Atlantic Ocean,Neuston net,0.0,Low
40.35,-70.39,1998,10,Atlantic Ocean,Neuston net,0.0,Low
38.26,-65.32,1999,5,Atlantic Ocean,Neuston net,0.00432,Low
34.844,21.4365,2014,8,Atlantic Ocean,Manta net,0.216012,High
35.7511,15.8737,2014,8,Atlantic Ocean,Manta net,0.475341,High
31.38,-66.4,1997,4,Atlantic Ocean,Neuston net,0.043196,Low
33.25,-64.86,1989,6,Atlantic Ocean,Neuston net,0.369332,High
36.35,-66.4,1998,10,Atlantic Ocean,Neuston net,0.00864,Low
40.33,-68.47,2005,9,Atlantic Ocean,Neuston net,0.001348,Low
31.72,-144.77,2007,7,Pacific Ocean,Neuston net,0.0,Low
33.65155,-132.9671,2015,9,Pacific Ocean,Manta net,0.493343,High
31.6,-128.783,1973,2,Pacific Ocean,Neuston net,0.01,Low
24.43,-79.75,1996,5,Atlantic Ocean,Neuston net,0.00648,Low
24.13,-76.12,1992,4,Atlantic Ocean,Neuston net,0.00864,Low
29.93,-61.81,2001,4,Atlantic Ocean,Neuston net,0.034556,Low
20.24,-68.52,2008,4,Atlantic Ocean,Neuston net,0.0,Low
26.39,-72.55,1992,5,Atlantic Ocean,Neuston net,0.00432,Low
30.367,-145.1,1973,2,Pacific Ocean,Neuston net,0.002,Low
31.09,-74.71,2001,4,Atlantic Ocean,Neuston net,0.0,Low
28.07,-78.73,2001,4,Atlantic Ocean,Neuston net,0.0,Low
12.18,-61.82,1994,12,Atlantic Ocean,Neuston net,0.00216,Low
15.5802,-35.6167,2014,11,Atlantic Ocean,Grab sample,0.005,Low
15.98,-45.2,2014,11,Atlantic Ocean,Grab sample,0.005,Low
22.11,-141.71,2010,10,Pacific Ocean,Neuston net,0.0,Low
29.987158,-138.2435,2015,8,Pacific Ocean,Manta net,6.679233,High
30.003118,-136.662,2015,8,Pacific Ocean,Manta net,3.956987,High
17.15,-73.37,1994,12,Atlantic Ocean,Neuston net,0.01728,Low
19.02,-68.55,1992,12,Atlantic Ocean,Neuston net,0.00648,Low
16.67,-62.58,2001,11,Atlantic Ocean,Neuston net,0.028796,Low
14.3441,-58.6255,2014,12,Atlantic Ocean,Grab sample,0.014,Low
14.4934,-59.5731,2014,12,Atlantic Ocean,Grab sample,0.024,Low
14.43,-61.15,1999,11,Atlantic Ocean,Neuston net,0.028796,Low
-13.9155,-38.9899,2015,7,Atlantic Ocean,Grab sample,0.0,Low
-10.933,-34.9287,2015,4,Atlantic Ocean,Grab sample,0.005,Low
2.19,-135.73,2011,12,Pacific Ocean,Neuston net,0.0,Low
1.0,-82.0,2017,10,Pacific Ocean,Plankton net,0.65,High
5.62,-86.96,2001,11,Pacific Ocean,Neuston net,0.0,Low
16.83,-116.12,2002,12,Pacific Ocean,Neuston net,0.0,Low
31.8705,34.6625,2013,8,Atlantic Ocean,Manta net,1.536936,High
61.1444,-165.3639,2016,8,Pacific Ocean,Grab sample,0.003,Low
17.55,-158.31,2005,8,Pacific Ocean,Neuston net,0.011996,Low
19.95,-156.16,2005,8,Pacific Ocean,Neuston net,0.0,Low
20.35,-154.67,2008,5,Pacific Ocean,Neuston net,0.0,Low
33.38,-156.38,2009,8,Pacific Ocean,Neuston net,0.0,Low
31.75,-153.14165,2015,8,Pacific Ocean,Manta net,0.285813,High
40.38,-157.49,2011,12,Pacific Ocean,Neuston net,0.44862,High
43.1132,5.9279,2013,7,Atlantic Ocean,Manta net,1.95013,High
42.6938,8.5717,2010,7,Atlantic Ocean,Neuston net,0.295975,High
56.6035,-2.036333,2019,1,Atlantic Ocean,Neuston net,0.008704,Low
57.713333,-3.900333,2014,1,Atlantic Ocean,Neuston net,0.0,Low
54.153667,13.565167,2020,10,Atlantic Ocean,Manta net,0.014362,Low
47.567667,-141.577333,2019,2,Pacific Ocean,Neuston net,0.0,Low
46.3,-52.95,1992,8,Atlantic Ocean,Neuston net,0.0,Low
43.67,-67.97,2002,9,Atlantic Ocean,Neuston net,0.0,Low
31.58,-66.31,2000,6,Atlantic Ocean,Neuston net,0.073436,Low
34.94,-58.23,2006,10,Atlantic Ocean,Neuston net,0.00216,Low
33.38,-59.72,1993,10,Atlantic Ocean,Neuston net,0.01512,Low
36.728415,2.795861,2018,6,Atlantic Ocean,Manta net,0.16852,High
41.379079,2.194423,2021,2,Atlantic Ocean,Manta net,1.065333,High
31.72,-144.77,2006,12,Pacific Ocean,Neuston net,0.0,Low
32.039,-137.9334,2009,8,Pacific Ocean,Manta net,2.311,High
32.03,-68.92,2000,4,Atlantic Ocean,Neuston net,0.0081,Low
24.6,-70.28,1991,5,Atlantic Ocean,Neuston net,0.024,Low
28.08,-72.03,1994,5,Atlantic Ocean,Neuston net,0.117224,High
28.0,-71.13,1995,5,Atlantic Ocean,Neuston net,0.032396,Low
30.48,-64.89,2001,5,Atlantic Ocean,Neuston net,0.043196,Low
30.470241,-14.533441,2015,11,Atlantic Ocean,Intake seawater pump,2.0,High
32.5205,-147.2988,2007,9,Pacific Ocean,Neuston net,0.936173,High
24.29,-81.25,1999,3,Atlantic Ocean,Neuston net,0.003928,Low
24.77,-80.2,1999,2,Atlantic Ocean,Neuston net,0.0108,Low
25.35,-141.11,2012,10,Pacific Ocean,Neuston net,6.68962,High
22.11,-141.71,2011,3,Pacific Ocean,Neuston net,0.0,Low
22.9963,-146.9778,2014,8,Pacific Ocean,Grab sample,0.013,Low
28.72,-140.03,2004,8,Pacific Ocean,Neuston net,0.0,Low
27.8261,-82.5675,2016,10,Atlantic Ocean,Van Dorn sampler,1000.0,High
16.8,-64.2,1992,12,Atlantic Ocean,Neuston net,0.0,Low
16.55,-58.67,1997,11,Atlantic Ocean,Neuston net,0.00864,Low
12.67,-61.5,2003,12,Atlantic Ocean,Neuston net,0.0,Low
11.85,-57.85,2007,11,Atlantic Ocean,Neuston net,0.0,Low
17.0813,-28.1118,2014,12,Atlantic Ocean,Grab sample,0.006,Low
29.18025,-132.9814,2015,9,Pacific Ocean,Manta net,1.692349,High
18.1,-78.53,1996,12,Atlantic Ocean,Neuston net,0.0,Low
16.62,-75.3,1997,12,Atlantic Ocean,Neuston net,0.0,Low
11.45,-64.6,1991,12,Atlantic Ocean,Neuston net,0.00432,Low
12.39,-63.05,1987,12,Atlantic Ocean,Neuston net,0.00432,Low
19.28,-69.09,2005,3,Atlantic Ocean,Neuston net,0.0,Low
-26.3881,-39.9167,2010,11,Atlantic Ocean,Neuston net,0.068135,Low
19.62,-146.5,2009,3,Pacific Ocean,Neuston net,0.00216,Low
18.8,-74.97,1993,2,Atlantic Ocean,Neuston net,0.0,Low
19.26,-78.73,2002,3,Atlantic Ocean,Neuston net,0.038876,Low
17.46,-77.06,2001,2,Atlantic Ocean,Neuston net,0.00648,Low
10.61,-165.95,2002,4,Pacific Ocean,Neuston net,0.001964,Low
15.94,-162.49,2003,12,Pacific Ocean,Neuston net,0.0,Low
54.6165,-4.934167,2021,9,Atlantic Ocean,Neuston net,0.0,Low
20.35,-154.67,2007,11,Pacific Ocean,Neuston net,0.0,Low
31.151,-160.1013,2009,9,Pacific Ocean,Neuston net,8.714907,High
33.38,-156.38,2010,7,Pacific Ocean,Neuston net,0.0,Low
33.47,-151.63,2008,12,Pacific Ocean,Neuston net,0.00864,Low
-45.0875,-52.9857,2018,3,Atlantic Ocean,Intake seawater pump,19.0,High
40.533333,6.146667,2012,8,Atlantic Ocean,Manta net,1.597341,High
45.09,-59.8,1989,7,Atlantic Ocean,Neuston net,0.004408,Low
42.61,-69.78,2008,7,Atlantic Ocean,Neuston net,0.0,Low
42.6265,9.8107,2014,6,Atlantic Ocean,Manta net,0.764027,High
57.9035,-6.037,2018,1,Atlantic Ocean,Neuston net,0.030139,Low
31.42,-77.94,2004,5,Atlantic Ocean,Neuston net,0.0072,Low
39.45,-70.12,1998,6,Atlantic Ocean,Neuston net,0.0,Low
37.565,-0.648333,2017,8,Atlantic Ocean,Manta net,0.120163,High
37.07,-24.216667,2019,7,Atlantic Ocean,Manta net,0.246754,High
31.72,-144.77,2006,5,Pacific Ocean,Neuston net,0.0,Low
33.906033,-140.5,2019,12,Pacific Ocean,Manta net,4.256088,High
22.28,-58.0,1993,10,Atlantic Ocean,Neuston net,0.099352,High
21.23,-73.83,2000,2,Atlantic Ocean,Neuston net,0.00216,Low
26.5,-73.13,1997,5,Atlantic Ocean,Neuston net,0.043196,Low
27.53,-66.78,1998,4,Atlantic Ocean,Neuston net,0.251948,High
30.47,-71.22,2003,5,Atlantic Ocean,Neuston net,0.072896,Low
32.01861,-143.64,2015,8,Pacific Ocean,Manta net,3.903438,High
24.94,-85.12,2007,2,Atlantic Ocean,Neuston net,0.0,Low
23.83,-81.97,1996,5,Atlantic Ocean,Neuston net,0.0,Low
23.88,-82.65,2001,1,Atlantic Ocean,Neuston net,0.0216,Low
28.18,-59.32,1999,11,Atlantic Ocean,Neuston net,0.02376,Low
25.97,-57.67,1996,10,Atlantic Ocean,Neuston net,0.312224,High
28.72,-140.03,2005,1,Pacific Ocean,Neuston net,0.0,Low
30.0181,-139.15245,2015,8,Pacific Ocean,Manta net,5.194461,High
25.9,-77.58,1995,5,Atlantic Ocean,Neuston net,0.0,Low
25.87,-79.97,1991,4,Atlantic Ocean,Neuston net,0.0,Low
27.9899,-82.6316,2016,10,Atlantic Ocean,Van Dorn sampler,0.0,Low
16.4333,-37.8333,2014,11,Atlantic Ocean,Grab sample,0.005,Low
15.1563,-41.091,2014,12,Atlantic Ocean,Grab sample,0.001,Low
15.3523,-44.7813,2014,12,Atlantic Ocean,Grab sample,0.055,Low
25.35,-141.11,2012,6,Pacific Ocean,Neuston net,0.004584,Low
22.11,-141.71,2011,6,Pacific Ocean,Neuston net,0.0,Low
28.3507,-144.203,2010,10,Pacific Ocean,Manta net,0.051,Low
17.7495,-87.025,2014,2,Atlantic Ocean,Grab sample,0.0,Low
14.18,-81.58,1992,3,Atlantic Ocean,Neuston net,0.0,Low
18.3642,-64.7255,2016,5,Atlantic Ocean,Grab sample,0.0,Low
16.67,-58.75,1994,11,Atlantic Ocean,Neuston net,0.00648,Low
18.73,-58.33,2005,10,Atlantic Ocean,Neuston net,0.007632,Low
15.2667,-50.6,2014,11,Atlantic Ocean,Grab sample,0.003,Low
-24.6527,-124.7923,2011,4,Pacific Ocean,Neuston net,0.313656,High
-25.3823,-9.2272,2011,1,Atlantic Ocean,Neuston net,0.876022,High
19.51,-144.23,2004,11,Pacific Ocean,Neuston net,0.0,Low
18.97,-143.47,2007,3,Pacific Ocean,Neuston net,0.0108,Low
10.3211,-109.2291,2016,3,Pacific Ocean,Grab sample,0.001,Low
17.58,-79.45,1994,2,Atlantic Ocean,Neuston net,0.00864,Low
-36.02685,23.358483,2017,5,Indian Ocean,Neuston net,0.009596,Low
-17.4895,-149.525167,2016,8,Pacific Ocean,Manta net,0.089927,High
14.12,-157.12,2011,7,Pacific Ocean,Neuston net,0.0,Low
12.95,-156.94,2009,3,Pacific Ocean,Neuston net,0.0216,Low
20.57,-155.54,2002,3,Pacific Ocean,Neuston net,0.00216,Low
28.37305,-150.0215,2015,8,Pacific Ocean,Manta net,1.21843,High
43.96,-66.94,1999,7,Atlantic Ocean,Neuston net,0.006824,Low
43.82,-69.5,1992,5,Atlantic Ocean,Neuston net,0.00432,Low
44.2168,-68.5669,2014,10,Atlantic Ocean,Grab sample,0.008,Low
56.124667,-2.7735,2021,12,Atlantic Ocean,Neuston net,0.007106,Low
60.517167,0.257667,2014,1,Atlantic Ocean,Neuston net,0.029608,Low
37.7,24.3,2015,6,Atlantic Ocean,Manta net,0.166667,High
39.055333,8.322167,2021,9,Atlantic Ocean,Manta net,2.36587,High
41.248833,9.297717,2018,5,Atlantic Ocean,Manta net,0.050638,Low
44.067633,-129.0198,2019,12,Pacific Ocean,Manta net,0.044293,Low
41.5633,-71.2367,2015,10,Atlantic Ocean,Grab sample,0.004,Low
41.16,-70.98,1997,7,Atlantic Ocean,Neuston net,0.00216,Low
41.45,-70.73,1998,8,Atlantic Ocean,Neuston net,0.0,Low
42.13,-69.24,2002,7,Atlantic Ocean,Neuston net,0.0,Low
40.57,-69.93,1996,8,Atlantic Ocean,Neuston net,0.029688,Low
32.37,-146.51,2012,5,Pacific Ocean,Neuston net,0.006272,Low
31.54,-143.82,2010,10,Pacific Ocean,Neuston net,0.0,Low
33.82427,-138.277,2015,8,Pacific Ocean,Manta net,11.354408,High
31.18,-56.85,1991,10,Atlantic Ocean,Neuston net,0.08774,High
21.37,-58.67,1991,10,Atlantic Ocean,Neuston net,0.045356,Low
20.27,-64.99,2007,5,Atlantic Ocean,Neuston net,0.01728,Low
24.43,-72.43,1993,2,Atlantic Ocean,Neuston net,0.01296,Low
31.04,-69.34,1999,4,Atlantic Ocean,Neuston net,0.01512,Low
27.4098,-37.3969,2013,6,Atlantic Ocean,Neuston net,0.128435,High
25.5377,-76.7583,2015,2,Atlantic Ocean,Grab sample,0.008,Low
21.78,-74.53,1995,2,Atlantic Ocean,Neuston net,0.0,Low
27.1,-77.35,2004,2,Atlantic Ocean,Neuston net,0.043196,Low
26.0,-79.83,2002,2,Atlantic Ocean,Neuston net,0.0,Low
27.8524,-82.4093,2017,7,Atlantic Ocean,Van Dorn sampler,2000.0,High
30.9999,-135.403,2015,8,Pacific Ocean,Manta net,1.571052,High
26.91925,-130.6392,2015,9,Pacific Ocean,Manta net,0.468736,High
21.15,-142.77,2009,6,Pacific Ocean,Neuston net,0.0,Low
28.72,-140.03,2005,5,Pacific Ocean,Neuston net,0.0,Low
29.98,-140.0,2008,3,Pacific Ocean,Neuston net,0.0,Low
15.12,-70.97,1993,12,Atlantic Ocean,Neuston net,0.0,Low
16.17,-70.49,2004,12,Atlantic Ocean,Neuston net,0.0,Low
17.9,-67.82,1989,12,Atlantic Ocean,Neuston net,0.0,Low
15.88,-62.28,1996,12,Atlantic Ocean,Neuston net,0.00432,Low
14.8,-60.14,1996,11,Atlantic Ocean,Neuston net,0.0,Low
18.5344,-42.8958,2014,12,Atlantic Ocean,Grab sample,0.0,Low
17.95008,-76.83569,2017,11,Atlantic Ocean,Manta net,0.0,Low
16.41,-84.65,2000,12,Atlantic Ocean,Neuston net,0.00216,Low
17.73,-86.53,1991,12,Atlantic Ocean,Neuston net,0.00432,Low
9.3385,-82.2399,2014,1,Atlantic Ocean,Grab sample,0.027,Low
10.65,-64.48,1995,12,Atlantic Ocean,Neuston net,0.0,Low
13.02,-71.22,1999,12,Atlantic Ocean,Neuston net,0.028796,Low
-28.8929,-102.5777,2011,4,Pacific Ocean,Neuston net,1.303493,High
-27.02439,-89.57097,2015,10,Pacific Ocean,Neuston net,0.056245,Low
18.89,-79.21,2003,3,Atlantic Ocean,Neuston net,0.0108,Low
16.85,-81.48,1995,12,Atlantic Ocean,Neuston net,0.0,Low
20.35,-154.67,2008,11,Pacific Ocean,Neuston net,0.0,Low
22.99,-148.78,2012,10,Pacific Ocean,Neuston net,8.715904,High
33.26,-156.98,2011,8,Pacific Ocean,Neuston net,0.0,Low
40.38,-157.49,2005,4,Pacific Ocean,Neuston net,0.44862,High
35.467,25.165,2017,7,Atlantic Ocean,Manta net,0.490476,High
43.0785,5.959667,2016,10,Atlantic Ocean,Manta net,0.292284,High
43.2528,5.3552,2018,10,Atlantic Ocean,Manta net,0.068729,Low
42.80995,6.261583,2017,8,Atlantic Ocean,Manta net,0.03203,Low
54.745167,-3.9095,2021,9,Atlantic Ocean,Neuston net,0.013667,Low
54.619667,-4.575333,2017,1,Atlantic Ocean,Neuston net,0.125773,High
19.66,-157.2,2003,2,Pacific Ocean,Neuston net,0.011248,Low
34.700483,-19.2545,2019,7,Atlantic Ocean,Manta net,0.133708,High
41.7018,10.0377,2014,10,Atlantic Ocean,Manta net,0.896831,High
41.575135,2.553135,2021,1,Atlantic Ocean,Manta net,0.324,High
48.7645,-144.4735,2019,3,Pacific Ocean,Neuston net,0.036032,Low
40.97,-70.45,2005,7,Atlantic Ocean,Neuston net,0.00216,Low
41.5,-70.63,1994,8,Atlantic Ocean,Neuston net,0.0,Low
41.38,-70.88,2001,6,Atlantic Ocean,Neuston net,0.00216,Low
40.43,-69.1,2004,8,Atlantic Ocean,Neuston net,0.00216,Low
38.73,-65.4,1992,5,Atlantic Ocean,Neuston net,0.0,Low
38.1533,-122.8895,2014,2,Pacific Ocean,Grab sample,0.0,Low
37.656,-76.4368,2015,10,Atlantic Ocean,Grab sample,0.008,Low
31.83,-64.87,2002,5,Atlantic Ocean,Neuston net,0.035996,Low
29.0401,-45.484,2013,7,Atlantic Ocean,Neuston net,1.877802,High
31.48,-145.04,2019,7,Pacific Ocean,Manta net,22.4162,High
40.68,-128.9,2008,2,Pacific Ocean,Neuston net,2.611356,High
31.5601,-134.0748,2015,9,Pacific Ocean,Manta net,1.090723,High
22.27,-73.75,1990,4,Atlantic Ocean,Neuston net,0.0,Low
23.35,-73.32,1990,4,Atlantic Ocean,Neuston net,0.00648,Low
24.48,-71.38,1997,2,Atlantic Ocean,Neuston net,0.01296,Low
28.08,-73.64,1993,5,Atlantic Ocean,Neuston net,0.0,Low
27.15,-68.9,1990,5,Atlantic Ocean,Neuston net,0.025916,Low
29.66,-72.98,2007,4,Atlantic Ocean,Neuston net,0.018512,Low
24.79,-84.02,2002,3,Atlantic Ocean,Neuston net,0.00432,Low
24.3576,-62.8129,2010,1,Atlantic Ocean,Neuston net,0.01888,Low
24.33,-65.69,2001,5,Atlantic Ocean,Neuston net,0.179984,High
21.02,-68.55,1999,2,Atlantic Ocean,Neuston net,0.0108,Low
22.75,-72.42,1993,2,Atlantic Ocean,Neuston net,0.0,Low
25.88,-80.02,1992,4,Atlantic Ocean,Neuston net,0.0,Low
27.01,-79.5,1999,2,Atlantic Ocean,Neuston net,0.00864,Low
27.8589,-82.4686,2017,4,Atlantic Ocean,Van Dorn sampler,0.0,Low
20.1235,-27.6653,2014,11,Atlantic Ocean,Grab sample,0.013,Low
17.3595,-36.0518,2014,12,Atlantic Ocean,Grab sample,0.019,Low
12.194694,-22.153712,2015,11,Atlantic Ocean,Intake seawater pump,0.0,Low
27.41565,-130.7418,2015,9,Pacific Ocean,Manta net,2.183253,High
25.98,-76.2,1994,2,Atlantic Ocean,Neuston net,0.009388,Low
26.23,-79.28,1993,3,Atlantic Ocean,Neuston net,0.0,Low
13.98,-68.7,1991,12,Atlantic Ocean,Neuston net,0.0072,Low
12.61,-68.64,1998,12,Atlantic Ocean,Neuston net,0.0,Low
16.55,-64.71,2002,12,Atlantic Ocean,Neuston net,0.0,Low
16.98,-63.48,2007,11,Atlantic Ocean,Neuston net,0.0,Low
15.93,-62.38,1996,12,Atlantic Ocean,Neuston net,0.0,Low
13.3,-61.47,2004,11,Atlantic Ocean,Neuston net,0.0,Low
7.99,-85.51,2001,11,Pacific Ocean,Neuston net,0.0,Low
4.7959,-87.4933,2016,6,Pacific Ocean,Grab sample,0.0,Low
17.05,-78.02,1993,3,Atlantic Ocean,Neuston net,0.00648,Low
16.75,-79.58,1998,4,Atlantic Ocean,Neuston net,0.00432,Low
18.18,-81.92,2002,4,Atlantic Ocean,Neuston net,0.0,Low
12.5,-62.03,1987,12,Atlantic Ocean,Neuston net,0.0,Low
20.57,-154.86,2012,7,Pacific Ocean,Neuston net,0.130212,High
22.99,-148.78,2006,5,Pacific Ocean,Neuston net,0.0,Low
30.1002,-150.29195,2015,8,Pacific Ocean,Manta net,0.183463,High
33.09,-156.27,2004,12,Pacific Ocean,Neuston net,0.00266,Low
39.9,-157.2,2009,8,Pacific Ocean,Neuston net,0.0,Low
32.059167,34.748333,2015,5,Atlantic Ocean,Manta net,5.801724,High
56.141667,-6.2585,2019,1,Atlantic Ocean,Neuston net,0.0,Low
88.0011,11.3847,2016,9,Arctic Ocean,Intake seawater pump,1.0,High
16.62,-157.58,2003,5,Pacific Ocean,Neuston net,0.0,Low
19.24,-156.55,2008,5,Pacific Ocean,Neuston net,0.0,Low
18.8899,-155.6586,2007,11,Pacific Ocean,Neuston net,0.10483,High
41.263153,1.963507,2021,2,Atlantic Ocean,Manta net,0.478667,High
45.0,-58.55,1992,8,Atlantic Ocean,Neuston net,0.00216,Low
58.1296,-136.4367,2014,8,Pacific Ocean,Grab sample,0.003,Low
57.7575,-2.758667,2018,1,Atlantic Ocean,Neuston net,0.0,Low
39.75,-69.93,1994,6,Atlantic Ocean,Neuston net,0.025916,Low
42.21,-65.7,1989,6,Atlantic Ocean,Neuston net,0.0144,Low
37.098333,-9.62,2013,10,Atlantic Ocean,Manta net,0.696373,High
35.808833,-12.477333,2020,10,Atlantic Ocean,Manta net,0.020357,Low
35.32825,-13.339565,2015,11,Atlantic Ocean,Intake seawater pump,0.5,High
37.8775,20.922,2014,7,Atlantic Ocean,Manta net,2.772124,High
32.32,-64.47,1997,10,Atlantic Ocean,Neuston net,0.107912,High
34.22,-65.34,2001,5,Atlantic Ocean,Neuston net,0.0,Low
35.9,-67.25,2001,7,Atlantic Ocean,Neuston net,0.25018,High
41.91,-69.5,1991,7,Atlantic Ocean,Neuston net,0.00216,Low
32.00225,-138.28,2015,8,Pacific Ocean,Manta net,5.330399,High
32.03,-68.02,1996,5,Atlantic Ocean,Neuston net,0.153152,High
30.12,-61.11,1998,10,Atlantic Ocean,Neuston net,0.0,Low
21.03,-69.39,2007,2,Atlantic Ocean,Neuston net,0.0054,Low
30.08,-68.84,2000,6,Atlantic Ocean,Neuston net,0.144016,High
20.241,-40.7351,2014,12,Atlantic Ocean,Grab sample,0.028,Low
22.2,-35.78,2014,12,Atlantic Ocean,Grab sample,0.007,Low
32.0683,-137.2199,2009,8,Pacific Ocean,Manta net,0.349,High
24.42,-81.57,2003,2,Atlantic Ocean,Neuston net,0.00648,Low
23.48,-81.3,1998,3,Atlantic Ocean,Neuston net,0.0,Low
22.86,-74.48,2006,4,Atlantic Ocean,Neuston net,0.066956,Low
30.14,-56.58,2005,10,Atlantic Ocean,Neuston net,0.093628,High
24.59,-143.47,2011,5,Pacific Ocean,Neuston net,0.041396,Low
25.69,-141.14,2003,11,Pacific Ocean,Neuston net,0.0,Low
27.8524,-82.4093,2016,12,Atlantic Ocean,Plankton net,5.2,High
27.9456,-82.6943,2016,11,Atlantic Ocean,Van Dorn sampler,2000.0,High
13.5,-62.64,2003,12,Atlantic Ocean,Neuston net,0.0,Low
14.77,-60.55,1992,11,Atlantic Ocean,Neuston net,0.0,Low
16.98,-58.53,2007,10,Atlantic Ocean,Neuston net,0.0,Low
14.1,-59.4833,2014,11,Atlantic Ocean,Grab sample,0.001,Low
11.98,-61.38,1994,11,Atlantic Ocean,Neuston net,0.0,Low
17.109333,-25.053333,2019,4,Atlantic Ocean,Manta net,0.045753,Low
-34.765,-37.5982,2011,1,Atlantic Ocean,Neuston net,0.236275,High
-31.6387,-8.0787,2010,11,Atlantic Ocean,Neuston net,1.960071,High
-13.7751,-35.7575,2018,4,Atlantic Ocean,Intake seawater pump,24.0,High
-7.97,-121.14,2001,12,Pacific Ocean,Neuston net,0.0,Low
19.96,-146.64,2006,8,Pacific Ocean,Neuston net,0.00216,Low
18.63,-77.92,1995,12,Atlantic Ocean,Neuston net,0.0,Low
16.13,-162.0,2009,7,Pacific Ocean,Neuston net,0.00648,Low
56.159833,-4.907333,2018,10,Atlantic Ocean,Neuston net,0.117216,High
70.3236,-122.8985,2016,8,Arctic Ocean,Grab sample,0.199,High
73.6261,-81.3676,2015,7,Arctic Ocean,Grab sample,0.107,High
14.12,-157.12,2004,12,Pacific Ocean,Neuston net,0.0,Low
25.7248,-149.7316,2014,9,Pacific Ocean,Grab sample,0.015,Low
32.76,-150.21,2006,4,Pacific Ocean,Neuston net,0.0,Low
42.95,-70.34,2000,8,Atlantic Ocean,Neuston net,0.0,Low
44.326,8.5429,2013,7,Atlantic Ocean,Manta net,3.31282,High
42.8835,10.448833,2019,6,Atlantic Ocean,Manta net,0.12145,High
39.435,-13.093333,2014,8,Atlantic Ocean,Manta net,0.25,High
40.778833,17.826667,2021,7,Atlantic Ocean,Manta net,0.697014,High
41.869167,7.723333,2021,10,Atlantic Ocean,Manta net,0.436909,High
41.677333,8.655,2012,8,Atlantic Ocean,Manta net,0.778063,High
39.80334,4.403955,2013,6,Atlantic Ocean,Neuston net,2.542651,High
40.97,-68.65,1992,6,Atlantic Ocean,Neuston net,0.0,Low
41.28,-66.08,1998,7,Atlantic Ocean,Neuston net,0.0,Low
41.88,-63.56,1995,7,Atlantic Ocean,Neuston net,0.0,Low
39.76,-65.0,1992,5,Atlantic Ocean,Neuston net,0.00216,Low
35.17,-58.58,1991,10,Atlantic Ocean,Neuston net,0.0108,Low
32.136667,-27.08,2013,9,Atlantic Ocean,Manta net,0.338155,High
32.12,-64.62,1994,10,Atlantic Ocean,Neuston net,0.043196,Low
36.41,-66.43,1998,10,Atlantic Ocean,Neuston net,0.00864,Low
35.86,-67.01,2008,10,Atlantic Ocean,Neuston net,0.006352,Low
35.8417,-72.61,2014,6,Atlantic Ocean,Grab sample,0.008,Low
42.29,-70.3,1997,7,Atlantic Ocean,Neuston net,0.0,Low
31.73,-63.23,1996,10,Atlantic Ocean,Neuston net,0.032396,Low
21.81,-71.18,2006,2,Atlantic Ocean,Neuston net,0.00432,Low
21.3,-73.75,1996,4,Atlantic Ocean,Neuston net,0.030236,Low
27.74,-62.64,2000,10,Atlantic Ocean,Neuston net,0.043196,Low
31.0,-68.78,1991,5,Atlantic Ocean,Neuston net,0.043196,Low
32.8951,-140.3124,2009,8,Pacific Ocean,Manta net,4.504,High
34.0645,-141.8126,2009,8,Pacific Ocean,Manta net,12.161,High
24.58,-80.54,2000,2,Atlantic Ocean,Neuston net,0.00216,Low
23.85,-80.8,1996,5,Atlantic Ocean,Neuston net,0.0,Low
29.39,-58.55,2000,4,Atlantic Ocean,Neuston net,0.028076,Low
28.15865,-141.4475,2015,8,Pacific Ocean,Manta net,3.3992,High
30.989667,-142.871,2015,8,Pacific Ocean,Manta net,9.76311,High
22.47,-107.6,2001,10,Pacific Ocean,Neuston net,0.04628,Low
30.48,-75.05,2000,4,Atlantic Ocean,Neuston net,0.0036,Low
13.02,-61.45,1994,12,Atlantic Ocean,Neuston net,0.0,Low
19.0961,-30.2774,2014,12,Atlantic Ocean,Grab sample,0.139,High
30.13065,-133.8532,2015,8,Pacific Ocean,Manta net,2.387089,High
24.59,-143.47,2004,10,Pacific Ocean,Neuston net,0.041396,Low
26.6,-142.77,2005,1,Pacific Ocean,Neuston net,0.0,Low
28.41,-140.21,2009,10,Pacific Ocean,Neuston net,0.0,Low
17.3,-74.98,2003,12,Atlantic Ocean,Neuston net,0.003084,Low
15.82,-76.78,1987,12,Atlantic Ocean,Neuston net,0.00432,Low
16.68,-83.35,1996,12,Atlantic Ocean,Neuston net,0.0,Low
15.99,-73.36,2004,3,Atlantic Ocean,Neuston net,0.0,Low
19.08,-69.47,2016,4,Atlantic Ocean,Grab sample,0.006,Low
17.86,-59.49,2000,11,Atlantic Ocean,Neuston net,0.00864,Low
-14.387384,2.563517,2015,11,Atlantic Ocean,Intake seawater pump,0.5,High
-9.05,-139.91,2003,3,Pacific Ocean,Neuston net,0.0,Low
-7.824611,-3.287221,2015,11,Atlantic Ocean,Intake seawater pump,2.0,High
4.41,-145.74,2003,12,Pacific Ocean,Neuston net,0.0,Low
16.74,-85.68,2007,12,Atlantic Ocean,Neuston net,0.002072,Low
18.34,-82.47,2007,12,Atlantic Ocean,Neuston net,0.0,Low
10.33,-156.71,2006,3,Pacific Ocean,Neuston net,0.00216,Low
10.33,-156.71,2012,11,Pacific Ocean,Neuston net,0.0253,Low
33.35,-150.87,2010,12,Pacific Ocean,Neuston net,0.0,Low
32.64415,-150.45075,2015,8,Pacific Ocean,Manta net,5.260345,High
33.56,-152.27,2012,10,Pacific Ocean,Neuston net,0.165036,High
42.689167,27.9925,2017,8,Atlantic Ocean,Manta net,0.214269,High
42.51,-70.28,2005,8,Atlantic Ocean,Neuston net,0.0054,Low
56.000167,-2.995833,2017,12,Atlantic Ocean,Neuston net,0.0,Low
74.198333,-95.568333,2016,8,Arctic Ocean,Manta net,0.0,Low
8.38,-151.97,2003,12,Pacific Ocean,Neuston net,0.00216,Low
8.38,-151.97,2011,4,Pacific Ocean,Neuston net,0.003456,Low
37.8437,4.071,2014,9,Atlantic Ocean,Manta net,2.637231,High
39.621333,3.994,2013,8,Atlantic Ocean,Manta net,0.708051,High
48.722,-138.345333,2019,3,Pacific Ocean,Neuston net,0.0,Low
43.95,-57.26,1989,8,Atlantic Ocean,Neuston net,0.009,Low
32.07,-65.53,2001,4,Atlantic Ocean,Neuston net,0.0064,Low
40.16,-69.71,1993,6,Atlantic Ocean,Neuston net,0.00216,Low
37.3,-66.72,2000,10,Atlantic Ocean,Neuston net,0.0,Low
31.98,-60.23,1994,10,Atlantic Ocean,Neuston net,0.161988,High
37.455,-0.876667,2015,3,Atlantic Ocean,Manta net,0.573,High
37.341667,-0.961667,2015,3,Atlantic Ocean,Manta net,0.149,High
25.25,-68.75,1998,2,Atlantic Ocean,Neuston net,0.0,Low
35.8977,-139.7624,2009,8,Pacific Ocean,Manta net,1.967,High
36.56795,-148.4156,2015,8,Pacific Ocean,Manta net,1.597692,High
37.4848,-143.3958,2015,8,Pacific Ocean,Manta net,2.280913,High
33.0595,-133.27305,2015,9,Pacific Ocean,Manta net,4.656397,High
24.18,-81.0,1998,1,Atlantic Ocean,Neuston net,0.0,Low
24.48,-80.03,1997,3,Atlantic Ocean,Neuston net,0.00648,Low
25.18,-75.5,1991,4,Atlantic Ocean,Neuston net,0.0216,Low
24.17,-74.62,1996,4,Atlantic Ocean,Neuston net,0.125268,High
21.4,-60.73,2001,4,Atlantic Ocean,Neuston net,0.02376,Low
24.1854,-63.6332,2014,5,Atlantic Ocean,Grab sample,0.012,Low
24.33,-82.42,1998,1,Atlantic Ocean,Neuston net,0.00648,Low
25.69,-141.14,2009,11,Pacific Ocean,Neuston net,0.0,Low
26.22,-78.2,1995,1,Atlantic Ocean,Neuston net,0.0,Low
16.1,-62.23,1997,12,Atlantic Ocean,Neuston net,0.0,Low
14.5,-54.8167,2014,12,Atlantic Ocean,Grab sample,0.0,Low
12.49,-61.51,1998,11,Atlantic Ocean,Neuston net,0.0048,Low
10.758064,-61.436573,2015,10,Atlantic Ocean,Hand picking,0.777778,High
17.043,-32.8539,2014,11,Atlantic Ocean,Grab sample,0.004,Low
24.73,-139.58,2007,10,Pacific Ocean,Neuston net,0.0,Low
19.19,-84.56,2008,12,Atlantic Ocean,Neuston net,0.008576,Low
15.9,-73.0,1998,12,Atlantic Ocean,Neuston net,0.0,Low
19.44,-69.28,2000,3,Atlantic Ocean,Neuston net,0.0,Low
18.34,-64.09,2001,5,Atlantic Ocean,Neuston net,0.00216,Low
-13.31,-141.14,2003,4,Pacific Ocean,Neuston net,0.0,Low
4.41,-145.74,2010,12,Pacific Ocean,Neuston net,0.0,Low
19.73,-146.63,2011,7,Pacific Ocean,Neuston net,0.0,Low
19.46,-80.24,2008,4,Atlantic Ocean,Neuston net,0.0,Low
12.478,-87.261,2014,12,Pacific Ocean,Grab sample,0.01,Low
11.98,-68.22,1992,12,Atlantic Ocean,Neuston net,0.00864,Low
33.35,-150.87,2011,4,Pacific Ocean,Neuston net,0.0,Low
56.575667,-7.273,2018,1,Atlantic Ocean,Neuston net,0.016996,Low
80.1349,6.14062,2016,8,Arctic Ocean,CTD rosette sampler,95.0,High
88.6097,-121.8,2016,8,Arctic Ocean,Intake seawater pump,0.9,High
-1.22,-152.27,2012,12,Pacific Ocean,Neuston net,0.002636,Low
8.38,-151.97,2010,11,Pacific Ocean,Neuston net,0.003456,Low
10.33,-156.71,2012,8,Pacific Ocean,Neuston net,0.0,Low
42.68,-62.55,1991,8,Atlantic Ocean,Neuston net,0.0108,Low
44.4522,-7.9605,2018,7,Atlantic Ocean,Intake seawater pump,3.0,High
42.8428,10.2831,2010,7,Atlantic Ocean,Neuston net,9.402886,High
57.710833,-2.099333,2014,5,Atlantic Ocean,Neuston net,0.055949,Low
58.447667,-6.080167,2014,1,Atlantic Ocean,Neuston net,0.023392,Low
58.607833,-6.7675,2014,1,Atlantic Ocean,Neuston net,0.030332,Low
40.41,-70.64,1991,6,Atlantic Ocean,Neuston net,0.010408,Low
41.96,-64.61,2007,9,Atlantic Ocean,Neuston net,0.004,Low
37.75,-66.67,1993,10,Atlantic Ocean,Neuston net,0.028076,Low
36.7,-60.33,2005,10,Atlantic Ocean,Neuston net,0.01454,Low
39.497,20.126,2014,10,Atlantic Ocean,Manta net,4.16,High
43.8,-63.19,1989,7,Atlantic Ocean,Neuston net,0.004112,Low
31.54,-70.12,2001,4,Atlantic Ocean,Neuston net,0.062636,Low
35.51,-64.64,2007,5,Atlantic Ocean,Neuston net,0.016752,Low
40.76,-71.39,1998,8,Atlantic Ocean,Neuston net,0.0,Low
40.78,-70.45,2001,10,Atlantic Ocean,Neuston net,0.0,Low
21.15,-73.97,2001,2,Atlantic Ocean,Neuston net,0.00216,Low
27.77,-72.71,2005,2,Atlantic Ocean,Neuston net,0.0072,Low
27.76,-71.61,2005,2,Atlantic Ocean,Neuston net,0.115844,High
41.11,-145.74,2003,7,Pacific Ocean,Neuston net,0.0,Low
36.79505,-133.1918,2015,9,Pacific Ocean,Manta net,1.578621,High
25.18,-83.96,2008,2,Atlantic Ocean,Neuston net,0.0,Low
23.88,-82.09,2001,3,Atlantic Ocean,Neuston net,0.02376,Low
24.85,-80.41,2008,2,Atlantic Ocean,Neuston net,0.0,Low
23.32,-74.9,1997,4,Atlantic Ocean,Neuston net,0.129728,High
20.45,-59.44,1998,11,Atlantic Ocean,Neuston net,0.049676,Low
27.729,-82.4987,2016,11,Atlantic Ocean,Van Dorn sampler,0.0,Low
24.37,-147.78,2010,10,Pacific Ocean,Neuston net,0.892728,High
25.69,-141.14,2010,10,Pacific Ocean,Neuston net,0.0,Low
27.0,-141.0,1972,10,Pacific Ocean,Neuston net,0.0,Low
29.018382,-139.8145,2015,7,Pacific Ocean,Manta net,0.82854,High
31.0,-145.0,1972,10,Pacific Ocean,Neuston net,0.0,Low
29.2,-77.6,2001,4,Atlantic Ocean,Neuston net,0.0,Low
15.02,-64.08,1998,12,Atlantic Ocean,Neuston net,0.0,Low
15.1,-61.98,1989,12,Atlantic Ocean,Neuston net,0.0,Low
15.2,-63.35,1994,12,Atlantic Ocean,Neuston net,0.00288,Low
14.48,-61.38,2001,12,Atlantic Ocean,Neuston net,0.0,Low
12.48,-61.47,1989,12,Atlantic Ocean,Neuston net,0.0,Low
24.73,-139.58,2008,5,Pacific Ocean,Neuston net,0.0,Low
-26.47907,-105.36909,2015,11,Pacific Ocean,Neuston net,0.01948,Low
-26.6971,-28.091,2010,11,Atlantic Ocean,Neuston net,0.030919,Low
2.89,-137.24,2009,7,Pacific Ocean,Neuston net,0.003084,Low
19.73,-146.63,2012,7,Pacific Ocean,Neuston net,0.220436,High
16.63,-83.56,2004,4,Atlantic Ocean,Neuston net,0.0,Low
24.21,-149.32,2011,5,Pacific Ocean,Neuston net,0.0,Low
33.1,-156.49,2007,7,Pacific Ocean,Neuston net,0.0,Low
59.3681,-153.5523,2013,7,Pacific Ocean,Grab sample,0.001,Low
42.635,3.448333,2014,8,Atlantic Ocean,Manta net,0.53523,High
55.455667,-5.3945,2016,1,Atlantic Ocean,Neuston net,0.0,Low
77.971333,12.4,2017,8,Arctic Ocean,Manta net,0.054927,Low
15.25,-157.55,2007,12,Pacific Ocean,Neuston net,0.0,Low
20.27,-156.47,2010,10,Pacific Ocean,Neuston net,0.0,Low
24.21,-149.32,2004,2,Pacific Ocean,Neuston net,0.0,Low
42.7969,-128.3858,2009,8,Pacific Ocean,Manta net,0.092,High
42.34,-70.34,2001,8,Atlantic Ocean,Neuston net,0.034556,Low
42.38,-70.4,2007,7,Atlantic Ocean,Neuston net,0.00216,Low
50.2964,-5.2413,2016,10,Atlantic Ocean,Grab sample,0.001,Low
40.98,-70.62,1991,10,Atlantic Ocean,Neuston net,0.0,Low
39.6,-71.12,2008,8,Atlantic Ocean,Neuston net,0.0,Low
33.52,-60.64,2004,10,Atlantic Ocean,Neuston net,0.0,Low
37.95355,23.57475,2019,10,Atlantic Ocean,Manta net,0.239569,High
41.849824,3.147244,2021,4,Atlantic Ocean,Manta net,0.953333,High
37.333,-129.283,1972,5,Pacific Ocean,Neuston net,0.0,Low
32.97,-64.97,1995,6,Atlantic Ocean,Neuston net,0.123112,High
32.78,-64.11,2005,5,Atlantic Ocean,Neuston net,0.030236,Low
34.95,-65.7,1997,10,Atlantic Ocean,Neuston net,0.107992,High
34.7,-61.98,1989,10,Atlantic Ocean,Neuston net,0.01152,Low
22.93,-69.77,1990,4,Atlantic Ocean,Neuston net,0.035992,Low
26.68,-74.12,1992,2,Atlantic Ocean,Neuston net,0.0216,Low
30.33,-67.79,1992,5,Atlantic Ocean,Neuston net,0.22678,High
33.1201,-147.3596,2015,8,Pacific Ocean,Manta net,2.491377,High
33.06,-148.13,2004,7,Pacific Ocean,Neuston net,0.0,Low
31.992393,-139.8385,2015,8,Pacific Ocean,Manta net,5.058694,High
28.43,-60.13,1997,10,Atlantic Ocean,Neuston net,0.043196,Low
23.2,-59.39,2001,10,Atlantic Ocean,Neuston net,0.082468,High
30.0,-74.58,2008,4,Atlantic Ocean,Neuston net,0.0,Low
26.3,-78.37,1993,5,Atlantic Ocean,Neuston net,0.006172,Low
26.31,-79.6,1997,3,Atlantic Ocean,Neuston net,0.00864,Low
26.03,-79.58,1994,5,Atlantic Ocean,Neuston net,0.0,Low
27.9528,-82.6416,2016,10,Atlantic Ocean,Van Dorn sampler,1000.0,High
13.85,-61.07,1993,11,Atlantic Ocean,Neuston net,0.0,Low
12.567333,-61.431333,2021,3,Atlantic Ocean,Manta net,0.030493,Low
18.917,-39.8,2014,12,Atlantic Ocean,Grab sample,0.039,Low
14.8238,-18.112,2014,12,Atlantic Ocean,Grab sample,0.002,Low
17.0,-84.17,1998,4,Atlantic Ocean,Neuston net,0.0,Low
17.79,-85.87,2001,3,Atlantic Ocean,Neuston net,0.00216,Low
12.83,-64.41,2000,12,Atlantic Ocean,Neuston net,0.0,Low
16.21,-62.18,2000,11,Atlantic Ocean,Neuston net,0.001964,Low
-31.333333,-79.217167,2016,4,Pacific Ocean,Manta net,0.015699,Low
-23.8868,-36.6933,2010,8,Atlantic Ocean,Neuston net,0.092646,High
2.0203,-27.967,2017,11,Atlantic Ocean,Intake seawater pump,27.0,High
18.97,-143.47,2006,7,Pacific Ocean,Neuston net,0.0108,Low
15.85,-75.72,1996,12,Atlantic Ocean,Neuston net,0.0,Low
24.21,-149.32,2004,10,Pacific Ocean,Neuston net,0.0,Low
33.1,-156.49,2006,12,Pacific Ocean,Neuston net,0.0,Low
34.24515,-154.3473,2015,8,Pacific Ocean,Manta net,1.387017,High
34.361559,-151.176779,2015,8,Pacific Ocean,Manta net,0.292719,High
59.4376,-150.586,2014,7,Pacific Ocean,Grab sample,0.002,Low
10.33,-156.71,2004,12,Pacific Ocean,Neuston net,0.00216,Low
15.25,-157.55,2007,4,Pacific Ocean,Neuston net,0.0,Low
20.27,-156.47,2009,12,Pacific Ocean,Neuston net,0.0,Low
20.6,-154.81,2003,11,Pacific Ocean,Neuston net,0.0,Low
20.14,-148.94,2004,4,Pacific Ocean,Neuston net,0.0,Low
42.9,-64.04,1990,8,Atlantic Ocean,Neuston net,0.0,Low
43.28,-67.73,1996,10,Atlantic Ocean,Neuston net,0.0016,Low
43.978933,9.750217,2019,6,Atlantic Ocean,Manta net,0.896025,High
42.895333,6.235333,2015,8,Atlantic Ocean,Manta net,0.069347,Low
38.585167,0.588667,2021,4,Atlantic Ocean,Manta net,0.22866,High
43.346,-124.3235,2015,5,Pacific Ocean,Grab sample,0.0,Low
44.24,-61.74,1997,7,Atlantic Ocean,Neuston net,0.030236,Low
45.42,-60.33,1998,7,Atlantic Ocean,Neuston net,0.0,Low
32.08,-65.2,1991,5,Atlantic Ocean,Neuston net,0.024308,Low
34.43,-65.63,2004,5,Atlantic Ocean,Neuston net,0.00648,Low
36.22,-65.38,1993,10,Atlantic Ocean,Neuston net,0.039284,Low
40.62,-68.73,2008,7,Atlantic Ocean,Neuston net,0.003128,Low
37.509167,0.664333,2014,5,Atlantic Ocean,Manta net,0.25641,High
32.99864,-135.2855,2015,8,Pacific Ocean,Manta net,2.968761,High
32.9254,-117.2495,2014,4,Pacific Ocean,Grab sample,0.004,Low
39.0854,-76.1694,2016,8,Atlantic Ocean,Grab sample,0.014,Low
29.42,-63.4,1994,10,Atlantic Ocean,Neuston net,0.0,Low
33.06,-148.13,2003,12,Pacific Ocean,Neuston net,0.00216,Low
31.54,-143.82,2009,10,Pacific Ocean,Neuston net,0.0,Low
34.0572,-141.4107,2009,8,Pacific Ocean,Manta net,0.32,High
36.697583,-145.066667,2015,8,Pacific Ocean,Manta net,9.861525,High
34.9838,-130.9448,2010,10,Pacific Ocean,Manta net,0.059,Low
25.38,-74.65,1992,4,Atlantic Ocean,Neuston net,0.0108,Low
23.47,-74.68,1998,2,Atlantic Ocean,Neuston net,0.027776,Low
23.4,-57.98,1997,11,Atlantic Ocean,Neuston net,0.0216,Low
25.56,-57.13,2000,11,Atlantic Ocean,Neuston net,0.01296,Low
24.43,-58.99,2008,11,Atlantic Ocean,Neuston net,0.0,Low
23.17,-69.92,2001,2,Atlantic Ocean,Neuston net,0.0216,Low
24.3617,-76.5283,2016,1,Atlantic Ocean,Grab sample,0.003,Low
25.57,-76.28,1998,4,Atlantic Ocean,Neuston net,0.01728,Low
25.55,-75.68,1995,5,Atlantic Ocean,Neuston net,0.0216,Low
27.84,-140.77,2007,7,Pacific Ocean,Neuston net,0.0024,Low
16.03,-71.08,1994,12,Atlantic Ocean,Neuston net,0.0,Low
17.42,-65.3,1993,12,Atlantic Ocean,Neuston net,0.0,Low
15.38,-61.58,1997,12,Atlantic Ocean,Neuston net,0.00216,Low
15.23,-56.21,2014,12,Atlantic Ocean,Grab sample,0.004,Low
16.8167,-33.5667,2014,11,Atlantic Ocean,Grab sample,0.001,Low
16.9997,-38.7717,2015,1,Atlantic Ocean,Grab sample,0.003,Low
16.8785,-87.7236,2015,3,Atlantic Ocean,Grab sample,0.005,Low
14.35,-70.1,2000,12,Atlantic Ocean,Neuston net,0.00288,Low
15.58,-72.87,2000,12,Atlantic Ocean,Neuston net,0.006644,Low
-26.0422,-119.432,2011,4,Pacific Ocean,Neuston net,0.143084,High
-35.01661,12.4497,2017,7,Atlantic Ocean,Neuston net,0.009465,Low
4.99,-144.4,2002,3,Pacific Ocean,Neuston net,0.0,Low
0.75,-124.767,1987,11,Pacific Ocean,Manta net,0.0,Low
3.367,-105.3,1987,9,Pacific Ocean,Manta net,0.0,Low
10.2993,-109.1989,2016,3,Pacific Ocean,Grab sample,0.001,Low
39.9,-157.2,2003,7,Pacific Ocean,Neuston net,0.091332,High
37.9,24.7,2015,6,Atlantic Ocean,Manta net,0.326667,High
16.13,-162.0,2009,3,Pacific Ocean,Neuston net,0.00648,Low
55.613,-4.986667,2021,9,Atlantic Ocean,Neuston net,0.0,Low
58.3569,10.1318,2018,6,Atlantic Ocean,Intake seawater pump,112.0,High
80.4314,6.55955,2016,8,Arctic Ocean,Intake seawater pump,0.5,High
-20.9965,-149.076333,2016,7,Pacific Ocean,Manta net,0.024675,Low
17.23,-157.24,2002,4,Pacific Ocean,Neuston net,0.006856,Low
16.36,-159.94,2011,7,Pacific Ocean,Neuston net,0.016196,Low
43.08,-65.55,1996,7,Atlantic Ocean,Neuston net,0.0,Low
42.82,-70.32,1998,7,Atlantic Ocean,Neuston net,0.001964,Low
42.781783,10.5648,2018,5,Atlantic Ocean,Manta net,0.236725,High
60.505333,-1.769833,2014,1,Atlantic Ocean,Neuston net,0.0,Low
56.183333,-4.777667,2018,10,Atlantic Ocean,Neuston net,0.101715,High
40.6,-67.99,1997,7,Atlantic Ocean,Neuston net,0.003928,Low
42.31,-67.73,1999,8,Atlantic Ocean,Neuston net,0.0024,Low
40.242778,17.410833,2021,4,Atlantic Ocean,Manta net,0.16317,High
37.014667,13.103,2020,11,Atlantic Ocean,Manta net,0.167267,High
40.911233,5.839733,2018,5,Atlantic Ocean,Manta net,0.106402,High
39.28,-71.21,2008,6,Atlantic Ocean,Neuston net,0.003084,Low
41.47,-70.52,1993,8,Atlantic Ocean,Neuston net,0.0,Low
42.19,-70.35,1998,6,Atlantic Ocean,Neuston net,0.0,Low
40.3,-70.13,1998,8,Atlantic Ocean,Neuston net,0.0,Low
40.1618,-68.3066,2018,5,Atlantic Ocean,Intake seawater pump,38.0,High
23.35,-64.9,2007,5,Atlantic Ocean,Neuston net,0.016084,Low
22.88,-70.49,2002,2,Atlantic Ocean,Neuston net,0.0054,Low
33.06,-148.13,2003,10,Pacific Ocean,Neuston net,0.0,Low
39.97385,-130.30875,2015,8,Pacific Ocean,Manta net,0.941444,High
24.01,-82.07,2008,5,Atlantic Ocean,Neuston net,0.00432,Low
24.9,-79.67,1992,1,Atlantic Ocean,Neuston net,0.0,Low
25.31,-79.78,2001,2,Atlantic Ocean,Neuston net,0.00216,Low
25.61,-79.94,2006,2,Atlantic Ocean,Neuston net,0.00316,Low
20.93,-57.13,2002,11,Atlantic Ocean,Neuston net,0.00432,Low
24.39,-83.0,2002,1,Atlantic Ocean,Neuston net,0.030236,Low
27.5737,-82.6868,2017,7,Atlantic Ocean,Van Dorn sampler,1000.0,High
28.72,-140.03,2012,5,Pacific Ocean,Neuston net,0.002176,Low
30.983658,-137.371,2015,8,Pacific Ocean,Manta net,4.018993,High
30.0037,-140.737,2015,8,Pacific Ocean,Manta net,18.630465,High
23.379,-109.4305,2015,11,Pacific Ocean,Grab sample,0.006,Low
25.85,-78.18,1993,2,Atlantic Ocean,Neuston net,0.0,Low
27.897,-82.4382,2016,11,Atlantic Ocean,Van Dorn sampler,2000.0,High
11.88,-62.97,1999,12,Atlantic Ocean,Neuston net,0.0,Low
16.75,-62.09,2007,4,Atlantic Ocean,Neuston net,0.0,Low
16.6,-66.1,1989,12,Atlantic Ocean,Neuston net,0.0,Low
18.1251,-46.2131,2014,12,Atlantic Ocean,Grab sample,0.006,Low
28.41,-140.21,2010,10,Pacific Ocean,Neuston net,0.0,Low
27.84,-140.77,2008,4,Pacific Ocean,Neuston net,0.0024,Low
19.8,-79.69,1999,12,Atlantic Ocean,Neuston net,0.0,Low
17.951639,-76.81875,2017,9,Atlantic Ocean,Manta net,1.34,High
18.17,-76.22,1995,2,Atlantic Ocean,Neuston net,0.01728,Low
16.89,-76.98,2000,12,Atlantic Ocean,Neuston net,0.0,Low
17.15,-80.35,2000,12,Atlantic Ocean,Neuston net,0.0,Low
16.74,-83.72,1987,12,Atlantic Ocean,Neuston net,0.0,Low
-27.00661,-101.59784,2015,10,Pacific Ocean,Neuston net,0.03579,Low
7.886702,-19.637425,2015,11,Atlantic Ocean,Intake seawater pump,0.0,Low
19.51,-144.23,2005,2,Pacific Ocean,Neuston net,0.0,Low
16.3,-77.4,1998,12,Atlantic Ocean,Neuston net,0.0,Low
17.28,-82.03,1996,2,Atlantic Ocean,Neuston net,0.0,Low
33.09,-156.27,2005,4,Pacific Ocean,Neuston net,0.00266,Low
59.9446,-149.2958,2015,7,Pacific Ocean,Grab sample,0.007,Low
70.6681,25.3897,2016,5,Arctic Ocean,Grab sample,0.001,Low
55.680333,-5.050717,2017,11,Atlantic Ocean,Neuston net,0.014075,Low
88.04016,10.04138,2016,9,Arctic Ocean,CTD rosette sampler,0.0,Low
15.36,-152.9,2003,2,Pacific Ocean,Neuston net,0.0,Low
20.27,-156.47,2011,3,Pacific Ocean,Neuston net,0.0,Low
20.57,-154.86,2012,10,Pacific Ocean,Neuston net,1.452084,High
22.99,-148.78,2005,12,Pacific Ocean,Neuston net,0.0,Low
40.910469,0.833376,2021,2,Atlantic Ocean,Manta net,2.372,High
44.887103,-6.299021,2015,11,Atlantic Ocean,Intake seawater pump,3.5,High
42.377821,3.158952,2021,4,Atlantic Ocean,Manta net,0.420667,High
44.230539,9.106589,2019,4,Atlantic Ocean,Manta net,0.413022,High
53.545,-145.986333,2019,3,Pacific Ocean,Neuston net,0.021625,Low
58.260667,-3.151333,2015,1,Atlantic Ocean,Neuston net,0.0,Low
35.6,-64.67,1995,5,Atlantic Ocean,Neuston net,0.0,Low
42.17,-67.39,1992,8,Atlantic Ocean,Neuston net,0.00432,Low
41.09,-64.38,2001,7,Atlantic Ocean,Neuston net,0.0,Low
40.18,-64.7,2005,7,Atlantic Ocean,Neuston net,0.0,Low
40.9597,11.9157,2014,10,Atlantic Ocean,Manta net,0.110457,High
24.65,-70.25,1990,4,Atlantic Ocean,Neuston net,0.030236,Low
24.55,-68.2,1999,2,Atlantic Ocean,Neuston net,0.038212,Low
27.45,-71.98,1999,4,Atlantic Ocean,Neuston net,0.073436,Low
33.51,-140.06,2019,7,Pacific Ocean,Manta net,5.481173,High
38.8678,-76.485,2015,10,Atlantic Ocean,Grab sample,0.051,Low
21.47,-83.92,1999,1,Atlantic Ocean,Neuston net,0.0,Low
29.4,-61.43,2002,5,Atlantic Ocean,Neuston net,0.058316,Low
26.17,-58.6,2007,10,Atlantic Ocean,Neuston net,0.007828,Low
22.12,-65.82,2001,5,Atlantic Ocean,Neuston net,0.0,Low
20.98,-68.28,1991,12,Atlantic Ocean,Neuston net,0.0,Low
21.92,-73.48,1994,2,Atlantic Ocean,Neuston net,0.00648,Low
26.6,-142.77,2012,10,Pacific Ocean,Neuston net,0.305316,High
21.41,-108.34,2002,11,Pacific Ocean,Neuston net,0.0,Low
30.0,-76.9,1997,2,Atlantic Ocean,Neuston net,0.0,Low
27.8589,-82.4686,2016,6,Atlantic Ocean,Van Dorn sampler,0.0,Low
18.7815,-27.416,2014,11,Atlantic Ocean,Grab sample,0.025,Low
30.44545,-133.93085,2015,9,Pacific Ocean,Manta net,1.468767,High
27.8666,-131.2242,2015,9,Pacific Ocean,Manta net,3.481081,High
26.9158,-130.22555,2015,9,Pacific Ocean,Manta net,0.311213,High
23.35,-144.31,2008,10,Pacific Ocean,Neuston net,0.0,Low
24.59,-143.47,2011,2,Pacific Ocean,Neuston net,0.041396,Low
15.77,-74.08,1995,12,Atlantic Ocean,Neuston net,0.009392,Low
15.8,-68.76,2007,12,Atlantic Ocean,Neuston net,0.0,Low
18.42,-64.35,2005,5,Atlantic Ocean,Neuston net,0.0,Low
16.66,-64.37,1989,12,Atlantic Ocean,Neuston net,0.00216,Low
16.87,-60.33,2004,11,Atlantic Ocean,Neuston net,0.0,Low
12.83,-61.32,1996,12,Atlantic Ocean,Neuston net,0.0,Low
-27.15046,-109.45715,2015,10,Pacific Ocean,Neuston net,0.01534,Low
-14.61,-146.42,2002,2,Pacific Ocean,Neuston net,0.0,Low
-16.43465,0.87923,2016,12,Atlantic Ocean,Neuston net,0.009099,Low
2.3,-105.267,2006,10,Pacific Ocean,Manta net,0.0,Low
19.59,-79.14,2001,3,Atlantic Ocean,Neuston net,0.0162,Low
8.38,-151.97,2010,7,Pacific Ocean,Neuston net,0.003456,Low
16.36,-159.94,2010,11,Pacific Ocean,Neuston net,0.016196,Low
16.13,-162.0,2010,6,Pacific Ocean,Neuston net,0.00648,Low
44.310153,9.150061,2018,9,Atlantic Ocean,Manta net,0.439924,High
43.019833,6.207833,2015,10,Atlantic Ocean,Manta net,0.339478,High
56.0086,-3.3936,2014,3,Atlantic Ocean,Grab sample,0.009,Low
66.0178,-23.4483,2015,6,Atlantic Ocean,Grab sample,0.01,Low
39.218667,-9.657667,2018,10,Atlantic Ocean,Manta net,0.049076,Low
40.761167,17.783333,2013,5,Atlantic Ocean,Neuston net,0.783875,High
38.918333,3.78,2011,9,Atlantic Ocean,Manta net,0.54251,High
49.6,-127.57,2002,7,Pacific Ocean,Neuston net,0.0,Low
32.43,-75.63,1996,5,Atlantic Ocean,Neuston net,0.013496,Low
31.97,-68.35,1996,5,Atlantic Ocean,Neuston net,0.051836,Low
42.13,-70.23,2003,6,Atlantic Ocean,Neuston net,0.01296,Low
40.78,-70.85,2008,9,Atlantic Ocean,Neuston net,0.0,Low
40.962167,-8.7365,2015,8,Atlantic Ocean,Manta net,0.151864,High
37.7359,-139.7674,2009,8,Pacific Ocean,Manta net,1.801,High
40.68,-128.9,2007,7,Pacific Ocean,Neuston net,2.611356,High
36.955,-122.0244,2014,12,Pacific Ocean,Grab sample,0.0,Low
29.64,-58.45,1999,10,Atlantic Ocean,Neuston net,0.01512,Low
20.39,-72.69,2001,3,Atlantic Ocean,Neuston net,0.025916,Low
28.27,-70.15,1995,5,Atlantic Ocean,Neuston net,0.180836,High
28.74,-71.72,1990,4,Atlantic Ocean,Neuston net,0.064796,Low
25.6567,-18.448,2014,11,Atlantic Ocean,Grab sample,0.207,High
24.25,-81.97,2008,3,Atlantic Ocean,Neuston net,0.00216,Low
23.95,-82.22,2000,3,Atlantic Ocean,Neuston net,0.0,Low
24.21,-83.28,2001,3,Atlantic Ocean,Neuston net,0.00216,Low
24.22,-74.4,1990,4,Atlantic Ocean,Neuston net,0.00648,Low
29.18,-58.51,2004,10,Atlantic Ocean,Neuston net,0.00864,Low
24.622567,-144.86,2019,11,Pacific Ocean,Manta net,10.896829,High
24.37,-147.78,2008,12,Pacific Ocean,Neuston net,0.892728,High
27.467767,-144.993,2019,11,Pacific Ocean,Manta net,2.881826,High
27.84,-140.77,2008,12,Pacific Ocean,Neuston net,0.0024,Low
26.02,-77.74,1992,1,Atlantic Ocean,Neuston net,0.0,Low
15.25,-64.48,2000,12,Atlantic Ocean,Neuston net,0.0,Low
15.33,-62.15,1993,12,Atlantic Ocean,Neuston net,0.00648,Low
14.41,-59.32,1999,11,Atlantic Ocean,Neuston net,0.0,Low
11.9958,-61.7631,2014,3,Atlantic Ocean,Grab sample,0.001,Low
15.5949,-42.7412,2014,11,Atlantic Ocean,Grab sample,0.021,Low
23.52,-141.63,2005,12,Pacific Ocean,Neuston net,0.0,Low
17.85,-77.68,1992,3,Atlantic Ocean,Neuston net,0.0,Low
16.98,-80.38,1992,3,Atlantic Ocean,Neuston net,0.00864,Low
10.88,-63.47,1999,12,Atlantic Ocean,Neuston net,0.0,Low
11.78,-62.95,1994,12,Atlantic Ocean,Neuston net,0.0,Low
11.72,-67.75,1994,12,Atlantic Ocean,Neuston net,0.0,Low
17.3,-64.4,1992,11,Atlantic Ocean,Neuston net,0.0,Low
-26.688167,-102.249667,2016,5,Pacific Ocean,Manta net,0.158636,High
4.41,-145.74,2004,5,Pacific Ocean,Neuston net,0.232108,High
19.51,-144.23,2004,4,Pacific Ocean,Neuston net,0.0024,Low
17.47,-76.1,1994,4,Atlantic Ocean,Neuston net,0.01512,Low
17.32,-78.5,1991,12,Atlantic Ocean,Neuston net,0.0,Low
36.430392,-153.4763,2015,8,Pacific Ocean,Manta net,4.196483,High
41.16905,-150.0632,2015,8,Pacific Ocean,Manta net,0.460891,High
33.074,35.101667,2014,12,Atlantic Ocean,Manta net,1.139767,High
32.171667,34.791167,2014,2,Atlantic Ocean,Manta net,0.423477,High
14.12,-157.12,2011,11,Pacific Ocean,Neuston net,0.0,Low
21.6499,-160.5483,2008,1,Pacific Ocean,Neuston net,0.024105,Low
20.57,-154.86,2012,3,Pacific Ocean,Neuston net,0.0108,Low
22.99,-148.78,2007,2,Pacific Ocean,Neuston net,0.0,Low
33.02,-152.9,2003,12,Pacific Ocean,Neuston net,0.0,Low
36.3904,-150.29685,2015,8,Pacific Ocean,Manta net,2.32306,High
56.3265,-6.715167,2021,1,Atlantic Ocean,Neuston net,0.127074,High
55.961333,-4.882833,2019,11,Atlantic Ocean,Neuston net,0.013674,Low
77.632667,13.548667,2020,7,Arctic Ocean,Manta net,0.008001,Low
-37.0783,-12.3317,2017,1,Atlantic Ocean,Grab sample,0.001,Low
6.84,-149.44,2009,4,Pacific Ocean,Neuston net,0.0,Low
11.44,-156.82,2007,4,Pacific Ocean,Neuston net,0.00432,Low
38.855333,-23.2025,2019,6,Atlantic Ocean,Manta net,0.211004,High
57.934,-5.8315,2020,1,Atlantic Ocean,Neuston net,0.020225,Low
32.9,-64.68,1987,6,Atlantic Ocean,Neuston net,0.041036,Low
41.29,-70.98,2006,8,Atlantic Ocean,Neuston net,0.0,Low
42.15,-68.18,1997,7,Atlantic Ocean,Neuston net,0.0,Low
40.64,-69.15,2003,7,Atlantic Ocean,Neuston net,0.0,Low
40.25,-70.15,1992,10,Atlantic Ocean,Neuston net,0.02162,Low
36.9592,-122.0014,2015,1,Pacific Ocean,Grab sample,0.001,Low
37.6707,-76.3074,2016,11,Atlantic Ocean,Grab sample,0.0,Low
30.4,-60.58,1986,10,Atlantic Ocean,Neuston net,0.032396,Low
25.68,-57.85,1997,11,Atlantic Ocean,Neuston net,0.0036,Low
30.67,-69.27,1987,4,Atlantic Ocean,Neuston net,0.01728,Low
30.94,-69.19,1997,4,Atlantic Ocean,Neuston net,0.047516,Low
32.37,-146.51,2011,12,Pacific Ocean,Neuston net,0.0,Low
32.005868,-134.6065,2015,8,Pacific Ocean,Manta net,3.614841,High
21.92,-74.3,1998,4,Atlantic Ocean,Neuston net,0.0,Low
16.8167,-27.82,2014,11,Atlantic Ocean,Grab sample,0.015,Low
24.59,-143.47,2011,10,Pacific Ocean,Neuston net,0.041396,Low
29.38,-77.35,1998,2,Atlantic Ocean,Neuston net,0.0,Low
26.25,-79.3,1995,5,Atlantic Ocean,Neuston net,0.0,Low
13.32,-69.8,1997,12,Atlantic Ocean,Neuston net,0.0,Low
17.24,-74.22,2000,12,Atlantic Ocean,Neuston net,0.0,Low
16.97,-63.87,2003,12,Atlantic Ocean,Neuston net,0.012,Low
15.35,-62.1,1993,12,Atlantic Ocean,Neuston net,0.030236,Low
14.24,-61.73,2006,11,Atlantic Ocean,Neuston net,0.0135,Low
13.72,-60.68,1992,11,Atlantic Ocean,Neuston net,0.0,Low
16.39,-84.75,2006,4,Atlantic Ocean,Neuston net,0.0,Low
11.14,-85.7964,2016,3,Pacific Ocean,Grab sample,0.0,Low
11.08,-63.57,1997,12,Atlantic Ocean,Neuston net,0.0,Low
7.47,-128.906667,2017,4,Pacific Ocean,Manta net,0.035754,Low
5.79,-147.72,2006,3,Pacific Ocean,Neuston net,0.0,Low
0.67,-29.257583,2018,7,Atlantic Ocean,Manta net,0.002817,Low
19.23,-74.48,2003,4,Atlantic Ocean,Neuston net,0.004984,Low
19.88,-76.45,1997,12,Atlantic Ocean,Neuston net,0.0,Low
17.15,-76.53,1994,12,Atlantic Ocean,Neuston net,0.0,Low
6.84,-149.44,2008,11,Pacific Ocean,Neuston net,0.0,Low
11.44,-156.82,2008,11,Pacific Ocean,Neuston net,0.00432,Low
22.99,-148.78,2007,8,Pacific Ocean,Neuston net,0.0,Low
40.2005,-156.707,2011,11,Pacific Ocean,Neuston net,0.539575,High
40.38,-157.49,2003,12,Pacific Ocean,Neuston net,0.0,Low
42.6,-65.49,2005,7,Atlantic Ocean,Neuston net,0.0,Low
43.21,-69.16,2004,7,Atlantic Ocean,Neuston net,0.0,Low
42.366667,3.293333,2015,6,Atlantic Ocean,Manta net,1.004,High
43.3165,5.3244,2014,9,Atlantic Ocean,Manta net,0.702316,High
42.9093,7.9889,2014,10,Atlantic Ocean,Manta net,0.440247,High
56.011,-3.4765,2017,12,Atlantic Ocean,Neuston net,0.027788,Low
38.706667,15.8535,2021,9,Atlantic Ocean,Manta net,0.167273,High
37.574233,1.05875,2013,8,Atlantic Ocean,Manta net,0.453225,High
42.69,-63.51,1989,8,Atlantic Ocean,Neuston net,0.01512,Low
42.78,-65.5,1989,8,Atlantic Ocean,Neuston net,0.00648,Low
40.4,-68.45,2004,8,Atlantic Ocean,Neuston net,0.0054,Low
40.49,-69.52,2005,8,Atlantic Ocean,Neuston net,0.003084,Low
40.62,-71.0,1993,10,Atlantic Ocean,Neuston net,0.0,Low
39.63,-68.85,1994,8,Atlantic Ocean,Neuston net,0.23974,High
38.42905,-9.14605,2018,10,Atlantic Ocean,Neuston net,0.036929,Low
38.42905,-9.14605,2018,11,Atlantic Ocean,Neuston net,0.048393,Low
34.2,-64.03,1994,10,Atlantic Ocean,Neuston net,0.01944,Low
36.4294,-70.2493,2014,6,Atlantic Ocean,Grab sample,0.009,Low
39.4,-70.6,1993,8,Atlantic Ocean,Neuston net,0.0,Low
35.9262,-139.7735,2009,9,Pacific Ocean,Neuston net,1.17056,High
40.68,-128.9,2006,3,Pacific Ocean,Neuston net,2.611356,High
32.44115,-133.8228,2015,9,Pacific Ocean,Manta net,4.42415,High
31.2001,-62.0368,2010,1,Atlantic Ocean,Neuston net,0.176073,High
30.43,-67.68,1992,5,Atlantic Ocean,Neuston net,0.026396,Low
28.9,-69.57,1992,5,Atlantic Ocean,Neuston net,0.02376,Low
20.2036,-22.165,2014,11,Atlantic Ocean,Grab sample,0.058,Low
21.2247,-22.7068,2014,11,Atlantic Ocean,Grab sample,0.008,Low
32.84,-147.81,2012,10,Pacific Ocean,Neuston net,0.618428,High
23.98,-81.59,1993,1,Atlantic Ocean,Neuston net,0.00216,Low
25.67,-77.37,1992,4,Atlantic Ocean,Neuston net,0.01512,Low
25.28,-75.92,1992,4,Atlantic Ocean,Neuston net,0.0018,Low
29.2797,-53.6117,2010,2,Atlantic Ocean,Neuston net,0.847522,High
27.98,-68.3,2001,4,Atlantic Ocean,Neuston net,0.004628,Low
29.63,-65.48,2001,4,Atlantic Ocean,Neuston net,0.040496,Low
23.93,-83.57,1996,3,Atlantic Ocean,Neuston net,0.0,Low
24.42,-83.35,1993,1,Atlantic Ocean,Neuston net,0.00216,Low
27.12,-83.27,1996,3,Atlantic Ocean,Neuston net,0.0,Low
15.9333,-45.6667,2014,11,Atlantic Ocean,Grab sample,0.003,Low
16.3358,-48.5606,2014,11,Atlantic Ocean,Grab sample,0.004,Low
28.906667,-125.701667,2017,3,Pacific Ocean,Manta net,0.627746,High
23.52,-141.63,2005,2,Pacific Ocean,Neuston net,0.0,Low
25.94,-146.58,2007,8,Pacific Ocean,Neuston net,0.326132,High
26.14,-143.12,2005,2,Pacific Ocean,Neuston net,0.0,Low
16.47,-84.78,2003,4,Atlantic Ocean,Neuston net,0.003812,Low
16.17,-68.88,1994,12,Atlantic Ocean,Neuston net,0.0,Low
19.39,-74.05,2000,3,Atlantic Ocean,Neuston net,0.0,Low
15.7363,-54.4143,2014,12,Atlantic Ocean,Grab sample,0.02,Low
14.1809,-55.9548,2014,12,Atlantic Ocean,Grab sample,0.002,Low
-5.3,-147.81,2012,12,Pacific Ocean,Neuston net,0.0,Low
-5.63,-141.71,2003,4,Pacific Ocean,Neuston net,0.0,Low
5.79,-147.72,2005,10,Pacific Ocean,Neuston net,0.0,Low
20.02,-80.17,1991,3,Atlantic Ocean,Neuston net,0.006168,Low
17.58,-77.97,1991,3,Atlantic Ocean,Neuston net,0.00432,Low
18.67,-64.98,1999,5,Atlantic Ocean,Neuston net,0.035096,Low
6.84,-149.44,2008,6,Pacific Ocean,Neuston net,0.0,Low
11.44,-156.82,2008,6,Pacific Ocean,Neuston net,0.00432,Low
12.95,-156.94,2010,11,Pacific Ocean,Neuston net,0.0216,Low
60.2129,-147.1716,2015,12,Pacific Ocean,Grab sample,0.01,Low
58.7,-2.535667,2014,5,Atlantic Ocean,Neuston net,0.021638,Low
57.934833,-5.637667,2014,1,Atlantic Ocean,Neuston net,0.0,Low
57.707333,-3.754,2014,5,Atlantic Ocean,Neuston net,0.004508,Low
82.4838,18.381,2016,9,Arctic Ocean,Intake seawater pump,0.5,High
-39.6298,-76.9828,2011,2,Pacific Ocean,Neuston net,0.009383,Low
42.3235,8.5842,2010,8,Atlantic Ocean,Neuston net,0.400568,High
41.465446,2.282388,2021,3,Atlantic Ocean,Manta net,0.416667,High
42.54,-69.68,2007,7,Atlantic Ocean,Neuston net,0.029108,Low
42.41,-70.42,2002,7,Atlantic Ocean,Neuston net,0.0,Low
50.5695,-36.1633,2015,8,Atlantic Ocean,Grab sample,0.004,Low
44.378488,-21.873764,2020,11,Atlantic Ocean,Manta net,0.397995,High
41.25,-71.25,1993,10,Atlantic Ocean,Neuston net,0.00432,Low
40.77,-70.82,2002,7,Atlantic Ocean,Neuston net,0.0,Low
39.57,-66.27,1991,10,Atlantic Ocean,Neuston net,0.002228,Low
37.67,-67.93,1995,10,Atlantic Ocean,Neuston net,0.01296,Low
33.936532,10.134875,2019,4,Atlantic Ocean,Manta net,0.309219,High
33.936532,10.134875,2019,11,Atlantic Ocean,Manta net,0.11076,High
31.33,-74.8,2005,4,Atlantic Ocean,Neuston net,0.00216,Low
33.76,-62.64,2001,10,Atlantic Ocean,Neuston net,0.120952,High
29.74,-58.54,2002,10,Atlantic Ocean,Neuston net,0.01728,Low
25.93,-58.0,1992,10,Atlantic Ocean,Neuston net,0.038876,Low
22.03,-60.0,1996,11,Atlantic Ocean,Neuston net,0.0144,Low
23.47,-58.37,1992,10,Atlantic Ocean,Neuston net,0.036716,Low
20.58,-70.17,1992,12,Atlantic Ocean,Neuston net,0.0,Low
33.497667,-143.0765,2019,12,Pacific Ocean,Manta net,1.582826,High
24.78,-79.72,2005,2,Atlantic Ocean,Neuston net,0.0,Low
27.38,-79.55,2005,3,Atlantic Ocean,Neuston net,0.047516,Low
27.778,-82.5203,2016,9,Atlantic Ocean,Van Dorn sampler,1000.0,High
27.778,-82.5203,2017,7,Atlantic Ocean,Van Dorn sampler,1000.0,High
27.5737,-82.6868,2016,7,Atlantic Ocean,Van Dorn sampler,2000.0,High
27.6081,-82.5712,2016,11,Atlantic Ocean,Van Dorn sampler,2000.0,High
19.153,-43.0965,2014,12,Atlantic Ocean,Grab sample,0.023,Low
18.5923,-40.64,2014,12,Atlantic Ocean,Grab sample,0.108,High
23.52,-141.63,2005,7,Pacific Ocean,Neuston net,0.0,Low
25.94,-146.58,2008,5,Pacific Ocean,Neuston net,0.326132,High
26.14,-143.12,2005,7,Pacific Ocean,Neuston net,0.0,Low
24.5996,-110.4004,2015,5,Pacific Ocean,Grab sample,0.008,Low
17.77,-63.78,1993,12,Atlantic Ocean,Neuston net,0.0,Low
14.95,-60.43,1995,11,Atlantic Ocean,Neuston net,0.0,Low
12.33,-61.82,1993,11,Atlantic Ocean,Neuston net,0.0,Low
11.92,-61.44,1998,11,Atlantic Ocean,Neuston net,0.01512,Low
11.78,-60.42,1995,11,Atlantic Ocean,Neuston net,0.0,Low
19.9778,-38.2851,2014,12,Atlantic Ocean,Grab sample,0.006,Low
-33.0195,-83.4213,2011,3,Pacific Ocean,Neuston net,0.0,Low
-34.6048,-17.1887,2010,11,Atlantic Ocean,Neuston net,3.28917,High
4.116,-110.05,2000,9,Pacific Ocean,Manta net,0.024,Low
18.99,-76.67,2002,4,Atlantic Ocean,Neuston net,0.00216,Low
17.5,-79.28,1992,3,Atlantic Ocean,Neuston net,0.0,Low
6.84,-149.44,2007,12,Pacific Ocean,Neuston net,0.0,Low
12.95,-156.94,2010,6,Pacific Ocean,Neuston net,0.0216,Low
17.55,-158.31,2012,7,Pacific Ocean,Neuston net,0.242996,High
40.38,-157.49,2004,12,Pacific Ocean,Neuston net,0.44862,High
36.5377,26.5915,2014,7,Atlantic Ocean,Manta net,0.827358,High
59.8575,-149.6314,2015,6,Pacific Ocean,Grab sample,0.002,Low
53.26,-134.15,2002,7,Pacific Ocean,Neuston net,0.0,Low
45.751167,-129.353167,2019,11,Pacific Ocean,Manta net,0.451786,High
43.105,6.295167,2015,10,Atlantic Ocean,Manta net,0.473065,High
57.780333,-2.465167,2022,1,Atlantic Ocean,Neuston net,0.072475,Low
57.8945,-3.746333,2018,1,Atlantic Ocean,Neuston net,0.0,Low
34.3,-61.27,1999,10,Atlantic Ocean,Neuston net,0.01944,Low
31.8,-60.25,1997,10,Atlantic Ocean,Neuston net,0.039884,Low
31.94,-57.7,2005,10,Atlantic Ocean,Neuston net,0.018116,Low
37.774,23.648,2015,11,Atlantic Ocean,Manta net,0.25,High
37.648,12.145,2013,6,Atlantic Ocean,Neuston net,1.141079,High
32.77,-64.58,1995,5,Atlantic Ocean,Neuston net,0.037836,Low
34.36,-66.05,1996,5,Atlantic Ocean,Neuston net,0.036716,Low
35.47,-63.87,1992,5,Atlantic Ocean,Neuston net,0.095032,High
40.12,-71.92,2008,9,Atlantic Ocean,Neuston net,0.00432,Low
40.02,-70.38,1989,7,Atlantic Ocean,Neuston net,0.01512,Low
39.84,-71.11,2003,6,Atlantic Ocean,Neuston net,0.01512,Low
37.52595,-131.4816,2015,9,Pacific Ocean,Manta net,0.900901,High
31.7,-71.32,1996,5,Atlantic Ocean,Neuston net,0.084232,High
21.32,-72.38,1991,12,Atlantic Ocean,Neuston net,0.0,Low
20.73,-72.41,2007,3,Atlantic Ocean,Neuston net,0.0,Low
22.47,-72.57,2008,3,Atlantic Ocean,Neuston net,0.0,Low
26.3442,-20.0108,2014,11,Atlantic Ocean,Grab sample,0.034,Low
32.015833,-136.70005,2015,8,Pacific Ocean,Manta net,5.37808,High
24.5,-80.43,1997,5,Atlantic Ocean,Neuston net,0.0,Low
25.44,-79.68,2001,3,Atlantic Ocean,Neuston net,0.0,Low
25.38,-77.55,1993,4,Atlantic Ocean,Neuston net,0.01944,Low
25.58,-74.8,1990,4,Atlantic Ocean,Neuston net,0.028076,Low
26.9,-57.56,2004,10,Atlantic Ocean,Neuston net,0.0048,Low
22.53,-59.98,1998,10,Atlantic Ocean,Neuston net,0.056156,Low
25.52,-82.94,2003,1,Atlantic Ocean,Neuston net,0.00432,Low
28.72,-140.03,2011,10,Pacific Ocean,Neuston net,0.0,Low
16.368,-22.926333,2018,12,Atlantic Ocean,Manta net,0.037517,Low
22.11,-141.71,2003,11,Pacific Ocean,Neuston net,0.0,Low
23.35,-144.31,2008,12,Pacific Ocean,Neuston net,0.0,Low
25.94,-146.58,2006,5,Pacific Ocean,Neuston net,0.326132,High
26.14,-143.12,2005,12,Pacific Ocean,Neuston net,0.0,Low
28.41,-140.21,2011,5,Pacific Ocean,Neuston net,0.0,Low
10.32,-64.93,1994,12,Atlantic Ocean,Neuston net,0.0,Low
17.8,-64.98,2000,11,Atlantic Ocean,Neuston net,0.00648,Low
14.85,-62.38,1992,11,Atlantic Ocean,Neuston net,0.036004,Low
14.64,-61.47,1999,12,Atlantic Ocean,Neuston net,0.007196,Low
17.0084,-61.764,2014,3,Atlantic Ocean,Grab sample,0.002,Low
18.97,-59.12,1994,11,Atlantic Ocean,Neuston net,0.014932,Low
18.73,-75.58,2001,3,Atlantic Ocean,Neuston net,0.0,Low
16.67,-81.35,1998,3,Atlantic Ocean,Neuston net,0.00432,Low
16.22,-85.88,1993,3,Atlantic Ocean,Neuston net,0.0,Low
15.8473,-98.0337,2015,1,Pacific Ocean,Grab sample,0.0,Low
-26.6027,-113.8575,2011,4,Pacific Ocean,Manta net,0.142413,High
-32.831,-30.8133,2011,1,Atlantic Ocean,Neuston net,0.677092,High
5.79,-147.72,2006,11,Pacific Ocean,Neuston net,0.0,Low
-0.93,-93.02,2001,12,Pacific Ocean,Neuston net,0.0,Low
20.0076,-105.6062,2015,4,Pacific Ocean,Grab sample,0.001,Low
24.8516,-152.3562,2014,9,Pacific Ocean,Grab sample,0.009,Low
40.38,-157.49,2004,5,Pacific Ocean,Neuston net,0.44862,High
32.823667,35.035,2014,1,Atlantic Ocean,Manta net,1.130295,High
32.059167,34.748333,2014,12,Atlantic Ocean,Manta net,1.294657,High
30.989,-165.4256,2008,1,Pacific Ocean,Neuston net,0.452806,High
57.802333,-2.390167,2019,1,Atlantic Ocean,Neuston net,0.00478,Low
55.231667,-5.642167,2020,1,Atlantic Ocean,Neuston net,0.039854,Low
66.396167,12.981333,2020,6,Arctic Ocean,Manta net,0.031305,Low
78.3693,15.7305,2016,10,Arctic Ocean,Grab sample,0.0,Low
12.95,-156.94,2009,7,Pacific Ocean,Neuston net,0.0216,Low
16.36,-159.94,2011,11,Pacific Ocean,Neuston net,0.016196,Low
42.3,4.991667,2013,10,Atlantic Ocean,Manta net,2.035675,High
42.73,-69.9,2000,8,Atlantic Ocean,Neuston net,0.0,Low
42.38,-70.01,2006,8,Atlantic Ocean,Neuston net,0.0,Low
40.23,-69.51,1995,7,Atlantic Ocean,Neuston net,0.036716,Low
41.33,-66.85,1994,7,Atlantic Ocean,Neuston net,0.01944,Low
41.45,-65.98,1987,6,Atlantic Ocean,Neuston net,0.00432,Low
40.78,-60.25,1992,10,Atlantic Ocean,Neuston net,0.0,Low
36.593333,-6.788333,2014,8,Atlantic Ocean,Manta net,0.199101,High
38.42,16.913333,2021,7,Atlantic Ocean,Manta net,0.111062,High
36.23,-64.02,1991,10,Atlantic Ocean,Neuston net,0.047516,Low
39.1,-69.52,1992,6,Atlantic Ocean,Neuston net,0.01944,Low
41.03,-70.76,1997,8,Atlantic Ocean,Neuston net,0.0,Low
28.47,-73.05,1998,2,Atlantic Ocean,Neuston net,0.0,Low
30.7,-71.91,1997,4,Atlantic Ocean,Neuston net,0.0,Low
34.3854,-139.8543,2009,8,Pacific Ocean,Manta net,11.313,High
40.94225,-147.2525,2015,8,Pacific Ocean,Manta net,0.302308,High
38.6405,-134.05505,2015,8,Pacific Ocean,Manta net,1.450724,High
32.4061,-119.938,2009,8,Pacific Ocean,Manta net,0.022,Low
24.41,-82.21,2004,1,Atlantic Ocean,Neuston net,0.0,Low
20.93,-73.74,2000,5,Atlantic Ocean,Neuston net,0.00648,Low
24.23,-72.92,1994,4,Atlantic Ocean,Neuston net,0.00432,Low
27.66,-61.97,2000,10,Atlantic Ocean,Neuston net,0.0,Low
28.72,-140.03,2011,12,Pacific Ocean,Neuston net,0.0,Low
22.87,-109.94,2001,10,Pacific Ocean,Neuston net,0.0108,Low
25.92,-75.6,1987,4,Atlantic Ocean,Neuston net,0.004224,Low
26.69,-79.82,2000,5,Atlantic Ocean,Neuston net,0.00648,Low
12.25,-61.77,1991,11,Atlantic Ocean,Neuston net,0.00216,Low
12.02,-59.46,2003,11,Atlantic Ocean,Neuston net,0.0144,Low
18.5299,-24.8596,2014,11,Atlantic Ocean,Grab sample,0.02,Low
22.11,-141.71,2004,4,Pacific Ocean,Neuston net,0.0,Low
23.35,-144.31,2009,5,Pacific Ocean,Neuston net,0.0,Low
25.94,-146.58,2007,2,Pacific Ocean,Neuston net,0.326132,High
16.64,-81.41,2006,4,Atlantic Ocean,Neuston net,0.0,Low
10.302,-85.8414,2015,3,Pacific Ocean,Grab sample,0.001,Low
10.52,-64.7,1997,12,Atlantic Ocean,Neuston net,0.0,Low
12.73,-60.52,1995,11,Atlantic Ocean,Neuston net,0.00216,Low
3.48,-143.62,2012,11,Pacific Ocean,Neuston net,0.016344,Low
2.217,-110.367,1987,9,Pacific Ocean,Manta net,0.0,Low
17.72,-79.97,1995,3,Atlantic Ocean,Neuston net,0.0108,Low
16.23,-86.26,1987,12,Atlantic Ocean,Neuston net,0.0,Low
17.77,-68.62,1997,3,Atlantic Ocean,Neuston net,0.0,Low
34.5145,-157.8488,2008,2,Pacific Ocean,Neuston net,1.692872,High
35.00015,-152.8868,2015,8,Pacific Ocean,Manta net,1.993602,High
40.58,-157.79,2008,12,Pacific Ocean,Neuston net,0.043748,Low
39.9,-157.2,2010,12,Pacific Ocean,Neuston net,0.0,Low
56.017667,-4.8765,2018,10,Atlantic Ocean,Neuston net,0.089803,High
88.6113,-121.77868,2016,8,Arctic Ocean,CTD rosette sampler,0.0,Low
16.36,-159.94,2004,4,Pacific Ocean,Neuston net,0.0,Low
19.24,-156.55,2009,3,Pacific Ocean,Neuston net,0.0,Low
20.14,-148.94,2011,10,Pacific Ocean,Neuston net,0.0,Low
33.09,-156.27,2005,10,Pacific Ocean,Neuston net,0.00266,Low
35.987333,-23.399167,2014,7,Atlantic Ocean,Manta net,1.007811,High
38.823667,15.918167,2021,9,Atlantic Ocean,Manta net,0.411917,High
44.064917,-129.019933,2019,12,Pacific Ocean,Manta net,0.016426,Low
44.35,-63.62,2001,8,Atlantic Ocean,Neuston net,0.0024,Low
43.75,-64.15,1998,7,Atlantic Ocean,Neuston net,0.00432,Low
43.210564,5.406093,2018,10,Atlantic Ocean,Manta net,0.191781,High
40.7,-69.33,1998,7,Atlantic Ocean,Neuston net,0.00216,Low
40.93,-70.42,1993,7,Atlantic Ocean,Neuston net,0.00864,Low
40.13,-64.18,1999,10,Atlantic Ocean,Neuston net,0.0,Low
32.195,-41.6066,2013,6,Atlantic Ocean,Neuston net,1.567788,High
36.896667,-1.696667,2018,6,Atlantic Ocean,Manta net,0.064147,Low
33.0586,-16.3226,2014,12,Atlantic Ocean,Grab sample,0.003,Low
35.99,-75.19,2008,5,Atlantic Ocean,Neuston net,0.0027,Low
42.17,-70.28,1995,8,Atlantic Ocean,Neuston net,0.131748,High
41.03,-68.58,1994,8,Atlantic Ocean,Neuston net,0.00216,Low
20.45,-70.12,1998,3,Atlantic Ocean,Neuston net,0.018512,Low
20.63,-70.57,2006,12,Atlantic Ocean,Neuston net,0.001964,Low
28.74,-65.99,2001,4,Atlantic Ocean,Neuston net,0.039596,Low
28.48,-73.48,1991,4,Atlantic Ocean,Neuston net,0.015432,Low
32.44905,-133.6769,2015,9,Pacific Ocean,Manta net,1.644937,High
32.99,-118.74,2002,10,Pacific Ocean,Neuston net,0.0,Low
24.45,-76.27,1992,4,Atlantic Ocean,Neuston net,0.005632,Low
30.0,-57.35,2003,10,Atlantic Ocean,Neuston net,0.047124,Low
30.9,-60.48,1992,10,Atlantic Ocean,Neuston net,0.110152,High
29.69,-59.97,2005,4,Atlantic Ocean,Neuston net,0.182044,High
26.1,-57.6,1991,10,Atlantic Ocean,Neuston net,0.00864,Low
21.41,-68.33,2000,2,Atlantic Ocean,Neuston net,0.0,Low
23.98,-81.55,1996,4,Atlantic Ocean,Neuston net,0.0,Low
31.003018,-139.017,2015,8,Pacific Ocean,Manta net,3.077937,High
17.37,-65.25,2000,5,Atlantic Ocean,Neuston net,0.0,Low
15.62,-62.03,1996,11,Atlantic Ocean,Neuston net,0.00864,Low
16.7617,-33.645,2014,11,Atlantic Ocean,Grab sample,0.005,Low
23.15,-144.69,2012,1,Pacific Ocean,Neuston net,0.0,Low
24.59,-143.47,2010,10,Pacific Ocean,Neuston net,0.041396,Low
24.52,-148.47,2007,8,Pacific Ocean,Neuston net,0.0,Low
5.28,-146.64,2009,4,Pacific Ocean,Neuston net,0.0,Low
2.19,-135.73,2004,5,Pacific Ocean,Neuston net,0.04358,Low
19.96,-146.64,2007,11,Pacific Ocean,Neuston net,0.00216,Low
19.51,-144.23,2012,2,Pacific Ocean,Neuston net,0.0,Low
17.22,-80.32,1996,2,Atlantic Ocean,Neuston net,0.0,Low
19.8962,-155.9993,2007,11,Pacific Ocean,Neuston net,0.009072,Low
32.76,-150.21,2005,5,Pacific Ocean,Neuston net,0.0,Low
33.02,-152.9,2010,8,Pacific Ocean,Neuston net,0.0,Low
16.13,-162.0,2008,11,Pacific Ocean,Neuston net,0.00648,Low
43.39,-68.81,1992,8,Atlantic Ocean,Neuston net,0.0108,Low
44.175217,8.526189,2018,9,Atlantic Ocean,Manta net,0.131326,High
55.867333,-4.9155,2018,10,Atlantic Ocean,Neuston net,0.0,Low
84.40488,17.45691,2016,9,Arctic Ocean,CTD rosette sampler,21.0,High
17.55,-158.31,2012,10,Pacific Ocean,Neuston net,1.085568,High
40.53,-69.33,1994,7,Atlantic Ocean,Neuston net,0.0048,Low
40.06,-71.16,1995,7,Atlantic Ocean,Neuston net,0.00648,Low
37.61,-64.38,2001,6,Atlantic Ocean,Neuston net,0.0,Low
41.087017,-8.7742,2018,9,Atlantic Ocean,Manta net,0.262985,High
36.085,-5.193333,2014,8,Atlantic Ocean,Manta net,0.318841,High
47.5365,-122.4722,2015,3,Pacific Ocean,Grab sample,0.0,Low
32.13,-67.4,2000,4,Atlantic Ocean,Neuston net,0.036716,Low
40.99,-70.85,2001,6,Atlantic Ocean,Neuston net,0.019632,Low
41.91,-68.52,2008,7,Atlantic Ocean,Neuston net,0.0,Low
25.35,-57.62,1999,11,Atlantic Ocean,Neuston net,0.069116,Low
21.15,-64.42,2005,5,Atlantic Ocean,Neuston net,0.031676,Low
29.85,-65.32,1998,4,Atlantic Ocean,Neuston net,0.0216,Low
21.945,-26.3483,2014,11,Atlantic Ocean,Grab sample,0.005,Low
32.000239,-142.5845,2015,8,Pacific Ocean,Manta net,2.068737,High
23.67,-80.52,1997,2,Atlantic Ocean,Neuston net,0.0108,Low
25.12,-79.95,2007,2,Atlantic Ocean,Neuston net,0.0018,Low
25.89,-77.39,1993,5,Atlantic Ocean,Neuston net,0.0,Low
25.75,-79.36,1995,3,Atlantic Ocean,Neuston net,0.0,Low
27.9687,-82.5621,2017,7,Atlantic Ocean,Van Dorn sampler,3000.0,High
26.05,-141.2,2007,2,Pacific Ocean,Neuston net,0.00216,Low
28.41,-140.21,2011,2,Pacific Ocean,Neuston net,0.0,Low
30.2367,-141.7966,2010,10,Pacific Ocean,Manta net,0.059,Low
22.17,-106.46,2002,12,Pacific Ocean,Neuston net,0.0144,Low
14.18,-60.75,1991,10,Atlantic Ocean,Neuston net,0.0,Low
16.8858,-24.9912,2014,11,Atlantic Ocean,Grab sample,0.0,Low
16.9167,-49.2833,2014,12,Atlantic Ocean,Grab sample,0.004,Low
30.1402,-133.82095,2015,9,Pacific Ocean,Manta net,2.842615,High
25.28,-147.0,2011,10,Pacific Ocean,Neuston net,2.712124,High
26.6,-142.77,2005,12,Pacific Ocean,Neuston net,0.0,Low
17.7495,-87.025,2014,2,Atlantic Ocean,Grab sample,0.0,Low
13.23,-81.35,1992,3,Atlantic Ocean,Neuston net,0.0,Low
10.53,-75.92,1993,2,Atlantic Ocean,Neuston net,0.0,Low
12.97,-70.23,1987,12,Atlantic Ocean,Neuston net,0.00432,Low
18.47,-64.45,1991,1,Atlantic Ocean,Neuston net,0.025916,Low
15.84,-62.94,2003,12,Atlantic Ocean,Neuston net,0.0,Low
-32.5913,-19.948,2010,11,Atlantic Ocean,Neuston net,0.528047,High
-11.69,-141.93,2002,2,Pacific Ocean,Neuston net,0.0,Low
7.74,-121.22,2002,12,Pacific Ocean,Neuston net,0.0,Low
-0.5,-82.0,2017,10,Pacific Ocean,Plankton net,0.34,High
19.51,-144.23,2003,11,Pacific Ocean,Neuston net,0.0,Low
18.86,-79.4,2007,3,Atlantic Ocean,Neuston net,0.0,Low
34.2885,34.4805,2014,8,Atlantic Ocean,Manta net,0.211451,High
40.221,25.218,2020,2,Atlantic Ocean,Manta net,0.526667,High
83.1181,-159.13,2016,9,Arctic Ocean,Intake seawater pump,0.3,High
43.0032,6.3696,2010,7,Atlantic Ocean,Neuston net,4.860814,High
58.662833,-4.785667,2018,1,Atlantic Ocean,Neuston net,0.004672,Low
7.43,-149.9,2005,4,Pacific Ocean,Neuston net,0.00648,Low
11.09,-156.77,2010,7,Pacific Ocean,Neuston net,0.043196,Low
11.44,-156.82,2007,12,Pacific Ocean,Neuston net,0.00432,Low
14.12,-157.12,2012,4,Pacific Ocean,Neuston net,0.0,Low
41.373055,2.191604,2021,1,Atlantic Ocean,Manta net,3.729333,High
43.34,-64.3,2007,6,Atlantic Ocean,Neuston net,0.003848,Low
43.1,-65.28,2005,6,Atlantic Ocean,Neuston net,0.218384,High
50.3288,-5.1932,2016,10,Atlantic Ocean,Grab sample,0.001,Low
40.96,-68.8,2002,8,Atlantic Ocean,Neuston net,0.0,Low
40.75,-69.79,1996,7,Atlantic Ocean,Neuston net,0.01728,Low
39.62,-68.67,1989,7,Atlantic Ocean,Neuston net,0.01296,Low
33.44,-58.61,2005,10,Atlantic Ocean,Neuston net,0.0,Low
37.3914,-0.82342,2014,10,Atlantic Ocean,Manta net,3.073425,High
37.8956,-19.30635,2013,10,Atlantic Ocean,Manta net,0.485255,High
31.92,-65.57,2000,6,Atlantic Ocean,Neuston net,0.028076,Low
31.37,-66.3,2000,4,Atlantic Ocean,Neuston net,0.084232,High
32.67,-64.48,1992,5,Atlantic Ocean,Neuston net,0.0108,Low
39.36,-71.12,2008,9,Atlantic Ocean,Neuston net,0.0,Low
32.37,-146.51,2011,10,Pacific Ocean,Neuston net,0.0,Low
33.08,-147.02,2009,4,Pacific Ocean,Neuston net,0.0,Low
32.0189,-139.4603,2009,8,Pacific Ocean,Manta net,2.015,High
35.7636,-141.4883,2009,8,Pacific Ocean,Manta net,1.93,High
38.4919,-130.43175,2015,9,Pacific Ocean,Manta net,0.375259,High
32.7566,-117.2476,2014,3,Pacific Ocean,Grab sample,0.003,Low
30.85,-58.87,1993,10,Atlantic Ocean,Neuston net,0.047516,Low
28.27,-60.1,1998,10,Atlantic Ocean,Neuston net,0.16614,High
23.8,-59.82,1998,10,Atlantic Ocean,Neuston net,0.0,Low
23.75,-73.16,2004,4,Atlantic Ocean,Neuston net,0.0216,Low
21.4667,-25.2667,2014,11,Atlantic Ocean,Grab sample,0.002,Low
21.3652,-19.473,2014,11,Atlantic Ocean,Grab sample,0.012,Low
27.9237,-82.4807,2016,7,Atlantic Ocean,Van Dorn sampler,2000.0,High
27.6934,-82.5559,2016,9,Atlantic Ocean,Van Dorn sampler,0.0,Low
29.98,-140.0,2006,12,Pacific Ocean,Neuston net,0.0,Low
30.006473,-142.276,2015,8,Pacific Ocean,Manta net,7.848268,High
31.06,-143.46,2004,8,Pacific Ocean,Neuston net,0.00216,Low
25.93,-77.95,1997,5,Atlantic Ocean,Neuston net,0.049636,Low
26.0192,-80.0857,2015,6,Atlantic Ocean,Grab sample,0.006,Low
10.64,-58.42,2007,11,Atlantic Ocean,Neuston net,0.001532,Low
19.691,-34.204,2020,12,Atlantic Ocean,Manta net,0.0,Low
23.52,-141.63,2012,10,Pacific Ocean,Neuston net,0.057004,Low
24.03,-138.44,2011,3,Pacific Ocean,Neuston net,0.0,Low
21.42,-142.07,2005,12,Pacific Ocean,Neuston net,0.0,Low
21.15,-142.77,2008,10,Pacific Ocean,Neuston net,0.0,Low
19.3331,-81.0845,2015,3,Atlantic Ocean,Grab sample,0.0,Low
11.35,-66.52,1995,12,Atlantic Ocean,Neuston net,0.008308,Low
11.81,-65.99,2003,12,Atlantic Ocean,Neuston net,0.0,Low
15.9,-64.55,1994,12,Atlantic Ocean,Neuston net,0.0,Low
16.67,-59.43,2001,11,Atlantic Ocean,Neuston net,0.00216,Low
15.4558,-55.3668,2014,12,Atlantic Ocean,Grab sample,0.084,High
-34.3584,6.2549,2010,12,Atlantic Ocean,Neuston net,0.988557,High
-18.7,0.6,2014,5,Atlantic Ocean,Grab sample,0.001,Low
4.41,-145.74,2011,7,Pacific Ocean,Neuston net,0.0,Low
-1.0,-92.0,2017,10,Pacific Ocean,Plankton net,0.54,High
19.48,-78.87,2000,3,Atlantic Ocean,Neuston net,0.00216,Low
19.4329,-156.1535,2016,4,Pacific Ocean,Grab sample,0.004,Low
20.57,-154.86,2005,3,Pacific Ocean,Neuston net,0.0108,Low
33.26,-156.98,2012,4,Pacific Ocean,Neuston net,0.0,Low
32.35,-155.1,2008,3,Pacific Ocean,Neuston net,0.0,Low
67.3065,-54.739833,2021,7,Arctic Ocean,Manta net,0.030836,Low
80.56276,8.03511,2016,8,Arctic Ocean,CTD rosette sampler,0.0,Low
-16.11,-148.96,2002,2,Pacific Ocean,Neuston net,0.0,Low
13.06,-150.87,2003,2,Pacific Ocean,Neuston net,0.0,Low
16.28,-160.37,2006,2,Pacific Ocean,Neuston net,0.0,Low
18.46,-157.58,2011,4,Pacific Ocean,Neuston net,0.0108,Low
40.437833,4.540167,2014,5,Atlantic Ocean,Manta net,3.614937,High
41.175724,1.526081,2021,4,Atlantic Ocean,Manta net,0.181333,High
42.78475,10.484983,2018,6,Atlantic Ocean,Manta net,0.329563,High
60.991,-147.587,2016,9,Pacific Ocean,Grab sample,0.009,Low
55.939167,-4.629,2018,11,Atlantic Ocean,Neuston net,0.015625,Low
39.71,-67.97,2004,10,Atlantic Ocean,Neuston net,0.0,Low
41.01,-66.33,1998,9,Atlantic Ocean,Neuston net,0.00216,Low
36.0533,-33.9307,2013,6,Atlantic Ocean,Neuston net,0.274584,High
39.26,19.792,2015,4,Atlantic Ocean,Manta net,1.216667,High
36.1462,14.1726,2014,8,Atlantic Ocean,Manta net,0.458419,High
38.7111,10.47,2013,6,Atlantic Ocean,Neuston net,1.554174,High
34.45,-65.72,1991,5,Atlantic Ocean,Neuston net,0.034556,Low
35.33,-64.51,2001,10,Atlantic Ocean,Neuston net,0.097192,High
41.03,-71.07,1993,10,Atlantic Ocean,Neuston net,0.0,Low
42.33,-70.38,2002,7,Atlantic Ocean,Neuston net,0.0,Low
40.58,-69.4,1998,8,Atlantic Ocean,Neuston net,0.0,Low
30.9,-66.75,1997,4,Atlantic Ocean,Neuston net,0.0864,High
22.4913,-29.3618,2014,11,Atlantic Ocean,Grab sample,0.008,Low
24.8857,-18.8101,2014,11,Atlantic Ocean,Grab sample,0.004,Low
40.68,-128.9,2006,11,Pacific Ocean,Neuston net,2.611356,High
35.26665,-132.96325,2015,9,Pacific Ocean,Manta net,0.418786,High
33.75,-64.93,1989,6,Atlantic Ocean,Neuston net,0.0,Low
21.66,-57.93,2007,10,Atlantic Ocean,Neuston net,0.0,Low
20.98,-59.33,1992,10,Atlantic Ocean,Neuston net,0.034556,Low
24.82,-59.86,2007,4,Atlantic Ocean,Neuston net,0.45378,High
24.79,-71.14,2004,2,Atlantic Ocean,Neuston net,0.008308,Low
25.76,-73.68,2000,5,Atlantic Ocean,Neuston net,0.0072,Low
25.95,-72.9,1992,5,Atlantic Ocean,Neuston net,0.0,Low
24.88,-79.83,2006,3,Atlantic Ocean,Neuston net,0.00432,Low
26.53,-60.7,1994,10,Atlantic Ocean,Neuston net,0.01512,Low
27.99,-79.72,1996,5,Atlantic Ocean,Neuston net,0.00216,Low
27.9185,-82.5379,2016,11,Atlantic Ocean,Plankton net,2.6,High
25.68,-143.09,2008,7,Pacific Ocean,Neuston net,0.0,Low
24.37,-147.78,2009,5,Pacific Ocean,Neuston net,0.892728,High
26.14,-143.12,2004,10,Pacific Ocean,Neuston net,0.0,Low
28.04,-140.48,2012,10,Pacific Ocean,Neuston net,1.6563,High
25.8,-79.36,2015,4,Atlantic Ocean,Grab sample,0.0,Low
15.84,-60.55,2008,11,Atlantic Ocean,Neuston net,0.0018,Low
18.8,-59.62,1995,11,Atlantic Ocean,Neuston net,0.0,Low
15.4108,-53.8372,2014,12,Atlantic Ocean,Grab sample,0.0,Low
30.017658,-135.4865,2015,8,Pacific Ocean,Manta net,19.230017,High
20.15,-147.77,2009,11,Pacific Ocean,Neuston net,0.0,Low
23.15,-144.69,2003,11,Pacific Ocean,Neuston net,0.00216,Low
-26.238,-116.6753,2011,4,Pacific Ocean,Neuston net,0.074009,Low
-4.98,-109.94,2001,12,Pacific Ocean,Neuston net,0.0,Low
4.41,-145.74,2011,4,Pacific Ocean,Neuston net,0.0,Low
14.25,-63.06,1998,12,Atlantic Ocean,Neuston net,0.0,Low
17.38,-63.13,1995,12,Atlantic Ocean,Neuston net,0.00432,Low
17.05,-57.73,2002,11,Atlantic Ocean,Neuston net,0.00432,Low
32.823667,35.035,2014,7,Atlantic Ocean,Manta net,0.869503,High
24.21,-149.32,2005,2,Pacific Ocean,Neuston net,0.0,Low
26.28,-154.08,2019,6,Pacific Ocean,Manta net,0.934387,High
33.26,-156.98,2012,10,Pacific Ocean,Neuston net,0.049996,Low
33.35,-150.87,2003,10,Pacific Ocean,Neuston net,0.0,Low
40.16,-157.42,2008,6,Pacific Ocean,Neuston net,0.0,Low
40.5133,-150.16,2011,11,Pacific Ocean,Neuston net,0.865162,High
60.7,-147.07,2016,5,Pacific Ocean,Grab sample,0.0,Low
56.475833,-1.535,2021,1,Atlantic Ocean,Neuston net,0.010315,Low
57.569333,-1.635667,2021,1,Atlantic Ocean,Neuston net,0.181459,High
16.28,-160.37,2006,10,Pacific Ocean,Neuston net,0.0,Low
20.57,-154.86,2004,11,Pacific Ocean,Neuston net,0.0108,Low
42.46,-67.4,1999,6,Atlantic Ocean,Neuston net,0.0,Low
44.17,-68.08,1995,7,Atlantic Ocean,Neuston net,0.00864,Low
42.37,-70.18,2004,8,Atlantic Ocean,Neuston net,0.045736,Low
44.1032,-45.9069,2018,5,Atlantic Ocean,Intake seawater pump,38.0,High
43.765167,9.959,2021,7,Atlantic Ocean,Manta net,0.056846,Low
43.6434,7.2222,2014,6,Atlantic Ocean,Manta net,0.158345,High
41.598667,3.2855,2012,8,Atlantic Ocean,Manta net,0.979013,High
41.403637,2.2193,2021,5,Atlantic Ocean,Manta net,0.754,High
48.706,-141.329583,2019,3,Pacific Ocean,Neuston net,0.131565,High
47.08,-57.78,1996,7,Atlantic Ocean,Neuston net,0.017352,Low
42.07,-65.3,1995,7,Atlantic Ocean,Neuston net,0.0,Low
37.48,-65.22,2002,5,Atlantic Ocean,Neuston net,0.023404,Low
31.47,-55.68,1992,10,Atlantic Ocean,Neuston net,0.034112,Low
37.108,13.613333,2020,9,Atlantic Ocean,Manta net,0.681445,High
37.913167,12.265833,2020,10,Atlantic Ocean,Manta net,0.041016,Low
38.3797,9.52133,2013,6,Atlantic Ocean,Neuston net,1.702191,High
32.08,-75.2,1999,4,Atlantic Ocean,Neuston net,0.02016,Low
33.25,-62.51,2007,10,Atlantic Ocean,Neuston net,0.046376,Low
34.67,-64.76,2002,5,Atlantic Ocean,Neuston net,0.179264,High
35.25,-68.72,1999,4,Atlantic Ocean,Neuston net,0.0054,Low
41.32,-70.9,2000,10,Atlantic Ocean,Neuston net,0.0,Low
41.23,-68.33,1992,6,Atlantic Ocean,Neuston net,0.00216,Low
27.15,-71.18,1992,5,Atlantic Ocean,Neuston net,0.025916,Low
31.1813,-64.0147,2010,1,Atlantic Ocean,Neuston net,0.141392,High
20.57,-37.58,2014,12,Atlantic Ocean,Grab sample,0.002,Low
20.8393,-34.3761,2014,12,Atlantic Ocean,Grab sample,0.007,Low
25.25,-79.83,1992,1,Atlantic Ocean,Neuston net,0.0,Low
28.25,-55.02,1992,10,Atlantic Ocean,Neuston net,0.088552,High
20.6,-73.83,1996,4,Atlantic Ocean,Neuston net,0.302256,High
27.61,-82.7832,2016,8,Atlantic Ocean,Van Dorn sampler,0.0,Low
14.1103,-59.2806,2014,12,Atlantic Ocean,Grab sample,0.02,Low
13.33,-59.86,2005,11,Atlantic Ocean,Neuston net,0.0,Low
25.68,-143.09,2008,4,Pacific Ocean,Neuston net,0.0,Low
24.37,-147.78,2009,10,Pacific Ocean,Neuston net,0.892728,High
26.2,-78.08,1992,2,Atlantic Ocean,Neuston net,0.0162,Low
26.38,-79.04,2003,3,Atlantic Ocean,Neuston net,0.00432,Low
-28.5805,-104.3963,2011,4,Pacific Ocean,Manta net,1.142851,High
-22.297,-29.2472,2010,9,Atlantic Ocean,Neuston net,0.048181,Low
1.74,-89.06,2001,12,Pacific Ocean,Neuston net,0.0,Low
18.15,-74.89,1992,3,Atlantic Ocean,Neuston net,0.0036,Low
16.96,-70.33,2001,12,Atlantic Ocean,Neuston net,0.0,Low
17.01,-61.96,1998,11,Atlantic Ocean,Neuston net,0.01944,Low
56.5545,-6.550167,2021,1,Atlantic Ocean,Neuston net,0.021947,Low
88.5031,-6.6458,2016,8,Arctic Ocean,Intake seawater pump,0.0,Low
9.37,-160.68,2002,4,Pacific Ocean,Neuston net,0.0036,Low
14.12,-157.12,2012,7,Pacific Ocean,Neuston net,0.0,Low
33.34,-151.97,2003,7,Pacific Ocean,Neuston net,0.081212,High
31.8705,34.6625,2014,2,Atlantic Ocean,Manta net,6.913786,High
41.397303,2.21315,2021,4,Atlantic Ocean,Manta net,2.855333,High
43.5,-30.7,2015,9,Atlantic Ocean,Grab sample,0.006,Low
46.871167,-3.540333,2019,7,Atlantic Ocean,Manta net,0.035156,Low
43.7653,8.0349,2010,7,Atlantic Ocean,Neuston net,0.395915,High
60.491667,-0.570833,2021,1,Atlantic Ocean,Neuston net,0.0,Low
36.93,-66.67,1996,10,Atlantic Ocean,Neuston net,0.039132,Low
34.86,-60.87,2002,10,Atlantic Ocean,Neuston net,0.00432,Low
38.43987,-9.09325,2019,1,Atlantic Ocean,Neuston net,0.318562,High
36.905,-8.042333,2020,7,Atlantic Ocean,Manta net,0.023841,Low
38.336833,15.521667,2021,9,Atlantic Ocean,Manta net,0.627129,High
38.9145,12.5728,2014,7,Atlantic Ocean,Manta net,0.054335,Low
40.94,-68.55,2006,7,Atlantic Ocean,Neuston net,0.00216,Low
40.71,-70.86,2007,8,Atlantic Ocean,Neuston net,0.00864,Low
40.1,-70.16,1996,10,Atlantic Ocean,Neuston net,0.0,Low
42.33,-66.1,1992,5,Atlantic Ocean,Neuston net,0.01944,Low
41.76,-65.05,2000,7,Atlantic Ocean,Neuston net,0.00216,Low
37.72,-66.48,1999,10,Atlantic Ocean,Neuston net,0.086408,High
31.93,-66.66,2004,5,Atlantic Ocean,Neuston net,0.2311,High
36.17,-65.3,1995,10,Atlantic Ocean,Neuston net,0.021592,Low
38.38,-69.57,1999,10,Atlantic Ocean,Neuston net,0.0,Low
39.08,-72.25,1997,6,Atlantic Ocean,Neuston net,0.031404,Low
32.2885,-126.2803,2009,8,Pacific Ocean,Manta net,0.095,High
32.37,-146.51,2011,5,Pacific Ocean,Neuston net,0.0,Low
33.08,-147.02,2009,10,Pacific Ocean,Neuston net,0.0,Low
33.06,-148.13,2004,12,Pacific Ocean,Neuston net,0.0,Low
33.906133,-140.495767,2019,12,Pacific Ocean,Manta net,7.252639,High
34.2913,-144.3522,2009,9,Pacific Ocean,Neuston net,4.193644,High
42.215,-130.156667,2019,12,Pacific Ocean,Manta net,0.574347,High
24.33,-56.42,2005,10,Atlantic Ocean,Neuston net,0.064256,Low
24.49,-60.83,1999,4,Atlantic Ocean,Neuston net,0.136068,High
30.15,-62.18,1999,4,Atlantic Ocean,Neuston net,0.22894,High
29.191783,-13.580567,2013,9,Atlantic Ocean,Manta net,0.232414,High
25.53,-79.48,1996,3,Atlantic Ocean,Neuston net,0.015552,Low
26.03,-58.63,1986,10,Atlantic Ocean,Neuston net,0.177776,High
29.000943,-138.032,2015,7,Pacific Ocean,Manta net,0.857739,High
28.76,-79.47,2003,5,Atlantic Ocean,Neuston net,0.01296,Low
26.12,-78.53,1992,4,Atlantic Ocean,Neuston net,0.0,Low
27.7084,-82.6092,2017,7,Atlantic Ocean,Van Dorn sampler,1000.0,High
30.4287,-81.3915,2014,7,Atlantic Ocean,Grab sample,0.0,Low
16.57,-60.48,1992,11,Atlantic Ocean,Neuston net,0.0027,Low
19.57,-59.48,1992,11,Atlantic Ocean,Neuston net,0.0,Low
14.2614,-54.2809,2014,12,Atlantic Ocean,Grab sample,0.003,Low
14.02,-58.95,1986,10,Atlantic Ocean,Neuston net,0.0,Low
21.42,-142.07,2006,7,Pacific Ocean,Neuston net,0.0,Low
21.15,-142.77,2008,5,Pacific Ocean,Neuston net,0.0,Low
-24.4952,-126.6168,2011,4,Pacific Ocean,Manta net,0.056111,Low
-29.71,-46.582,2015,8,Atlantic Ocean,Grab sample,0.002,Low
-28.5773,-24.9763,2010,11,Atlantic Ocean,Neuston net,0.043562,Low
-14.49,-146.49,2002,2,Pacific Ocean,Neuston net,0.0,Low
5.28,-146.64,2009,7,Pacific Ocean,Neuston net,0.0,Low
19.73,-146.63,2005,7,Pacific Ocean,Neuston net,0.0,Low
19.15,-154.81,2003,4,Pacific Ocean,Neuston net,0.0,Low
33.35,-150.87,2011,10,Pacific Ocean,Neuston net,0.0,Low
33.074,35.101667,2015,5,Atlantic Ocean,Manta net,1.805296,High
32.726333,34.939,2013,10,Atlantic Ocean,Manta net,11.506908,High
26.24,-165.56,2002,5,Pacific Ocean,Neuston net,0.010636,Low
58.090833,-3.540667,2019,1,Atlantic Ocean,Neuston net,0.004684,Low
57.667833,-6.565667,2022,1,Atlantic Ocean,Neuston net,0.325543,High
55.986833,-2.290167,2020,1,Atlantic Ocean,Neuston net,0.036143,Low
10.33,-156.71,2012,4,Pacific Ocean,Neuston net,0.00216,Low
12.52,-156.96,2005,3,Pacific Ocean,Neuston net,0.0072,Low
42.5,-63.7,2003,6,Atlantic Ocean,Neuston net,0.0,Low
43.18,-67.98,1992,5,Atlantic Ocean,Neuston net,0.0,Low
42.726433,6.32375,2019,7,Atlantic Ocean,Manta net,0.047767,Low
50.382219,1.091096,2020,11,Atlantic Ocean,Manta net,0.225071,High
58.4738,-3.1008,2014,11,Atlantic Ocean,Grab sample,0.002,Low
40.03,-69.14,2006,10,Atlantic Ocean,Neuston net,0.0,Low
38.0735,-27.432,2019,6,Atlantic Ocean,Manta net,0.244531,High
41.038333,17.584,2013,5,Atlantic Ocean,Neuston net,7.878788,High
41.373055,2.191604,2020,10,Atlantic Ocean,Manta net,0.287333,High
31.27,-63.78,2000,4,Atlantic Ocean,Neuston net,0.073436,Low
41.35,-69.18,2007,7,Atlantic Ocean,Neuston net,0.0,Low
22.08,-58.53,1993,10,Atlantic Ocean,Neuston net,0.045356,Low
25.49,-68.24,1999,2,Atlantic Ocean,Neuston net,0.326672,High
26.37,-72.35,1995,5,Atlantic Ocean,Neuston net,0.058316,Low
27.58,-65.05,1999,5,Atlantic Ocean,Neuston net,0.13576,High
22.8395,-19.3,2014,11,Atlantic Ocean,Grab sample,0.0,Low
40.2589,-130.0129,2015,9,Pacific Ocean,Manta net,0.271092,High
24.29,-81.95,2006,4,Atlantic Ocean,Neuston net,0.01296,Low
25.27,-77.23,1997,5,Atlantic Ocean,Neuston net,0.034556,Low
24.78,-75.63,1996,2,Atlantic Ocean,Neuston net,0.00864,Low
27.14,-60.1,1996,10,Atlantic Ocean,Neuston net,0.24622,High
25.28,-147.0,2011,6,Pacific Ocean,Neuston net,2.712124,High
26.6,-142.77,2006,5,Pacific Ocean,Neuston net,0.0,Low
29.37,-139.91,2009,5,Pacific Ocean,Neuston net,0.0,Low
26.42,-78.17,2003,2,Atlantic Ocean,Neuston net,0.0,Low
27.8493,-82.4314,2016,11,Atlantic Ocean,Plankton net,1.8,High
15.87,-63.85,1991,11,Atlantic Ocean,Neuston net,0.0,Low
15.26,-62.65,1987,12,Atlantic Ocean,Neuston net,0.00216,Low
15.23,-62.78,1992,12,Atlantic Ocean,Neuston net,0.0,Low
14.0333,-50.6333,2014,12,Atlantic Ocean,Grab sample,0.013,Low
24.73,-139.58,2008,10,Pacific Ocean,Neuston net,0.0,Low
24.408,-144.860833,2019,11,Pacific Ocean,Manta net,0.692863,High
19.43,-145.47,2005,12,Pacific Ocean,Neuston net,0.00432,Low
19.75,-79.29,2004,4,Atlantic Ocean,Neuston net,0.01728,Low
17.0,-78.19,1999,3,Atlantic Ocean,Neuston net,0.00216,Low
16.77,-81.33,1987,2,Atlantic Ocean,Neuston net,0.0,Low
16.76,-81.93,2000,3,Atlantic Ocean,Neuston net,0.032396,Low
18.2243,-64.3198,2016,1,Atlantic Ocean,Grab sample,0.0,Low
-31.1743,-94.3172,2011,4,Pacific Ocean,Neuston net,0.028745,Low
-33.2157,-1.2692,2010,12,Atlantic Ocean,Neuston net,0.756299,High
-14.12,-144.53,2003,4,Pacific Ocean,Neuston net,0.0,Low
-8.69,-127.47,2001,12,Pacific Ocean,Neuston net,0.0,Low
-1.0,-89.0,2017,10,Pacific Ocean,Plankton net,0.42,High
19.73,-146.63,2005,3,Pacific Ocean,Neuston net,0.0,Low
66.1312,40.2519,2019,10,Arctic Ocean,Neuston net,0.0,Low
10.33,-156.71,2011,11,Pacific Ocean,Neuston net,0.00216,Low
12.52,-156.96,2005,10,Pacific Ocean,Neuston net,0.0072,Low
33.09,-156.27,2006,4,Pacific Ocean,Neuston net,0.00266,Low
33.56,-152.27,2012,4,Pacific Ocean,Neuston net,0.0,Low
29.301,-162.048,2009,7,Pacific Ocean,Neuston net,1.481736,High
55.57325,-143.059667,2019,2,Pacific Ocean,Neuston net,0.0,Low
56.88,-136.1,2002,7,Pacific Ocean,Neuston net,0.0,Low
57.627333,-6.966,2022,1,Atlantic Ocean,Neuston net,0.015253,Low
56.168833,-4.791,2019,11,Atlantic Ocean,Neuston net,0.017113,Low
8.38,-151.97,2011,7,Pacific Ocean,Neuston net,0.003456,Low
39.655,19.982,2014,10,Atlantic Ocean,Manta net,0.92,High
38.201,7.813,2013,6,Atlantic Ocean,Neuston net,1.164875,High
42.53,-62.27,1999,7,Atlantic Ocean,Neuston net,0.0,Low
42.37,-70.44,2003,7,Atlantic Ocean,Neuston net,0.0,Low
47.581,-3.252333,2020,8,Atlantic Ocean,Manta net,0.023648,Low
42.8009,8.5459,2013,7,Atlantic Ocean,Manta net,0.56875,High
34.08,-65.31,2007,5,Atlantic Ocean,Neuston net,0.009952,Low
35.82,-65.81,1989,6,Atlantic Ocean,Neuston net,0.034556,Low
40.02,-71.3,1993,10,Atlantic Ocean,Neuston net,0.0,Low
40.25,-66.03,1995,5,Atlantic Ocean,Neuston net,0.00432,Low
37.447832,-38.825687,2020,11,Atlantic Ocean,Manta net,0.0,Low
27.0951,-18.219,2014,11,Atlantic Ocean,Grab sample,0.015,Low
35.59465,-132.87865,2015,9,Pacific Ocean,Manta net,1.574961,High
33.8045,-135.7884,2018,10,Pacific Ocean,Manta net,8.89101,High
34.67,-65.48,1992,5,Atlantic Ocean,Neuston net,0.086392,High
24.52,-82.67,1993,1,Atlantic Ocean,Neuston net,0.0,Low
24.48,-81.66,2000,2,Atlantic Ocean,Neuston net,0.043196,Low
25.04,-79.43,2000,4,Atlantic Ocean,Neuston net,0.0,Low
23.79,-74.96,1999,4,Atlantic Ocean,Neuston net,0.041036,Low
26.17,-71.52,1997,4,Atlantic Ocean,Neuston net,0.005892,Low
24.56417,-19.78873,2016,11,Atlantic Ocean,Neuston net,0.004566,Low
27.9976,-82.5863,2016,8,Atlantic Ocean,Van Dorn sampler,2000.0,High
18.4875,-35.6742,2014,12,Atlantic Ocean,Grab sample,0.027,Low
24.73,-139.58,2009,2,Pacific Ocean,Neuston net,0.0,Low
25.69,-141.14,2009,5,Pacific Ocean,Neuston net,0.0,Low
28.54,-140.09,2008,7,Pacific Ocean,Neuston net,0.0,Low
29.467,-138.8152,2014,9,Pacific Ocean,Grab sample,0.008,Low
29.05,-80.15,1996,5,Atlantic Ocean,Neuston net,0.01296,Low
16.15,-71.94,2002,12,Atlantic Ocean,Neuston net,0.0,Low
19.43,-69.12,2004,3,Atlantic Ocean,Neuston net,0.015428,Low
17.35,-60.34,1996,11,Atlantic Ocean,Neuston net,0.00216,Low
16.11,-60.69,2006,11,Atlantic Ocean,Neuston net,0.0216,Low
16.9754,-61.7814,2016,3,Atlantic Ocean,Grab sample,0.01,Low
14.4156,-60.4058,2014,12,Atlantic Ocean,Grab sample,0.006,Low
15.78,-75.5,1991,12,Atlantic Ocean,Neuston net,0.00216,Low
16.4,-81.34,1998,12,Atlantic Ocean,Neuston net,0.0,Low
16.75,-83.7,2006,3,Atlantic Ocean,Neuston net,0.01478,Low
17.74,-86.02,2002,4,Atlantic Ocean,Neuston net,0.00432,Low
10.8505,-85.798,2015,9,Pacific Ocean,Grab sample,0.004,Low
14.73,-71.28,1995,12,Atlantic Ocean,Neuston net,0.086392,High
-28.032,-15.3368,2011,1,Atlantic Ocean,Neuston net,0.929115,High
4.28,-143.82,2003,2,Pacific Ocean,Neuston net,0.0,Low
19.96,-146.64,2007,3,Pacific Ocean,Neuston net,0.00216,Low
19.51,-144.23,2011,10,Pacific Ocean,Neuston net,0.0,Low
19.31,-74.63,2006,12,Atlantic Ocean,Neuston net,0.018892,Low
17.93286,-76.83644,2017,11,Atlantic Ocean,Manta net,0.11,High
36.41775,-148.8748,2015,8,Pacific Ocean,Manta net,4.773962,High
60.787833,1.413,2014,1,Atlantic Ocean,Neuston net,0.018074,Low
86.75014,-140.88221,2016,8,Arctic Ocean,CTD rosette sampler,21.0,High
7.43,-149.9,2012,11,Pacific Ocean,Neuston net,0.07098,Low
14.12,-157.12,2004,5,Pacific Ocean,Neuston net,0.004548,Low
32.76,-150.21,2005,11,Pacific Ocean,Neuston net,0.0,Low
33.02,-152.9,2010,12,Pacific Ocean,Neuston net,0.0,Low
46.2,-58.98,2001,8,Atlantic Ocean,Neuston net,0.00864,Low
42.83,-69.3,2006,7,Atlantic Ocean,Neuston net,0.00216,Low
43.2475,5.2803,2019,5,Atlantic Ocean,Manta net,0.057351,Low
58.1225,-14.4405,2019,9,Atlantic Ocean,Neuston net,0.0,Low
55.941,-4.886,2018,10,Atlantic Ocean,Neuston net,0.093252,High
56.044667,-3.163167,2017,12,Atlantic Ocean,Neuston net,0.0,Low
36.17,-59.18,2003,10,Atlantic Ocean,Neuston net,0.129588,High
33.07,-60.87,1992,10,Atlantic Ocean,Neuston net,0.02376,Low
37.56,-0.861667,2015,3,Atlantic Ocean,Manta net,0.283,High
32.8725,-17.342833,2014,7,Atlantic Ocean,Manta net,0.494305,High
38.025167,11.2825,2021,9,Atlantic Ocean,Manta net,0.283038,High
44.26,-61.68,2002,6,Atlantic Ocean,Neuston net,0.0,Low
34.9,-64.77,1987,5,Atlantic Ocean,Neuston net,0.145016,High
36.52,-66.62,1995,10,Atlantic Ocean,Neuston net,0.00432,Low
42.18,-70.33,2001,7,Atlantic Ocean,Neuston net,0.0,Low
40.1,-70.08,1994,8,Atlantic Ocean,Neuston net,0.0,Low
39.72,-68.86,1989,5,Atlantic Ocean,Neuston net,0.00216,Low
32.04,-62.79,2005,4,Atlantic Ocean,Neuston net,0.0,Low
28.9639,-38.8362,2013,6,Atlantic Ocean,Neuston net,0.938901,High
30.134,-15.8703,2015,9,Atlantic Ocean,Grab sample,0.002,Low
34.0542,-139.9865,2009,8,Pacific Ocean,Manta net,2.24,High
35.8875,-139.3993,2008,2,Pacific Ocean,Neuston net,1.583207,High
33.02275,-133.41515,2015,9,Pacific Ocean,Manta net,0.585087,High
37.3,-122.58,2002,8,Pacific Ocean,Neuston net,0.0,Low
24.1,-82.47,2007,12,Atlantic Ocean,Neuston net,0.073276,Low
24.82,-79.42,1998,1,Atlantic Ocean,Neuston net,0.006644,Low
22.98,-58.13,1991,10,Atlantic Ocean,Neuston net,0.0,Low
24.4336,-64.2781,2015,5,Atlantic Ocean,Grab sample,0.034,Low
22.62,-67.73,1998,2,Atlantic Ocean,Neuston net,0.0108,Low
24.67,-80.52,2004,2,Atlantic Ocean,Neuston net,0.0,Low
27.8524,-82.4093,2016,9,Atlantic Ocean,Van Dorn sampler,0.0,Low
17.81,-60.77,2000,4,Atlantic Ocean,Neuston net,0.0,Low
12.3861,-53.0978,2015,2,Atlantic Ocean,Grab sample,0.005,Low
12.43,-60.13,1996,11,Atlantic Ocean,Neuston net,0.00216,Low
26.83415,-130.4905,2015,9,Pacific Ocean,Manta net,0.379932,High
25.28,-147.0,2012,2,Pacific Ocean,Neuston net,2.712124,High
26.6,-142.77,2005,6,Pacific Ocean,Neuston net,0.0,Low
18.35,-75.3,1997,3,Atlantic Ocean,Neuston net,0.02162,Low
11.6,-66.75,1998,12,Atlantic Ocean,Neuston net,0.0,Low
16.27,-73.55,2008,12,Atlantic Ocean,Neuston net,0.0,Low
18.45,-64.4364,2016,6,Atlantic Ocean,Grab sample,0.0,Low
17.75,-63.67,1996,12,Atlantic Ocean,Neuston net,0.0072,Low
17.84,-65.0,1991,11,Atlantic Ocean,Neuston net,0.0,Low
-26.99447,-80.58385,2015,10,Pacific Ocean,Neuston net,0.047725,Low
-34.157,22.131833,2018,12,Indian Ocean,Manta net,0.111713,High
0.49,-141.9,2002,3,Pacific Ocean,Neuston net,0.0,Low
18.97,-143.47,2007,10,Pacific Ocean,Neuston net,0.0108,Low
18.98,-74.99,2002,3,Atlantic Ocean,Neuston net,0.049676,Low
40.58,-157.79,2009,4,Pacific Ocean,Neuston net,0.043748,Low
39.9,-157.2,2010,7,Pacific Ocean,Neuston net,0.0,Low
37.543,25.541,2017,7,Atlantic Ocean,Manta net,0.357143,High
-44.028333,-74.453333,2016,1,Pacific Ocean,Manta net,0.006475,Low
55.474,-4.915167,2021,9,Atlantic Ocean,Neuston net,0.016858,Low
-43.251,-57.864,2015,4,Atlantic Ocean,Grab sample,0.005,Low
16.36,-159.94,2003,12,Pacific Ocean,Neuston net,0.077752,Low
19.24,-156.55,2008,11,Pacific Ocean,Neuston net,0.0,Low
20.61,-155.0,2007,11,Pacific Ocean,Neuston net,0.0,Low
42.34,-70.31,2005,6,Atlantic Ocean,Neuston net,0.0,Low
52.069,-17.9905,2018,5,Atlantic Ocean,Intake seawater pump,0.0,Low
42.7603,4.1711,2014,10,Atlantic Ocean,Manta net,0.252554,High
42.953333,6.55,2018,7,Atlantic Ocean,Manta net,0.647431,High
42.732233,9.856067,2019,6,Atlantic Ocean,Manta net,0.247088,High
31.45,-61.06,2000,4,Atlantic Ocean,Neuston net,0.00432,Low
37.8097,-26.303433,2019,5,Atlantic Ocean,Manta net,0.25618,High
42.166833,16.633167,2013,5,Atlantic Ocean,Neuston net,1.187517,High
40.106333,3.7795,2012,8,Atlantic Ocean,Manta net,1.381632,High
42.71,-65.39,1990,8,Atlantic Ocean,Neuston net,0.0,Low
42.42,-69.08,1998,7,Atlantic Ocean,Neuston net,0.00432,Low
42.27,-69.29,2008,7,Atlantic Ocean,Neuston net,0.0,Low
39.99,-67.57,2001,6,Atlantic Ocean,Neuston net,0.0,Low
26.48,-58.03,1999,11,Atlantic Ocean,Neuston net,0.027768,Low
25.53,-71.07,1998,4,Atlantic Ocean,Neuston net,0.01728,Low
26.29,-65.15,2001,5,Atlantic Ocean,Neuston net,0.084232,High
21.4817,-32.7038,2014,11,Atlantic Ocean,Grab sample,0.006,Low
33.669,-141.131667,2019,12,Pacific Ocean,Manta net,6.293373,High
33.3557,-134.8486,2010,10,Pacific Ocean,Manta net,4.551,High
25.11,-83.88,2007,2,Atlantic Ocean,Neuston net,0.00432,Low
24.5,-82.77,2000,2,Atlantic Ocean,Neuston net,0.00432,Low
25.3,-76.17,1993,5,Atlantic Ocean,Neuston net,0.045744,Low
23.8,-75.15,1995,5,Atlantic Ocean,Neuston net,0.0,Low
27.49,-56.72,2000,10,Atlantic Ocean,Neuston net,0.129588,High
27.82,-78.56,2007,4,Atlantic Ocean,Neuston net,0.039624,Low
27.9687,-82.5621,2016,6,Atlantic Ocean,Van Dorn sampler,0.0,Low
28.72,-140.03,2005,11,Pacific Ocean,Neuston net,0.0,Low
31.001742,-143.8345,2015,8,Pacific Ocean,Manta net,7.0435,High
24.45,-110.09,2002,12,Pacific Ocean,Neuston net,0.0,Low
30.28,-76.22,1998,4,Atlantic Ocean,Neuston net,0.207344,High
26.14,-78.48,1995,5,Atlantic Ocean,Neuston net,0.083864,High
26.27,-78.57,1994,2,Atlantic Ocean,Neuston net,0.036756,Low
13.92,-78.9,1993,3,Atlantic Ocean,Neuston net,0.0,Low
17.4807,-62.9901,2014,2,Atlantic Ocean,Grab sample,0.012,Low
13.88,-61.71,2004,11,Atlantic Ocean,Neuston net,0.0,Low
16.01,-45.6,2014,12,Atlantic Ocean,Grab sample,0.171,High
15.5717,-47.4847,2014,12,Atlantic Ocean,Grab sample,0.008,Low
17.8248,-24.3158,2014,11,Atlantic Ocean,Grab sample,0.114,High
18.45,-76.48,1993,2,Atlantic Ocean,Neuston net,0.00216,Low
17.15,-77.87,1996,2,Atlantic Ocean,Neuston net,0.00864,Low
14.75,-81.67,1992,3,Atlantic Ocean,Neuston net,0.00648,Low
16.39,-84.34,2003,3,Atlantic Ocean,Neuston net,0.0,Low
-11.903017,-20.671967,2020,3,Atlantic Ocean,Manta net,0.005309,Low
4.41,-145.74,2011,11,Pacific Ocean,Neuston net,0.0,Low
18.99,-75.14,2005,3,Atlantic Ocean,Neuston net,0.0162,Low
18.34,-75.85,1987,2,Atlantic Ocean,Neuston net,0.0,Low
16.72,-74.38,1997,12,Atlantic Ocean,Neuston net,0.0,Low
16.22,-86.2,1999,3,Atlantic Ocean,Neuston net,0.0,Low
31.626,34.504333,2013,8,Atlantic Ocean,Manta net,0.889996,High
-37.603333,-57.113333,2015,10,Atlantic Ocean,Manta net,0.092006,High
16.28,-160.37,2005,8,Pacific Ocean,Neuston net,0.0,Low
18.1587,-155.9801,2007,11,Pacific Ocean,Neuston net,0.063771,Low
20.57,-154.86,2005,7,Pacific Ocean,Neuston net,0.0108,Low
33.26,-156.98,2011,12,Pacific Ocean,Neuston net,0.0,Low
32.35,-155.1,2007,7,Pacific Ocean,Neuston net,0.0,Low
42.43,-66.23,1992,5,Atlantic Ocean,Neuston net,0.0,Low
56.381167,-2.523667,2020,1,Atlantic Ocean,Neuston net,0.009888,Low
58.229,-6.093,2019,1,Atlantic Ocean,Neuston net,0.0,Low
54.6945,-4.1675,2016,1,Atlantic Ocean,Neuston net,0.062421,Low
55.879,-4.909,2014,11,Atlantic Ocean,Neuston net,0.005753,Low
33.950063,-13.300317,2015,11,Atlantic Ocean,Intake seawater pump,6.5,High
36.78695,2.86953,2018,4,Atlantic Ocean,Manta net,2.053919,High
36.78695,2.86953,2018,11,Atlantic Ocean,Manta net,1.440699,High
49.5267,-124.6334,2015,6,Pacific Ocean,Grab sample,0.002,Low
47.734,-147.644917,2019,2,Pacific Ocean,Neuston net,0.0,Low
33.28,-65.15,2001,7,Atlantic Ocean,Neuston net,0.0,Low
36.62,-63.95,2003,5,Atlantic Ocean,Neuston net,0.100792,High
41.2467,-72.5136,2013,10,Atlantic Ocean,Grab sample,0.008,Low
40.36,-63.27,2006,10,Atlantic Ocean,Neuston net,0.005184,Low
37.23,-66.62,1997,10,Atlantic Ocean,Neuston net,0.0,Low
42.23,-52.17,1992,7,Atlantic Ocean,Neuston net,0.030236,Low
29.13,-68.9,1994,5,Atlantic Ocean,Neuston net,0.009388,Low
34.8108,-145.59745,2015,8,Pacific Ocean,Manta net,9.622925,High
36.29165,-145.7333,2015,8,Pacific Ocean,Manta net,1.602424,High
32.84,-64.69,1999,5,Atlantic Ocean,Neuston net,0.050396,Low
33.25,-64.64,2001,5,Atlantic Ocean,Neuston net,0.0108,Low
23.27,-74.92,1996,2,Atlantic Ocean,Neuston net,0.0,Low
30.2,-61.45,1996,10,Atlantic Ocean,Neuston net,0.155508,High
23.28,-59.93,1995,11,Atlantic Ocean,Neuston net,0.017788,Low
21.62,-69.95,1991,5,Atlantic Ocean,Neuston net,0.0,Low
24.08,-70.12,1990,4,Atlantic Ocean,Neuston net,0.00432,Low
29.27,-69.18,1995,5,Atlantic Ocean,Neuston net,0.123112,High
24.08,-80.12,1997,3,Atlantic Ocean,Neuston net,0.01944,Low
19.98,-58.1,1997,11,Atlantic Ocean,Neuston net,0.0216,Low
13.95,-61.88,1987,12,Atlantic Ocean,Neuston net,0.00432,Low
28.5389,-132.2181,2015,9,Pacific Ocean,Manta net,2.0441,High
20.15,-147.77,2010,10,Pacific Ocean,Neuston net,0.0,Low
23.15,-144.69,2004,2,Pacific Ocean,Neuston net,0.0,Low
28.71,-147.015,2018,11,Pacific Ocean,Manta net,2.093125,High
16.57,-84.95,1994,4,Atlantic Ocean,Neuston net,0.0,Low
17.65,-82.97,1997,12,Atlantic Ocean,Neuston net,0.00216,Low
13.63,-62.7,1991,12,Atlantic Ocean,Neuston net,0.00432,Low
13.97,-69.55,1996,12,Atlantic Ocean,Neuston net,0.0,Low
17.0,-63.72,1989,12,Atlantic Ocean,Neuston net,0.0,Low
14.99,-62.27,2003,12,Atlantic Ocean,Neuston net,0.00216,Low
-24.909487,9.11735,2015,11,Atlantic Ocean,Intake seawater pump,1.5,High
-0.7485,-90.3131,2014,11,Pacific Ocean,Grab sample,0.001,Low
18.8,-77.96,2008,4,Atlantic Ocean,Neuston net,0.004628,Low
56.192833,-6.596667,2022,1,Atlantic Ocean,Neuston net,0.0,Low
67.329067,14.307017,2019,7,Arctic Ocean,Manta net,0.022057,Low
31.167,-155.033,1973,2,Pacific Ocean,Neuston net,0.001,Low
32.726333,34.939,2013,7,Atlantic Ocean,Manta net,2.607362,High
38.15,-64.77,1992,5,Atlantic Ocean,Neuston net,0.01728,Low
36.835967,-8.0869,2019,8,Atlantic Ocean,Manta net,0.0,Low
47.9,-125.07,2002,8,Pacific Ocean,Neuston net,0.0,Low
44.18,-59.1,1994,7,Atlantic Ocean,Neuston net,0.045356,Low
31.8,-68.17,2001,4,Atlantic Ocean,Neuston net,0.038876,Low
35.07,-65.48,1996,5,Atlantic Ocean,Neuston net,0.2419,High
41.38,-68.33,2003,8,Atlantic Ocean,Neuston net,0.00432,Low
40.48,-70.6,1995,6,Atlantic Ocean,Neuston net,0.01728,Low
42.01,-67.91,1999,7,Atlantic Ocean,Neuston net,0.0,Low
32.997127,-139.5635,2015,8,Pacific Ocean,Manta net,1.393483,High
42.211167,-130.1615,2019,12,Pacific Ocean,Manta net,0.35126,High
35.0,-128.967,1972,4,Pacific Ocean,Neuston net,0.0,Low
20.4,-71.57,1992,12,Atlantic Ocean,Neuston net,0.00216,Low
23.47,-73.92,1993,2,Atlantic Ocean,Neuston net,0.0,Low
26.17,-72.5,1993,5,Atlantic Ocean,Neuston net,0.183584,High
30.39,-72.88,2001,4,Atlantic Ocean,Neuston net,0.23326,High
33.08,-147.02,2008,12,Pacific Ocean,Neuston net,0.0,Low
31.814,-139.9744,2018,10,Pacific Ocean,Manta net,9.797825,High
24.25,-80.32,1998,3,Atlantic Ocean,Neuston net,0.0,Low
24.76,-80.24,2001,3,Atlantic Ocean,Neuston net,0.0,Low
25.37,-76.0,1990,4,Atlantic Ocean,Neuston net,0.0,Low
24.05,-74.63,1998,2,Atlantic Ocean,Neuston net,0.00864,Low
23.78,-75.08,1993,5,Atlantic Ocean,Neuston net,0.449244,High
22.86,-59.8,2006,10,Atlantic Ocean,Neuston net,0.00864,Low
21.15,-142.77,2009,2,Pacific Ocean,Neuston net,0.0,Low
29.98,-140.0,2007,7,Pacific Ocean,Neuston net,0.0,Low
31.06,-143.46,2004,1,Pacific Ocean,Neuston net,0.0,Low
25.73,-76.26,2000,2,Atlantic Ocean,Neuston net,0.01728,Low
27.66,-79.22,2002,5,Atlantic Ocean,Neuston net,0.0,Low
16.68,-71.35,1989,12,Atlantic Ocean,Neuston net,0.0,Low
18.47,-67.82,1993,12,Atlantic Ocean,Neuston net,0.0,Low
16.9,-64.06,1999,12,Atlantic Ocean,Neuston net,0.003084,Low
15.0737,-58.8173,2014,12,Atlantic Ocean,Grab sample,0.015,Low
16.154,-47.8797,2014,11,Atlantic Ocean,Grab sample,0.06,Low
24.03,-138.44,2010,10,Pacific Ocean,Neuston net,0.0,Low
13.84,-64.9,2000,12,Atlantic Ocean,Neuston net,0.0,Low
14.19,-71.09,2000,12,Atlantic Ocean,Neuston net,0.0,Low
13.63,-70.97,1991,12,Atlantic Ocean,Neuston net,0.0,Low
12.62,-68.48,1991,12,Atlantic Ocean,Neuston net,0.0,Low
17.02,-72.57,1994,12,Atlantic Ocean,Neuston net,0.00216,Low
-31.1743,-94.3172,2011,4,Pacific Ocean,Manta net,0.026391,Low
-32.3817,-88.1103,2011,3,Pacific Ocean,Manta net,0.259965,High
-13.64,-144.69,2003,3,Pacific Ocean,Neuston net,0.0,Low
-23.8528,-6.3298,2011,1,Atlantic Ocean,Neuston net,0.225402,High
-8.49,-142.18,2003,3,Pacific Ocean,Neuston net,0.00214,Low
-5.79,-111.28,2001,12,Pacific Ocean,Neuston net,0.0,Low
56.057667,-2.892167,2014,12,Atlantic Ocean,Neuston net,0.09027,High
65.55085,-26.644,2018,7,Atlantic Ocean,Manta net,0.025887,Low
19.95,-156.16,2006,10,Pacific Ocean,Neuston net,0.0,Low
32.35,-155.1,2008,6,Pacific Ocean,Neuston net,0.0,Low
33.1,-149.63,2008,7,Pacific Ocean,Neuston net,0.00216,Low
31.8705,34.6625,2014,5,Atlantic Ocean,Manta net,28.363106,High
45.274333,-129.018667,2019,12,Pacific Ocean,Manta net,0.219575,High
42.64,-63.05,2000,8,Atlantic Ocean,Neuston net,0.0,Low
43.95385,4.792683,2018,8,Atlantic Ocean,Manta net,0.246132,High
56.072333,-2.969833,2019,11,Atlantic Ocean,Neuston net,0.009525,Low
56.136333,-3.024667,2014,12,Atlantic Ocean,Neuston net,0.008567,Low
40.18,-64.8,1990,10,Atlantic Ocean,Neuston net,0.006912,Low
35.67006,-27.74245,2020,11,Atlantic Ocean,Manta net,0.406777,High
39.085667,9.110667,2020,8,Atlantic Ocean,Manta net,0.053306,Low
39.800667,6.999833,2013,6,Atlantic Ocean,Neuston net,12.459936,High
41.397303,2.21315,2020,11,Atlantic Ocean,Manta net,0.106667,High
41.397303,2.21315,2021,1,Atlantic Ocean,Manta net,1.037333,High
37.37,-69.38,1987,5,Atlantic Ocean,Neuston net,0.00648,Low
38.88,-69.29,1995,6,Atlantic Ocean,Neuston net,0.0,Low
41.45,-68.67,2000,9,Atlantic Ocean,Neuston net,0.0,Low
40.02,-68.95,2006,7,Atlantic Ocean,Neuston net,0.0,Low
32.1176,-148.19875,2015,8,Pacific Ocean,Manta net,0.322387,High
32.3905,-125.8473,2014,9,Pacific Ocean,Grab sample,0.016,Low
37.7,-122.1911,2014,10,Pacific Ocean,Grab sample,0.002,Low
31.44,-70.95,1999,4,Atlantic Ocean,Neuston net,0.0,Low
36.32,-64.82,2007,10,Atlantic Ocean,Neuston net,0.016636,Low
27.36,-67.77,1997,4,Atlantic Ocean,Neuston net,0.0135,Low
30.28,-66.4,1990,5,Atlantic Ocean,Neuston net,0.00648,Low
20.9115,-35.971,2014,12,Atlantic Ocean,Grab sample,0.01,Low
20.5867,-33.88,2014,12,Atlantic Ocean,Grab sample,0.003,Low
30.1167,-15.8833,2015,9,Atlantic Ocean,Grab sample,0.001,Low
31.2437,-146.2043,2015,8,Pacific Ocean,Manta net,1.064675,High
24.1,-81.03,1994,1,Atlantic Ocean,Neuston net,0.0,Low
29.43,-60.28,2000,10,Atlantic Ocean,Neuston net,0.032396,Low
25.58,-56.28,1992,10,Atlantic Ocean,Neuston net,0.025916,Low
22.9,-72.07,1993,2,Atlantic Ocean,Neuston net,0.00216,Low
24.21,-69.41,1997,4,Atlantic Ocean,Neuston net,0.028076,Low
27.5,-78.88,1994,2,Atlantic Ocean,Neuston net,0.0,Low
27.61,-82.7832,2017,6,Atlantic Ocean,Van Dorn sampler,0.0,Low
11.92,-62.27,1995,12,Atlantic Ocean,Neuston net,0.0,Low
18.27,-64.47,1997,12,Atlantic Ocean,Neuston net,0.0,Low
13.37,-61.56,2002,11,Atlantic Ocean,Neuston net,0.001964,Low
20.15,-147.77,2009,6,Pacific Ocean,Neuston net,0.0,Low
31.06,-143.46,2005,5,Pacific Ocean,Neuston net,0.00216,Low
25.82,-76.19,2004,2,Atlantic Ocean,Neuston net,0.0,Low
16.51,-144.42,2015,7,Pacific Ocean,Grab sample,0.017,Low
19.24,-143.41,2009,6,Pacific Ocean,Neuston net,0.0,Low
18.38,-75.45,1993,12,Atlantic Ocean,Neuston net,0.0,Low
12.86,-66.22,2004,12,Atlantic Ocean,Neuston net,0.0,Low
-25.9968,-36.4999,2010,11,Atlantic Ocean,Neuston net,0.154822,High
-16.2435,-22.5333,2010,9,Atlantic Ocean,Neuston net,0.018868,Low
-5.52,-106.54,2016,5,Pacific Ocean,Grab sample,0.002,Low
19.8,-143.03,2011,6,Pacific Ocean,Neuston net,0.0,Low
17.93189,-76.83481,2017,12,Atlantic Ocean,Manta net,0.02,Low
18.47,-76.03,2001,2,Atlantic Ocean,Neuston net,0.0216,Low
31.3132,-158.7325,2009,9,Pacific Ocean,Neuston net,0.024922,Low
7.78,-163.92,2002,4,Pacific Ocean,Neuston net,0.0,Low
56.199833,-6.5535,2018,1,Atlantic Ocean,Neuston net,0.015297,Low
58.633167,0.063167,2018,1,Atlantic Ocean,Neuston net,0.016958,Low
62.410767,5.6512,2019,9,Arctic Ocean,Manta net,0.366138,High
25.06,-156.94,2003,7,Pacific Ocean,Neuston net,0.0,Low
32.35,-155.1,2008,12,Pacific Ocean,Neuston net,0.0,Low
36.666667,-3.933333,2017,8,Atlantic Ocean,Manta net,0.052784,Low
39.419,19.619,2014,10,Atlantic Ocean,Manta net,1.783333,High
41.9622,9.9784,2014,7,Atlantic Ocean,Manta net,1.27022,High
39.993333,1.616667,2017,8,Atlantic Ocean,Manta net,1.265758,High
44.49,-61.11,1989,7,Atlantic Ocean,Neuston net,0.00432,Low
46.29,-57.62,1989,7,Atlantic Ocean,Neuston net,0.002088,Low
35.43,-65.5,1996,10,Atlantic Ocean,Neuston net,0.04504,Low
40.24,-70.13,1999,7,Atlantic Ocean,Neuston net,0.00216,Low
39.06,-63.52,2007,5,Atlantic Ocean,Neuston net,0.015632,Low
38.43987,-9.09325,2019,2,Atlantic Ocean,Neuston net,0.411862,High
31.5483,-123.3117,2018,12,Pacific Ocean,Manta net,0.591976,High
32.6,-75.14,2004,5,Atlantic Ocean,Neuston net,0.0,Low
28.65,-71.97,1997,5,Atlantic Ocean,Neuston net,0.030828,Low
31.0,-74.0,2003,5,Atlantic Ocean,Neuston net,0.26998,High
26.4148,-25.07,2014,11,Atlantic Ocean,Grab sample,0.006,Low
32.84,-147.81,2006,4,Pacific Ocean,Neuston net,0.0,Low
39.0,-135.0,1972,10,Pacific Ocean,Neuston net,0.06,Low
24.38,-82.92,2008,1,Atlantic Ocean,Neuston net,0.001776,Low
29.13,-58.88,1996,10,Atlantic Ocean,Neuston net,0.222464,High
27.92,-60.18,1993,10,Atlantic Ocean,Neuston net,0.02376,Low
21.72,-57.32,2005,10,Atlantic Ocean,Neuston net,0.007912,Low
20.4,-57.95,1994,11,Atlantic Ocean,Neuston net,0.00648,Low
24.83,-73.47,1997,5,Atlantic Ocean,Neuston net,0.032396,Low
28.90445,-140.1662,2015,8,Pacific Ocean,Manta net,1.655169,High
29.007998,-136.255,2015,7,Pacific Ocean,Manta net,0.838474,High
29.8842,-137.6358,2015,8,Pacific Ocean,Manta net,5.915841,High
31.06,-143.46,2004,12,Pacific Ocean,Neuston net,0.00216,Low
25.93,-76.72,1992,4,Atlantic Ocean,Neuston net,0.01296,Low
26.28,-79.76,2001,2,Atlantic Ocean,Neuston net,0.01728,Low
13.6,-60.73,1994,11,Atlantic Ocean,Neuston net,0.0,Low
13.47,-60.41,1999,11,Atlantic Ocean,Neuston net,0.0,Low
23.52,-141.63,2012,6,Pacific Ocean,Neuston net,0.101364,High
24.03,-138.44,2011,6,Pacific Ocean,Neuston net,0.0,Low
26.14,-143.12,2012,6,Pacific Ocean,Neuston net,0.037872,Low
28.04,-140.48,2005,1,Pacific Ocean,Neuston net,0.0,Low
17.26,-78.5,2001,2,Atlantic Ocean,Neuston net,0.0,Low
20.0,-70.8,1992,2,Atlantic Ocean,Neuston net,0.007204,Low
18.3269,-64.7968,2016,5,Atlantic Ocean,Grab sample,0.003,Low
16.97,-62.68,1989,12,Atlantic Ocean,Neuston net,0.01512,Low
15.73,-60.3,1998,11,Atlantic Ocean,Neuston net,0.0,Low
14.1281,-60.7911,2014,12,Atlantic Ocean,Grab sample,0.0,Low
0.5,-86.0,2017,10,Pacific Ocean,Plankton net,0.88,High
6.32,-87.77,2001,11,Pacific Ocean,Neuston net,0.0,Low
19.96,-146.64,2008,5,Pacific Ocean,Neuston net,0.00216,Low
19.8,-143.03,2011,3,Pacific Ocean,Neuston net,0.0,Low
13.31,-117.78,2002,12,Pacific Ocean,Neuston net,0.004236,Low
19.88,-79.55,1996,12,Atlantic Ocean,Neuston net,0.0,Low
31.7495,34.5525,2015,5,Atlantic Ocean,Manta net,25.485357,High
56.854333,-2.190167,2020,1,Atlantic Ocean,Neuston net,0.0,Low
57.039,-2.0655,2020,1,Atlantic Ocean,Neuston net,0.0,Low
58.681,-3.510667,2014,1,Atlantic Ocean,Neuston net,0.0,Low
54.633667,10.046167,2020,7,Atlantic Ocean,Manta net,0.009389,Low
25.1671,-156.26965,2015,8,Pacific Ocean,Manta net,0.052272,Low
33.47,-151.63,2009,4,Pacific Ocean,Neuston net,0.00864,Low
47.5555,-137.070333,2019,2,Pacific Ocean,Neuston net,0.0,Low
47.27,-56.27,1992,8,Atlantic Ocean,Neuston net,0.0,Low
42.6043,8.7248,2010,7,Atlantic Ocean,Neuston net,3.802136,High
41.6,-69.21,1991,6,Atlantic Ocean,Neuston net,0.00216,Low
39.87,-68.24,2002,9,Atlantic Ocean,Neuston net,0.00864,Low
33.55,-61.18,1993,10,Atlantic Ocean,Neuston net,0.045356,Low
37.71,-25.598333,2013,10,Atlantic Ocean,Manta net,0.444409,High
36.78695,2.86953,2018,6,Atlantic Ocean,Manta net,1.263382,High
41.379079,2.194423,2021,3,Atlantic Ocean,Manta net,1.029333,High
36.6822,-144.8449,2007,9,Pacific Ocean,Neuston net,5.922603,High
29.79,-64.82,2001,5,Atlantic Ocean,Neuston net,0.200616,High
30.68,-67.94,2000,6,Atlantic Ocean,Neuston net,0.944668,High
28.82,-70.45,1991,5,Atlantic Ocean,Neuston net,0.064796,Low
25.620409,-18.164789,2015,11,Atlantic Ocean,Intake seawater pump,2.5,High
32.84,-147.81,2006,12,Pacific Ocean,Neuston net,0.0,Low
32.0508,-137.9166,2009,8,Pacific Ocean,Manta net,2.317,High
24.76,-79.7,1999,3,Atlantic Ocean,Neuston net,0.0,Low
28.43,-60.28,1995,11,Atlantic Ocean,Neuston net,0.023256,Low
26.2,-59.95,1995,11,Atlantic Ocean,Neuston net,0.11844,High
20.19,-70.83,2005,3,Atlantic Ocean,Neuston net,0.0,Low
20.85,-73.82,1987,2,Atlantic Ocean,Neuston net,0.0,Low
26.15,-75.47,1994,5,Atlantic Ocean,Neuston net,0.0,Low
25.93,-77.79,2006,3,Atlantic Ocean,Neuston net,0.00216,Low
28.28,-78.5,1997,2,Atlantic Ocean,Neuston net,0.0,Low
28.06,-79.61,1999,2,Atlantic Ocean,Neuston net,0.0,Low
27.6934,-82.5559,2017,7,Atlantic Ocean,Van Dorn sampler,0.0,Low
17.5873,-46.475,2014,12,Atlantic Ocean,Grab sample,0.0,Low
18.6749,-23.3573,2014,11,Atlantic Ocean,Grab sample,0.002,Low
29.29525,-133.14445,2015,9,Pacific Ocean,Manta net,3.160259,High
26.14,-143.12,2012,10,Pacific Ocean,Neuston net,1.34614,High
27.33,-142.18,2004,2,Pacific Ocean,Neuston net,0.0,Low
16.33,-78.82,1997,12,Atlantic Ocean,Neuston net,0.0,Low
12.31,-61.93,2003,12,Atlantic Ocean,Neuston net,0.0,Low
14.62,-71.35,1995,12,Atlantic Ocean,Neuston net,0.0,Low
14.86,-65.75,2000,12,Atlantic Ocean,Neuston net,0.001964,Low
13.22,-58.05,2007,10,Atlantic Ocean,Neuston net,0.0,Low
13.35,-61.38,1992,11,Atlantic Ocean,Neuston net,0.00216,Low
-16.7,-4.3,2014,5,Atlantic Ocean,Grab sample,0.002,Low
-8.66,-140.07,2002,2,Pacific Ocean,Neuston net,0.0,Low
2.19,-135.73,2012,4,Pacific Ocean,Neuston net,0.0,Low
19.24,-143.41,2009,11,Pacific Ocean,Neuston net,0.0,Low
19.13,-77.69,2003,3,Atlantic Ocean,Neuston net,0.0,Low
40.38,-157.49,2011,8,Pacific Ocean,Neuston net,0.44862,High
55.586833,-4.7855,2018,11,Atlantic Ocean,Neuston net,0.0,Low
56.086333,-2.839667,2014,1,Atlantic Ocean,Neuston net,0.084671,High
68.240617,14.202267,2019,8,Arctic Ocean,Manta net,0.003265,Low
85.9511,-148.01,2016,8,Arctic Ocean,Intake seawater pump,0.0,Low
16.36,-159.94,2004,12,Pacific Ocean,Neuston net,0.016196,Low
19.95,-156.16,2005,12,Pacific Ocean,Neuston net,0.0,Low
42.56,-69.49,2005,9,Atlantic Ocean,Neuston net,0.00432,Low
42.94,-70.46,2004,9,Atlantic Ocean,Neuston net,0.00288,Low
48.151167,-69.591667,2021,9,Atlantic Ocean,Manta net,0.004575,Low
50.5812,-2.4153,2015,6,Atlantic Ocean,Grab sample,0.006,Low
44.218833,9.396517,2018,6,Atlantic Ocean,Manta net,0.107163,High
57.1035,-6.504167,2022,1,Atlantic Ocean,Neuston net,0.059929,Low
36.017,23.163,2017,7,Atlantic Ocean,Manta net,0.385714,High
35.2688,19.026,2014,8,Atlantic Ocean,Manta net,1.643207,High
46.0767,-124.4126,2016,9,Pacific Ocean,Grab sample,0.005,Low
43.43,-64.55,1996,5,Atlantic Ocean,Neuston net,0.0036,Low
31.67,-73.67,2002,5,Atlantic Ocean,Neuston net,0.02376,Low
32.5,-67.08,2007,4,Atlantic Ocean,Neuston net,0.025916,Low
32.79,-65.16,1989,5,Atlantic Ocean,Neuston net,0.159828,High
38.71,-69.46,1998,10,Atlantic Ocean,Neuston net,0.0,Low
40.95,-70.61,1997,8,Atlantic Ocean,Neuston net,0.0,Low
40.8845,18.954667,2013,5,Atlantic Ocean,Neuston net,3.962358,High
32.84,-147.81,2007,7,Pacific Ocean,Neuston net,0.0,Low
39.90505,-139.5802,2015,8,Pacific Ocean,Manta net,2.587281,High
24.82,-75.98,1992,4,Atlantic Ocean,Neuston net,0.0,Low
20.36,-71.01,2008,4,Atlantic Ocean,Neuston net,0.001544,Low
23.48,-71.72,1992,2,Atlantic Ocean,Neuston net,0.0,Low
24.75,-74.28,1993,5,Atlantic Ocean,Neuston net,0.02376,Low
27.1,-72.17,1992,5,Atlantic Ocean,Neuston net,0.00648,Low
26.2,-78.12,1998,2,Atlantic Ocean,Neuston net,0.0,Low
27.61,-82.7832,2017,7,Atlantic Ocean,Plankton net,5.4,High
30.00065,-137.304,2015,8,Pacific Ocean,Manta net,3.170803,High
30.433,-140.767,1973,2,Pacific Ocean,Neuston net,0.0,Low
29.67,-76.44,2001,4,Atlantic Ocean,Neuston net,0.0679,Low
28.0,-76.96,2000,2,Atlantic Ocean,Neuston net,0.0,Low
25.85,-76.37,1995,2,Atlantic Ocean,Neuston net,0.00216,Low
12.12,-62.22,1994,12,Atlantic Ocean,Neuston net,0.00216,Low
18.08,-68.97,1992,12,Atlantic Ocean,Neuston net,0.053996,Low
19.9432,-64.5649,2010,1,Atlantic Ocean,Neuston net,0.992036,High
14.6989,-57.3508,2014,12,Atlantic Ocean,Grab sample,0.02,Low
12.34,-60.03,1999,11,Atlantic Ocean,Neuston net,0.0,Low
27.33,-142.18,2003,10,Pacific Ocean,Neuston net,0.0,Low
18.72,-78.92,1996,4,Atlantic Ocean,Neuston net,0.00432,Low
16.25,-74.98,1989,12,Atlantic Ocean,Neuston net,0.00432,Low
10.46,-64.66,2000,12,Atlantic Ocean,Neuston net,0.00648,Low
-30.2413,-97.0948,2011,4,Pacific Ocean,Manta net,2.364218,High
-34.230833,-52.378833,2018,9,Atlantic Ocean,Manta net,0.05217,Low
-6.72,-140.21,2003,3,Pacific Ocean,Neuston net,0.002456,Low
-10.533176,0.309348,2015,11,Atlantic Ocean,Intake seawater pump,1.0,High
-0.5,-89.0,2017,10,Pacific Ocean,Plankton net,0.51,High
18.5,-79.88,2008,12,Atlantic Ocean,Neuston net,0.001984,Low
31.5383,-156.8608,2011,7,Pacific Ocean,Neuston net,0.388498,High
32.76,-150.21,2012,10,Pacific Ocean,Neuston net,0.02438,Low
32.52175,-151.3149,2015,8,Pacific Ocean,Manta net,1.167266,High
32.171667,34.791167,2014,4,Atlantic Ocean,Manta net,7.04065,High
56.015667,-3.488667,2019,11,Atlantic Ocean,Neuston net,0.146947,High
6.42,-148.97,2003,12,Pacific Ocean,Neuston net,0.0,Low
7.43,-149.9,2006,3,Pacific Ocean,Neuston net,0.00648,Low
9.55,-155.93,2008,11,Pacific Ocean,Neuston net,0.0054,Low
11.09,-156.77,2011,4,Pacific Ocean,Neuston net,0.043196,Low
12.52,-156.96,2012,11,Pacific Ocean,Neuston net,0.027024,Low
38.9957,5.3343,2014,9,Atlantic Ocean,Manta net,0.230244,High
44.27,-64.03,2000,8,Atlantic Ocean,Neuston net,0.0,Low
43.15,-63.38,1989,8,Atlantic Ocean,Neuston net,0.00432,Low
56.371,-2.752,2017,12,Atlantic Ocean,Neuston net,0.00712,Low
41.07,-68.78,2006,7,Atlantic Ocean,Neuston net,0.00648,Low
40.08,-68.51,2005,8,Atlantic Ocean,Neuston net,0.018,Low
38.46124,-8.99428,2018,11,Atlantic Ocean,Neuston net,0.159242,High
37.508333,-0.878333,2015,3,Atlantic Ocean,Manta net,0.21,High
39.391833,2.520833,2013,8,Atlantic Ocean,Manta net,2.721657,High
37.6226,-147.114,2015,8,Pacific Ocean,Manta net,1.00869,High
32.32,-63.75,1995,10,Atlantic Ocean,Neuston net,0.051836,Low
37.4,-69.43,1987,5,Atlantic Ocean,Neuston net,0.044636,Low
29.27,-68.57,1992,5,Atlantic Ocean,Neuston net,0.062636,Low
23.2987,-27.369,2014,11,Atlantic Ocean,Grab sample,0.024,Low
33.08,-147.02,2008,7,Pacific Ocean,Neuston net,0.0,Low
33.06,-148.13,2011,1,Pacific Ocean,Neuston net,0.0,Low
35.0049,-141.4513,2008,2,Pacific Ocean,Neuston net,4.671685,High
35.8998,-139.647,2009,8,Pacific Ocean,Manta net,2.255,High
25.58,-82.73,1998,1,Atlantic Ocean,Neuston net,0.0,Low
24.55,-80.18,1995,1,Atlantic Ocean,Neuston net,0.0,Low
24.43,-75.88,1996,4,Atlantic Ocean,Neuston net,0.0216,Low
24.75,-75.87,1991,4,Atlantic Ocean,Neuston net,0.0108,Low
30.99,-60.86,2000,10,Atlantic Ocean,Neuston net,0.00864,Low
25.5,-68.03,1998,2,Atlantic Ocean,Neuston net,0.00864,Low
25.37,-82.42,1993,1,Atlantic Ocean,Neuston net,0.0,Low
22.11,-141.71,2011,10,Pacific Ocean,Neuston net,0.0,Low
27.92,-80.03,1997,3,Atlantic Ocean,Neuston net,0.028076,Low
17.82,-61.39,2001,4,Atlantic Ocean,Neuston net,0.0,Low
15.0196,-51.8667,2014,12,Atlantic Ocean,Grab sample,0.068,Low
11.21,-59.47,1998,11,Atlantic Ocean,Neuston net,0.00216,Low
29.072267,-134.0445,2015,7,Pacific Ocean,Manta net,0.79943,High
25.35,-141.11,2012,2,Pacific Ocean,Neuston net,0.0,Low
24.03,-138.44,2009,11,Pacific Ocean,Neuston net,0.0,Low
17.45,-78.91,2003,4,Atlantic Ocean,Neuston net,0.0,Low
17.21,-84.32,2007,12,Atlantic Ocean,Neuston net,0.010016,Low
12.98,-69.43,1998,12,Atlantic Ocean,Neuston net,0.0,Low
19.88,-69.96,2000,3,Atlantic Ocean,Neuston net,0.01944,Low
15.48,-62.53,1997,12,Atlantic Ocean,Neuston net,0.0,Low
-27.875,-87.475,2016,4,Pacific Ocean,Manta net,0.064694,Low
-33.687,-34.342,2011,1,Atlantic Ocean,Neuston net,0.274695,High
-8.01,-140.75,2002,3,Pacific Ocean,Neuston net,0.0,Low
17.6,-77.23,2003,12,Atlantic Ocean,Neuston net,0.00432,Low
16.37,-79.83,1996,12,Atlantic Ocean,Neuston net,0.0,Low
17.03,-78.2,1994,4,Atlantic Ocean,Neuston net,0.00648,Low
32.584,34.9055,2014,12,Atlantic Ocean,Manta net,0.242277,High
59.9038,-149.7233,2015,7,Pacific Ocean,Grab sample,0.005,Low
57.831333,-3.187,2019,1,Atlantic Ocean,Neuston net,0.0,Low
19.95,-156.16,2012,3,Pacific Ocean,Neuston net,0.0,Low
20.27,-156.47,2003,12,Pacific Ocean,Neuston net,0.0,Low
20.57,-154.86,2005,12,Pacific Ocean,Neuston net,0.0108,Low
34.0202,-154.4145,2015,8,Pacific Ocean,Manta net,0.528724,High
42.67,-60.47,1995,7,Atlantic Ocean,Neuston net,0.016616,Low
43.92,-64.42,1996,6,Atlantic Ocean,Neuston net,0.019628,Low
44.36,-62.33,1997,7,Atlantic Ocean,Neuston net,0.006172,Low
43.6658,7.2421,2013,7,Atlantic Ocean,Manta net,5.15959,High
43.355417,10.177333,2019,6,Atlantic Ocean,Manta net,1.58825,High
39.878333,-15.076667,2014,8,Atlantic Ocean,Manta net,0.461147,High
41.824833,19.21,2013,5,Atlantic Ocean,Neuston net,0.783476,High
39.733333,18.276833,2021,7,Atlantic Ocean,Manta net,0.136214,High
40.990333,8.5735,2012,8,Atlantic Ocean,Manta net,1.096372,High
35.62,-65.95,1987,6,Atlantic Ocean,Neuston net,0.069116,Low
40.37,-68.75,1992,6,Atlantic Ocean,Neuston net,0.0,Low
42.08,-63.35,1998,7,Atlantic Ocean,Neuston net,0.0,Low
36.3,-59.95,1992,10,Atlantic Ocean,Neuston net,0.008156,Low
31.39,-61.9,1999,10,Atlantic Ocean,Neuston net,0.082792,High
34.3935,-16.0633,2017,11,Atlantic Ocean,Intake seawater pump,51.0,High
37.8604,-122.4726,2016,10,Pacific Ocean,Grab sample,0.0,Low
31.39,-63.55,2008,10,Atlantic Ocean,Neuston net,0.002348,Low
34.22,-67.11,2000,10,Atlantic Ocean,Neuston net,0.056156,Low
23.37,-73.98,2000,2,Atlantic Ocean,Neuston net,0.133908,High
24.7347,-17.4917,2014,11,Atlantic Ocean,Grab sample,0.001,Low
33.003792,-136.879,2015,8,Pacific Ocean,Manta net,3.461667,High
34.0659,-141.6138,2009,8,Pacific Ocean,Manta net,3.341,High
34.432067,-139.212717,2019,12,Pacific Ocean,Manta net,15.664694,High
36.437702,-148.409409,2015,8,Pacific Ocean,Manta net,2.116106,High
23.72,-81.55,1996,5,Atlantic Ocean,Neuston net,0.00432,Low
25.42,-77.47,1995,5,Atlantic Ocean,Neuston net,0.0,Low
23.5,-74.7,1998,2,Atlantic Ocean,Neuston net,0.003088,Low
22.21,-57.36,2000,11,Atlantic Ocean,Neuston net,0.01512,Low
27.2,-79.5,1995,5,Atlantic Ocean,Neuston net,0.0,Low
24.28,-143.99,2007,2,Pacific Ocean,Neuston net,0.00216,Low
25.68,-143.09,2009,5,Pacific Ocean,Neuston net,0.0,Low
30.998698,-142.3675,2015,8,Pacific Ocean,Manta net,5.148795,High
26.55,-76.32,1998,4,Atlantic Ocean,Neuston net,0.00216,Low
26.79,-79.83,2000,2,Atlantic Ocean,Neuston net,0.00864,Low
16.42,-83.38,2006,4,Atlantic Ocean,Neuston net,0.0,Low
15.51,-72.26,2000,12,Atlantic Ocean,Neuston net,0.00216,Low
18.5,-60.73,1997,11,Atlantic Ocean,Neuston net,0.00226,Low
18.22,-57.63,2003,11,Atlantic Ocean,Neuston net,0.00216,Low
13.3,-61.32,1991,11,Atlantic Ocean,Neuston net,0.00432,Low
23.15,-144.69,2004,10,Pacific Ocean,Neuston net,0.0,Low
-26.502972,-105.5845,2015,11,Pacific Ocean,Neuston net,0.035795,Low
-28.463333,-48.61,2015,10,Atlantic Ocean,Manta net,0.023074,Low
-14.74,-147.8,2002,2,Pacific Ocean,Neuston net,0.0,Low
18.1,-78.53,1996,12,Atlantic Ocean,Neuston net,0.0,Low
16.7594,-87.7752,2015,3,Atlantic Ocean,Grab sample,0.0,Low
20.14,-148.94,2012,7,Pacific Ocean,Neuston net,0.101784,High
23.2278,-153.4595,2010,10,Pacific Ocean,Manta net,0.284,High
33.26,-156.98,2004,12,Pacific Ocean,Neuston net,0.0,Low
40.58,-157.79,2009,8,Pacific Ocean,Neuston net,0.043748,Low
15.94,-162.49,2005,3,Pacific Ocean,Neuston net,0.0,Low
44.139861,9.604611,2018,9,Atlantic Ocean,Manta net,0.096407,High
57.6845,-1.839333,2018,1,Atlantic Ocean,Neuston net,0.0,Low
56.240167,-6.729333,2016,1,Atlantic Ocean,Neuston net,0.130778,High
9.68,-159.94,2003,5,Pacific Ocean,Neuston net,0.0,Low
20.61,-155.0,2008,5,Pacific Ocean,Neuston net,0.0,Low
42.47,-69.17,2008,8,Atlantic Ocean,Neuston net,0.0072,Low
42.86,-69.31,2007,7,Atlantic Ocean,Neuston net,0.01512,Low
44.6874,-1.2322,2014,9,Atlantic Ocean,Grab sample,0.002,Low
32.95,-65.55,1996,5,Atlantic Ocean,Neuston net,0.032396,Low
41.4947,-71.0185,2016,7,Atlantic Ocean,Grab sample,0.0,Low
40.77,-68.69,1991,7,Atlantic Ocean,Neuston net,0.00432,Low
31.69,-60.38,1998,10,Atlantic Ocean,Neuston net,0.034556,Low
37.416,11.744,2013,6,Atlantic Ocean,Neuston net,1.02783,High
41.849824,3.147244,2021,1,Atlantic Ocean,Manta net,0.421333,High
31.75,-69.28,1996,5,Atlantic Ocean,Neuston net,0.298056,High
31.57,-67.4,1995,5,Atlantic Ocean,Neuston net,0.053996,Low
28.0,-69.51,1999,2,Atlantic Ocean,Neuston net,0.003324,Low
30.93,-64.6,2005,5,Atlantic Ocean,Neuston net,0.431964,High
29.65,-69.72,1992,5,Atlantic Ocean,Neuston net,0.01944,Low
30.129333,-72.641167,2021,5,Atlantic Ocean,Manta net,1.093829,High
37.36,-136.42,2019,8,Pacific Ocean,Manta net,13.405547,High
23.63,-74.93,1996,2,Atlantic Ocean,Neuston net,0.00864,Low
29.18,-58.51,2004,10,Atlantic Ocean,Neuston net,0.0,Low
24.37,-58.63,2001,10,Atlantic Ocean,Neuston net,0.060476,Low
21.75,-69.57,1990,4,Atlantic Ocean,Neuston net,0.0,Low
25.8,-73.32,1992,2,Atlantic Ocean,Neuston net,0.0,Low
27.84,-71.39,2000,6,Atlantic Ocean,Neuston net,1.178648,High
24.44,-80.76,2000,3,Atlantic Ocean,Neuston net,0.0,Low
24.05,-82.08,2004,4,Atlantic Ocean,Neuston net,0.0,Low
27.8261,-82.5675,2017,6,Atlantic Ocean,Van Dorn sampler,0.0,Low
14.4667,-42.8333,2014,12,Atlantic Ocean,Grab sample,0.011,Low
17.9509,-43.9233,2014,12,Atlantic Ocean,Grab sample,0.047,Low
28.61695,-132.34115,2015,9,Pacific Ocean,Manta net,0.788452,High
23.15,-144.69,2011,5,Pacific Ocean,Neuston net,0.0,Low
24.465,-144.868033,2019,11,Pacific Ocean,Manta net,0.423904,High
24.52,-148.47,2006,5,Pacific Ocean,Neuston net,0.0,Low
9.71,-84.99,2001,11,Pacific Ocean,Neuston net,0.0,Low
12.74,-64.5,2000,12,Atlantic Ocean,Neuston net,0.0,Low
15.03,-59.57,1994,11,Atlantic Ocean,Neuston net,0.0,Low
14.58,-61.33,1992,11,Atlantic Ocean,Neuston net,0.00648,Low
14.19,-60.98,2000,11,Atlantic Ocean,Neuston net,0.0,Low
11.68,-59.55,1999,11,Atlantic Ocean,Neuston net,0.0,Low
-29.3441,-99.7966,2011,4,Pacific Ocean,Neuston net,0.719204,High
-11.18,-138.44,2003,4,Pacific Ocean,Neuston net,0.00648,Low
5.28,-146.64,2008,6,Pacific Ocean,Neuston net,0.0,Low
19.51,-144.23,2011,7,Pacific Ocean,Neuston net,0.0,Low
16.53,-85.58,1992,3,Atlantic Ocean,Neuston net,0.00432,Low
88.04016,10.04138,2016,9,Arctic Ocean,CTD rosette sampler,42.0,High
-32.873333,28.424333,2018,11,Indian Ocean,Manta net,0.014271,Low
7.43,-149.9,2012,9,Pacific Ocean,Neuston net,0.0,Low
21.18,-157.79,2003,2,Pacific Ocean,Neuston net,0.025408,Low
33.02,-152.9,2011,4,Pacific Ocean,Neuston net,0.0,Low
37.14,25.242,2017,7,Atlantic Ocean,Manta net,0.202381,High
42.66405,9.620433,2014,10,Atlantic Ocean,Manta net,63.796489,High
56.6295,-6.442833,2018,1,Atlantic Ocean,Neuston net,0.169346,High
55.391,-4.903667,2021,3,Atlantic Ocean,Neuston net,0.0,Low
55.8165,-4.907,2017,1,Atlantic Ocean,Neuston net,0.072827,Low
87.6501,-133.3,2016,8,Arctic Ocean,Intake seawater pump,1.0,High
50.546083,-146.011833,2019,3,Pacific Ocean,Neuston net,0.04331,Low
42.93,-61.4,2001,7,Atlantic Ocean,Neuston net,0.0054,Low
43.86,-62.37,1989,7,Atlantic Ocean,Neuston net,0.0,Low
42.377821,3.158952,2021,5,Atlantic Ocean,Manta net,0.452667,High
42.856067,6.182017,2017,7,Atlantic Ocean,Manta net,0.140737,High
40.62,-71.16,2005,6,Atlantic Ocean,Neuston net,0.0,Low
37.48,-61.3,2005,10,Atlantic Ocean,Neuston net,0.0307,Low
31.2709,-47.178,2013,7,Atlantic Ocean,Neuston net,3.047,High
39.389,19.819,2014,10,Atlantic Ocean,Manta net,2.66,High
34.7206,24.2273,2014,8,Atlantic Ocean,Manta net,0.203404,High
42.3302,3.4784,2010,8,Atlantic Ocean,Neuston net,0.43785,High
36.25,-64.07,2007,5,Atlantic Ocean,Neuston net,0.0,Low
41.74,-69.25,2004,8,Atlantic Ocean,Neuston net,0.0,Low
41.61,-69.0,2002,7,Atlantic Ocean,Neuston net,0.0,Low
22.15,-63.1474,2010,1,Atlantic Ocean,Neuston net,0.273054,High
23.98,-73.02,1990,4,Atlantic Ocean,Neuston net,0.00648,Low
24.35,-74.27,1994,2,Atlantic Ocean,Neuston net,0.003084,Low
28.35,-74.28,1997,2,Atlantic Ocean,Neuston net,0.01296,Low
29.35,-62.97,2002,5,Atlantic Ocean,Neuston net,0.074396,Low
31.43865,-134.0859,2015,9,Pacific Ocean,Manta net,1.59384,High
24.39,-80.84,2002,3,Atlantic Ocean,Neuston net,0.099892,High
27.52,-59.28,2007,10,Atlantic Ocean,Neuston net,0.13986,High
26.98,-57.8,1992,10,Atlantic Ocean,Neuston net,0.028076,Low
28.59,-75.97,2007,4,Atlantic Ocean,Neuston net,0.025916,Low
26.4,-75.76,1993,5,Atlantic Ocean,Neuston net,0.140388,High
28.25,-78.56,1999,2,Atlantic Ocean,Neuston net,0.01944,Low
27.8589,-82.4686,2016,9,Atlantic Ocean,Van Dorn sampler,0.0,Low
27.6279,-82.6415,2017,7,Atlantic Ocean,Van Dorn sampler,2000.0,High
27.729,-82.4987,2016,8,Atlantic Ocean,Van Dorn sampler,0.0,Low
13.17,-59.67,1993,11,Atlantic Ocean,Neuston net,0.01296,Low
17.949,-33.8924,2014,12,Atlantic Ocean,Grab sample,0.001,Low
15.4182,-41.2341,2014,12,Atlantic Ocean,Grab sample,0.003,Low
25.28,-147.0,2012,6,Pacific Ocean,Neuston net,0.017788,Low
26.05,-141.2,2008,5,Pacific Ocean,Neuston net,0.00216,Low
28.999668,-140.458,2015,7,Pacific Ocean,Manta net,0.749445,High
14.98,-73.11,1998,12,Atlantic Ocean,Neuston net,0.0,Low
17.72,-69.2,1992,12,Atlantic Ocean,Neuston net,0.0,Low
16.09,-62.17,2001,11,Atlantic Ocean,Neuston net,0.01944,Low
16.78,-64.64,1998,12,Atlantic Ocean,Neuston net,0.0,Low
13.29,-61.4,2002,12,Atlantic Ocean,Neuston net,0.0,Low
-25.5538,-122.2008,2011,4,Pacific Ocean,Neuston net,0.023585,Low
-26.8388,-12.2565,2011,1,Atlantic Ocean,Neuston net,0.668826,High
-14.967667,-147.648,2016,8,Pacific Ocean,Manta net,0.004953,Low
4.167,-93.433,1987,10,Pacific Ocean,Manta net,0.044,Low
19.73,-146.63,2004,11,Pacific Ocean,Neuston net,0.0,Low
19.43,-145.47,2007,3,Pacific Ocean,Neuston net,0.00432,Low
60.631833,0.991333,2014,1,Atlantic Ocean,Neuston net,0.083973,High
-16.7235,-151.097667,2016,7,Pacific Ocean,Manta net,0.003295,Low
13.69,-156.87,2006,10,Pacific Ocean,Neuston net,0.018584,Low
12.52,-156.96,2004,5,Pacific Ocean,Neuston net,0.01728,Low
28.31835,-148.87605,2015,8,Pacific Ocean,Manta net,0.81151,High
46.4506,-63.4617,2015,6,Atlantic Ocean,Grab sample,0.002,Low
43.29,-68.19,1998,6,Atlantic Ocean,Neuston net,0.0,Low
43.253077,5.361748,2019,6,Atlantic Ocean,Manta net,0.139752,High
43.5879,7.1675,2014,6,Atlantic Ocean,Manta net,1.008117,High
60.255,-0.945,2014,1,Atlantic Ocean,Neuston net,0.005275,Low
56.022333,-3.305333,2021,12,Atlantic Ocean,Neuston net,0.0,Low
40.039167,17.883333,2021,4,Atlantic Ocean,Manta net,0.169886,High
37.8,24.3,2015,6,Atlantic Ocean,Manta net,0.066667,Low
33.8636,10.9744,2014,10,Atlantic Ocean,Grab sample,0.004,Low
40.731,8.047833,2021,9,Atlantic Ocean,Manta net,0.331779,High
40.974167,9.691667,2018,6,Atlantic Ocean,Manta net,0.056113,Low
40.898267,4.816133,2018,5,Atlantic Ocean,Manta net,0.277474,High
38.87,-68.88,1989,5,Atlantic Ocean,Neuston net,0.0,Low
41.0,-70.88,1994,8,Atlantic Ocean,Neuston net,0.0,Low
41.18,-70.87,1993,8,Atlantic Ocean,Neuston net,0.0,Low
41.36,-71.05,1992,6,Atlantic Ocean,Neuston net,0.00432,Low
41.88,-70.34,2002,7,Atlantic Ocean,Neuston net,0.0,Low
31.87,-57.0,1991,10,Atlantic Ocean,Neuston net,0.035096,Low
31.99,-64.6,1997,4,Atlantic Ocean,Neuston net,0.015428,Low
32.18,-64.7,2005,4,Atlantic Ocean,Neuston net,0.0,Low
21.45,-72.63,1994,2,Atlantic Ocean,Neuston net,0.0,Low
24.89,-71.98,2002,2,Atlantic Ocean,Neuston net,0.122376,High
32.37,-146.51,2003,10,Pacific Ocean,Neuston net,0.0,Low
20.2103,-87.4302,2014,1,Atlantic Ocean,Grab sample,0.002,Low
24.03,-82.82,2001,1,Atlantic Ocean,Neuston net,0.0,Low
23.93,-75.5,1995,2,Atlantic Ocean,Neuston net,0.00864,Low
23.13,-56.39,2002,11,Atlantic Ocean,Neuston net,0.0168,Low
27.82,-79.84,2004,2,Atlantic Ocean,Neuston net,0.028796,Low
27.897,-82.4382,2016,8,Atlantic Ocean,Van Dorn sampler,0.0,Low
21.42,-142.07,2007,3,Pacific Ocean,Neuston net,0.0,Low
29.37,-139.91,2010,10,Pacific Ocean,Neuston net,0.0,Low
28.54,-140.09,2008,4,Pacific Ocean,Neuston net,0.0,Low
25.92,-76.75,1993,2,Atlantic Ocean,Neuston net,0.097192,High
26.0,-79.78,1994,3,Atlantic Ocean,Neuston net,0.0,Low
17.0,-62.78,1996,12,Atlantic Ocean,Neuston net,0.0,Low
16.63,-63.63,1991,2,Atlantic Ocean,Neuston net,0.00216,Low
14.37,-59.76,2005,11,Atlantic Ocean,Neuston net,0.0,Low
11.75,-59.38,1991,11,Atlantic Ocean,Neuston net,0.0,Low
11.2386,-59.6078,2015,2,Atlantic Ocean,Grab sample,0.011,Low
19.0167,-38.445,2014,12,Atlantic Ocean,Grab sample,0.092,High
11.47,-66.6,1993,12,Atlantic Ocean,Neuston net,0.00288,Low
13.46,-69.15,2004,12,Atlantic Ocean,Neuston net,0.00216,Low
17.56,-72.2,2004,12,Atlantic Ocean,Neuston net,0.0,Low
17.9,-67.62,1989,12,Atlantic Ocean,Neuston net,0.0,Low
18.66,-64.96,2007,5,Atlantic Ocean,Neuston net,0.0,Low
18.4889,-64.45,2015,2,Atlantic Ocean,Grab sample,0.005,Low
19.2961,-110.8148,2016,4,Pacific Ocean,Grab sample,0.0,Low
18.8,-75.17,1995,2,Atlantic Ocean,Neuston net,0.0108,Low
17.94908,-76.84864,2017,11,Atlantic Ocean,Manta net,0.18,High
17.94617,-76.75767,2017,11,Atlantic Ocean,Manta net,0.31,High
16.67,-82.49,2000,12,Atlantic Ocean,Neuston net,0.00648,Low
-32.618,-4.8462,2010,11,Atlantic Ocean,Neuston net,0.689868,High
-2.5,-87.5,2017,10,Pacific Ocean,Plankton net,1.02,High
19.73,-146.63,2004,4,Pacific Ocean,Neuston net,0.0,Low
19.43,-145.47,2006,7,Pacific Ocean,Neuston net,0.00432,Low
17.77,-105.74,2001,10,Pacific Ocean,Neuston net,0.00216,Low
36.292,-150.04125,2015,8,Pacific Ocean,Manta net,0.513742,High
39.94575,-151.4542,2015,8,Pacific Ocean,Manta net,0.743711,High
13.69,-156.87,2007,4,Pacific Ocean,Neuston net,0.018584,Low
12.52,-156.96,2004,12,Pacific Ocean,Neuston net,0.0072,Low
16.28,-160.37,2007,3,Pacific Ocean,Neuston net,0.0,Low
16.88,-159.15,2009,7,Pacific Ocean,Neuston net,0.0,Low
33.35,-150.87,2003,12,Pacific Ocean,Neuston net,0.0,Low
33.56,-152.27,2006,4,Pacific Ocean,Neuston net,0.0,Low
40.35,-65.54,1992,5,Atlantic Ocean,Neuston net,0.0,Low
31.27,-57.37,1991,10,Atlantic Ocean,Neuston net,0.028076,Low
39.0755,11.1705,2021,9,Atlantic Ocean,Manta net,0.175739,High
42.53,-68.35,1997,6,Atlantic Ocean,Neuston net,0.0,Low
-37.061,-12.3001,2017,1,Atlantic Ocean,Grab sample,0.001,Low
31.43,-67.13,1991,5,Atlantic Ocean,Neuston net,0.045356,Low
34.6,-65.2,1993,10,Atlantic Ocean,Neuston net,0.194332,High
36.38,-65.52,1996,10,Atlantic Ocean,Neuston net,0.01944,Low
40.28,-70.29,2000,7,Atlantic Ocean,Neuston net,0.01512,Low
37.9133,-122.3433,2015,5,Pacific Ocean,Grab sample,0.003,Low
30.27,-64.9,1994,10,Atlantic Ocean,Neuston net,0.079912,Low
31.181667,-24.905,2013,9,Atlantic Ocean,Manta net,0.14263,High
24.2975,-17.5836,2015,1,Atlantic Ocean,Grab sample,0.047,Low
32.37,-146.51,2003,12,Pacific Ocean,Neuston net,0.0,Low
32.9081,-140.307,2009,8,Pacific Ocean,Manta net,3.261,High
22.3617,-72.9833,2016,3,Atlantic Ocean,Grab sample,0.0,Low
26.76,-74.1,2001,2,Atlantic Ocean,Neuston net,0.021604,Low
29.37,-139.91,2009,10,Pacific Ocean,Neuston net,0.0,Low
28.54,-140.09,2007,7,Pacific Ocean,Neuston net,0.0,Low
28.58,-79.12,2000,4,Atlantic Ocean,Neuston net,0.00216,Low
28.45,-80.03,1998,2,Atlantic Ocean,Neuston net,0.00864,Low
26.72,-82.88,1996,3,Atlantic Ocean,Neuston net,0.036716,Low
16.38,-62.83,1993,12,Atlantic Ocean,Neuston net,0.0,Low
15.5263,-56.18,2014,12,Atlantic Ocean,Grab sample,0.03,Low
13.2,-61.32,1994,12,Atlantic Ocean,Neuston net,0.0,Low
13.2,-61.3,1997,12,Atlantic Ocean,Neuston net,0.0,Low
17.1218,-37.4333,2014,11,Atlantic Ocean,Grab sample,0.075,Low
27.0671,-144.2697,2014,9,Pacific Ocean,Grab sample,0.013,Low
14.1,-70.13,1997,12,Atlantic Ocean,Neuston net,0.0024,Low
15.73,-69.66,2004,3,Atlantic Ocean,Neuston net,0.0,Low
17.1,-71.45,1994,12,Atlantic Ocean,Neuston net,0.0,Low
17.72,-66.9,1993,12,Atlantic Ocean,Neuston net,0.003088,Low
18.0351,-63.1007,2014,12,Atlantic Ocean,Grab sample,0.005,Low
16.6,-62.35,1997,12,Atlantic Ocean,Neuston net,0.0,Low
17.95203,-76.8415,2017,12,Atlantic Ocean,Manta net,0.33,High
13.5331,-95.8039,2015,1,Pacific Ocean,Grab sample,0.013,Low
-24.9669,-123.9391,2011,4,Pacific Ocean,Manta net,0.02271,Low
-26.47141,-105.34675,2015,11,Pacific Ocean,Neuston net,0.17896,High
-4.0993,-112.2995,2016,10,Pacific Ocean,Grab sample,0.0,Low
18.97,-143.47,2012,10,Pacific Ocean,Neuston net,0.191384,High
18.95,-75.81,2005,3,Atlantic Ocean,Neuston net,0.025916,Low
17.77,-82.4,1998,4,Atlantic Ocean,Neuston net,0.0,Low
59.3736,-153.4481,2013,7,Pacific Ocean,Grab sample,0.071,Low
16.88,-159.15,2008,6,Pacific Ocean,Neuston net,0.0,Low
20.4,-156.47,2003,5,Pacific Ocean,Neuston net,0.0,Low
20.6,-154.81,2010,10,Pacific Ocean,Neuston net,0.0,Low
33.35,-150.87,2004,7,Pacific Ocean,Neuston net,0.0,Low
31.7191,-148.7428,2015,8,Pacific Ocean,Manta net,0.758546,High
40.16,-157.42,2007,7,Pacific Ocean,Neuston net,0.0,Low
41.263153,1.963507,2021,4,Atlantic Ocean,Manta net,0.590667,High
42.95305,6.344217,2016,8,Atlantic Ocean,Manta net,0.147582,High
52.702833,4.587,2017,7,Atlantic Ocean,Manta net,0.007562,Low
54.694833,-4.3425,2014,11,Atlantic Ocean,Neuston net,0.031009,Low
55.685167,-5.403333,2016,1,Atlantic Ocean,Neuston net,0.311406,High
38.3,-63.13,2005,5,Atlantic Ocean,Neuston net,0.007852,Low
37.82,-65.23,2001,5,Atlantic Ocean,Neuston net,0.0,Low
32.65,-57.2,1989,10,Atlantic Ocean,Neuston net,0.028232,Low
37.29075,-12.971667,2013,10,Atlantic Ocean,Manta net,0.521318,High
37.912383,23.68495,2019,3,Atlantic Ocean,Manta net,0.345238,High
38.388333,1.368333,2014,8,Atlantic Ocean,Manta net,0.430959,High
34.57,-66.8,1995,6,Atlantic Ocean,Neuston net,0.0,Low
40.97,-70.53,1994,6,Atlantic Ocean,Neuston net,0.00648,Low
40.87,-70.75,2001,7,Atlantic Ocean,Neuston net,0.00576,Low
40.04,-69.33,2008,8,Atlantic Ocean,Neuston net,0.0027,Low
29.87,-72.42,2008,4,Atlantic Ocean,Neuston net,0.334772,High
32.002977,-139.315,2015,8,Pacific Ocean,Manta net,20.043001,High
38.9982,-137.0096,2009,8,Pacific Ocean,Manta net,0.208,High
36.6556,-121.8258,2014,12,Pacific Ocean,Grab sample,0.0,Low
31.4,-63.5,1997,10,Atlantic Ocean,Neuston net,0.095032,High
32.75,-64.6,1997,10,Atlantic Ocean,Neuston net,0.01296,Low
27.62,-61.4,1998,10,Atlantic Ocean,Neuston net,0.060476,Low
23.47,-69.83,1990,4,Atlantic Ocean,Neuston net,0.0,Low
25.97,-72.22,1991,4,Atlantic Ocean,Neuston net,0.0108,Low
30.07,-65.3,2000,4,Atlantic Ocean,Neuston net,0.054828,Low
27.9456,-82.6943,2017,7,Atlantic Ocean,Van Dorn sampler,2000.0,High
24.28,-143.99,2006,5,Pacific Ocean,Neuston net,0.00216,Low
25.28,-147.0,2004,3,Pacific Ocean,Neuston net,0.0,Low
26.21,-144.53,2011,2,Pacific Ocean,Neuston net,0.060476,Low
30.000933,-140.813,2015,8,Pacific Ocean,Manta net,6.618049,High
27.57,-79.73,1997,3,Atlantic Ocean,Neuston net,0.01512,Low
19.12,-59.73,2000,11,Atlantic Ocean,Neuston net,0.0,Low
18.29,-58.23,2007,10,Atlantic Ocean,Neuston net,0.0,Low
17.6863,-51.7616,2014,12,Atlantic Ocean,Grab sample,0.005,Low
13.62,-61.33,1995,12,Atlantic Ocean,Neuston net,0.00648,Low
13.8283,-58.9175,2014,12,Atlantic Ocean,Grab sample,0.01,Low
18.2,-42.4333,2014,12,Atlantic Ocean,Grab sample,0.04,Low
13.2,-64.43,2000,12,Atlantic Ocean,Neuston net,0.00216,Low
17.68,-64.95,1994,12,Atlantic Ocean,Neuston net,0.0,Low
17.38,-63.38,1993,12,Atlantic Ocean,Neuston net,0.0,Low
17.03,-59.57,1992,11,Atlantic Ocean,Neuston net,0.0,Low
-27.01977,-98.63452,2015,10,Pacific Ocean,Neuston net,0.056245,Low
16.1,-79.5,1993,3,Atlantic Ocean,Neuston net,0.00648,Low
10.98,-65.1,1992,12,Atlantic Ocean,Neuston net,0.058316,Low
17.02,-70.05,1991,12,Atlantic Ocean,Neuston net,0.00864,Low
17.86,-64.31,2007,11,Atlantic Ocean,Neuston net,0.0,Low
0.75,-156.27,2012,12,Pacific Ocean,Neuston net,0.0,Low
6.42,-148.97,2010,12,Pacific Ocean,Neuston net,0.0,Low
12.52,-156.96,2012,8,Pacific Ocean,Neuston net,0.0,Low
20.6,-154.81,2011,3,Pacific Ocean,Neuston net,0.0,Low
37.73,-148.97,2003,7,Pacific Ocean,Neuston net,0.04052,Low
40.16,-157.42,2008,2,Pacific Ocean,Neuston net,0.0,Low
43.0334,6.316833,2017,5,Atlantic Ocean,Manta net,0.009564,Low
43.055,6.343333,2016,10,Atlantic Ocean,Manta net,0.735187,High
58.259,-7.100167,2014,1,Atlantic Ocean,Neuston net,0.0,Low
57.328667,-6.838167,2015,1,Atlantic Ocean,Neuston net,0.0,Low
55.699667,-4.916,2017,10,Atlantic Ocean,Neuston net,0.021564,Low
80.56208,8.00078,2016,8,Arctic Ocean,CTD rosette sampler,95.0,High
36.8867,10.3303,2014,12,Atlantic Ocean,Grab sample,0.001,Low
41.575135,2.553135,2021,2,Atlantic Ocean,Manta net,0.677333,High
41.397303,2.21315,2021,3,Atlantic Ocean,Manta net,2.604667,High
42.41,-66.21,2007,9,Atlantic Ocean,Neuston net,0.0,Low
44.277375,8.462589,2019,7,Atlantic Ocean,Manta net,0.013228,Low
41.99,-70.36,1991,6,Atlantic Ocean,Neuston net,0.00648,Low
40.76,-68.51,2005,7,Atlantic Ocean,Neuston net,0.00648,Low
40.73,-68.22,2001,6,Atlantic Ocean,Neuston net,0.01728,Low
37.28,-64.84,2001,10,Atlantic Ocean,Neuston net,0.059988,Low
39.3048,-9.404,2018,7,Atlantic Ocean,Intake seawater pump,8.0,High
40.8604,13.024,2014,10,Atlantic Ocean,Manta net,0.947126,High
33.64,-63.47,2002,5,Atlantic Ocean,Neuston net,0.0027,Low
39.78,-71.89,1998,8,Atlantic Ocean,Neuston net,0.00432,Low
41.45,-70.77,1994,8,Atlantic Ocean,Neuston net,0.007624,Low
27.67,-72.1,2005,2,Atlantic Ocean,Neuston net,0.0,Low
26.45,-68.92,1990,4,Atlantic Ocean,Neuston net,0.01296,Low
31.09,-73.8,2001,4,Atlantic Ocean,Neuston net,0.025916,Low
26.8508,-43.773,2013,7,Atlantic Ocean,Neuston net,0.239154,High
33.06,-148.13,2011,5,Pacific Ocean,Neuston net,0.0,Low
21.2212,-86.7325,2013,11,Atlantic Ocean,Grab sample,0.01,Low
24.59,-83.23,2008,2,Atlantic Ocean,Neuston net,0.005184,Low
25.6,-77.67,1994,2,Atlantic Ocean,Neuston net,0.021596,Low
25.64,-65.28,2001,5,Atlantic Ocean,Neuston net,0.026396,Low
31.0,-133.0,1972,9,Pacific Ocean,Neuston net,0.117,High
22.76,-141.69,2008,5,Pacific Ocean,Neuston net,0.0,Low
24.28,-143.99,2012,10,Pacific Ocean,Neuston net,0.560888,High
26.21,-144.53,2010,10,Pacific Ocean,Neuston net,0.060476,Low
27.8589,-82.4686,2017,7,Atlantic Ocean,Van Dorn sampler,1000.0,High
27.9185,-82.5379,2017,4,Atlantic Ocean,Van Dorn sampler,0.0,Low
16.61,-61.76,2005,4,Atlantic Ocean,Neuston net,0.0,Low
14.54,-60.61,2004,11,Atlantic Ocean,Neuston net,0.0,Low
14.37,-61.84,1989,12,Atlantic Ocean,Neuston net,0.00216,Low
13.98,-61.7,1989,12,Atlantic Ocean,Neuston net,0.0,Low
18.6167,-47.8667,2014,12,Atlantic Ocean,Grab sample,0.008,Low
14.322473,-23.426466,2015,11,Atlantic Ocean,Intake seawater pump,0.5,High
-4.44,-106.96,2001,12,Pacific Ocean,Neuston net,0.0,Low
5.28,-146.64,2008,12,Pacific Ocean,Neuston net,0.0,Low
3.48,-143.62,2006,3,Pacific Ocean,Neuston net,0.0,Low
2.19,-135.73,2003,12,Pacific Ocean,Neuston net,0.0,Low
1.266,-102.9,1999,9,Pacific Ocean,Manta net,0.016,Low
-2.042822,-11.953462,2015,11,Atlantic Ocean,Intake seawater pump,0.0,Low
41.3388,-155.7317,2011,11,Pacific Ocean,Neuston net,1.153792,High
43.016667,27.999167,2017,8,Atlantic Ocean,Manta net,0.304738,High
43.0941,5.98,2014,9,Atlantic Ocean,Manta net,0.525459,High
64.207333,-51.7145,2021,6,Arctic Ocean,Manta net,0.104674,High
57.750833,-2.670333,2021,1,Atlantic Ocean,Neuston net,0.020838,Low
55.435667,-4.729333,2017,11,Atlantic Ocean,Neuston net,0.0,Low
69.18,-116.635,2016,8,Arctic Ocean,Manta net,0.0,Low
-37.4235,-12.4704,2017,1,Atlantic Ocean,Grab sample,0.0,Low
42.91,-65.41,1989,8,Atlantic Ocean,Neuston net,0.01728,Low
42.41,-69.72,2004,7,Atlantic Ocean,Neuston net,0.0,Low
43.123833,5.060833,2012,8,Atlantic Ocean,Manta net,0.702801,High
40.77,-70.62,1993,8,Atlantic Ocean,Neuston net,0.00432,Low
42.12,-65.42,2002,6,Atlantic Ocean,Neuston net,0.0,Low
38.46124,-8.99428,2018,10,Atlantic Ocean,Neuston net,0.085734,High
38.46124,-8.99428,2018,12,Atlantic Ocean,Neuston net,0.935326,High
36.563333,-2.678333,2015,3,Atlantic Ocean,Manta net,0.535,High
38.658,15.833333,2021,7,Atlantic Ocean,Manta net,0.243213,High
33.43,-62.73,1994,10,Atlantic Ocean,Neuston net,0.019196,Low
33.45,-65.66,1999,4,Atlantic Ocean,Neuston net,0.02376,Low
38.95,-71.33,2000,10,Atlantic Ocean,Neuston net,0.00864,Low
41.36,-71.23,2005,8,Atlantic Ocean,Neuston net,0.008744,Low
27.1606,-63.9837,2014,5,Atlantic Ocean,Grab sample,0.015,Low
30.86,-64.83,2001,4,Atlantic Ocean,Neuston net,0.0,Low
35.7197,-139.8715,2009,8,Pacific Ocean,Manta net,4.545,High
32.42,-117.18,2001,10,Pacific Ocean,Neuston net,0.01728,Low
23.47,-80.3,1993,1,Atlantic Ocean,Neuston net,0.0,Low
22.93,-74.67,1996,4,Atlantic Ocean,Neuston net,0.00648,Low
30.073,-58.7081,2010,1,Atlantic Ocean,Neuston net,0.034088,Low
20.73,-69.88,2000,3,Atlantic Ocean,Neuston net,0.003192,Low
21.76,-73.36,2003,4,Atlantic Ocean,Neuston net,0.0,Low
27.68,-70.83,1992,5,Atlantic Ocean,Neuston net,0.190064,High
24.15,-83.9,1996,3,Atlantic Ocean,Neuston net,0.00432,Low
26.28,-74.82,1991,4,Atlantic Ocean,Neuston net,0.01728,Low
26.36,-78.57,1992,4,Atlantic Ocean,Neuston net,0.0,Low
15.52,-48.025,2014,11,Atlantic Ocean,Grab sample,0.004,Low
25.35,-141.11,2005,2,Pacific Ocean,Neuston net,0.0,Low
26.21,-144.53,2009,10,Pacific Ocean,Neuston net,0.060476,Low
26.05,-141.2,2007,10,Pacific Ocean,Neuston net,0.00216,Low
22.81,-110.19,2002,10,Pacific Ocean,Neuston net,0.0,Low
19.06,-65.01,2001,5,Atlantic Ocean,Neuston net,0.00288,Low
16.03,-49.8817,2014,11,Atlantic Ocean,Grab sample,0.033,Low
14.3305,-60.4413,2014,12,Atlantic Ocean,Grab sample,0.008,Low
10.758064,-61.436573,2016,1,Atlantic Ocean,Hand picking,0.0,Low
14.323917,-27.222767,2018,7,Atlantic Ocean,Manta net,0.026372,Low
16.6933,-28.2283,2014,11,Atlantic Ocean,Grab sample,0.02,Low
19.58,-79.08,1997,12,Atlantic Ocean,Neuston net,0.0,Low
17.26,-79.08,2007,12,Atlantic Ocean,Neuston net,0.0,Low
16.98,-73.63,1994,12,Atlantic Ocean,Neuston net,0.0,Low
18.45,-67.76,2000,5,Atlantic Ocean,Neuston net,0.007196,Low
18.7,-67.76,2006,12,Atlantic Ocean,Neuston net,0.001728,Low
-25.194333,-112.957333,2016,5,Pacific Ocean,Manta net,0.012576,Low
-34.8687,-41.3467,2011,1,Atlantic Ocean,Neuston net,3.29272,High
-15.78,-148.31,2002,2,Pacific Ocean,Neuston net,0.0,Low
19.08,-74.93,1994,4,Atlantic Ocean,Neuston net,0.0,Low
31.626,34.504333,2014,12,Atlantic Ocean,Manta net,1.386821,High
31.8705,34.6625,2014,8,Atlantic Ocean,Manta net,3.080448,High
22.9567,-161.9107,2008,1,Pacific Ocean,Neuston net,0.056995,Low
7.43,-149.9,2006,11,Pacific Ocean,Neuston net,0.00648,Low
20.14,-148.94,2012,2,Pacific Ocean,Neuston net,0.0,Low
23.65,-149.74,2009,5,Pacific Ocean,Neuston net,0.0,Low
33.26,-156.98,2004,5,Pacific Ocean,Neuston net,0.0,Low
36.361258,-153.74045,2015,8,Pacific Ocean,Manta net,9.583724,High
40.16,-157.42,2006,11,Pacific Ocean,Neuston net,0.0,Low
60.678,-145.941,2016,10,Pacific Ocean,Grab sample,0.005,Low
55.9565,-4.7595,2019,11,Atlantic Ocean,Neuston net,0.00849,Low
55.976333,-4.894667,2018,10,Atlantic Ocean,Neuston net,0.067633,Low
70.994333,20.609,2020,7,Arctic Ocean,Manta net,0.012493,Low
6.42,-148.97,2004,5,Pacific Ocean,Neuston net,0.0,Low
48.1348,-122.8398,2015,3,Pacific Ocean,Grab sample,0.011,Low
43.55,-64.88,1987,6,Atlantic Ocean,Neuston net,0.0108,Low
43.7728,7.5458,2013,7,Atlantic Ocean,Manta net,0.39112,High
44.288733,9.15755,2019,6,Atlantic Ocean,Manta net,3.410525,High
42.6785,15.473833,2021,6,Atlantic Ocean,Manta net,0.936929,High
40.42,-67.55,1992,10,Atlantic Ocean,Neuston net,0.0,Low
41.35,-64.72,1994,7,Atlantic Ocean,Neuston net,0.0,Low
36.82,-65.43,1994,5,Atlantic Ocean,Neuston net,0.0,Low
38.361667,-9.348333,2014,8,Atlantic Ocean,Manta net,0.460526,High
38.637,14.523667,2021,7,Atlantic Ocean,Manta net,0.773862,High
33.87,-65.73,1987,6,Atlantic Ocean,Neuston net,0.005144,Low
37.37,-69.42,1992,6,Atlantic Ocean,Neuston net,0.043196,Low
41.7,-69.55,1992,7,Atlantic Ocean,Neuston net,0.00432,Low
40.72,-68.28,1995,7,Atlantic Ocean,Neuston net,0.043196,Low
34.0651,-141.8384,2009,8,Pacific Ocean,Manta net,4.704,High
33.001608,-134.126,2015,8,Pacific Ocean,Manta net,1.931257,High
33.4524,-119.0053,2015,3,Pacific Ocean,Grab sample,0.0,Low
31.26,-67.9,1997,4,Atlantic Ocean,Neuston net,0.01512,Low
23.96,-81.98,2006,4,Atlantic Ocean,Neuston net,0.0,Low
24.06,-81.92,2004,1,Atlantic Ocean,Neuston net,0.0,Low
23.22,-74.77,1998,4,Atlantic Ocean,Neuston net,0.0108,Low
25.68,-57.85,1997,11,Atlantic Ocean,Neuston net,0.10008,High
27.48,-62.8,2000,10,Atlantic Ocean,Neuston net,0.0,Low
25.2889,-109.4241,2015,5,Pacific Ocean,Grab sample,0.001,Low
30.01,-74.39,1997,4,Atlantic Ocean,Neuston net,0.00432,Low
18.12,-64.89,2003,12,Atlantic Ocean,Neuston net,0.0,Low
12.0,-61.5,1991,11,Atlantic Ocean,Neuston net,0.0,Low
17.0986,-29.987,2014,11,Atlantic Ocean,Grab sample,0.004,Low
23.15,-144.69,2011,10,Pacific Ocean,Neuston net,0.0,Low
24.52,-148.47,2007,2,Pacific Ocean,Neuston net,0.0,Low
25.28,-147.0,2004,10,Pacific Ocean,Neuston net,2.712124,High
17.37,-79.04,2006,2,Atlantic Ocean,Neuston net,0.031108,Low
15.25,-75.83,1987,12,Atlantic Ocean,Neuston net,0.01296,Low
16.76,-78.27,2006,4,Atlantic Ocean,Neuston net,0.00216,Low
12.58,-67.55,1996,12,Atlantic Ocean,Neuston net,0.00648,Low
15.74,-71.11,2003,12,Atlantic Ocean,Neuston net,0.0,Low
-31.72894,13.78313,2016,12,Atlantic Ocean,Neuston net,0.003242,Low
-13.85,-140.48,2012,12,Pacific Ocean,Neuston net,0.002516,Low
3.48,-143.62,2007,5,Pacific Ocean,Neuston net,0.0,Low
0.233,-119.917,2006,9,Pacific Ocean,Manta net,0.005,Low
17.57,-76.65,1998,4,Atlantic Ocean,Neuston net,0.00864,Low
18.65,-76.93,2001,3,Atlantic Ocean,Neuston net,0.0,Low
13.69,-156.87,2007,12,Pacific Ocean,Neuston net,0.018584,Low
18.46,-157.58,2010,11,Pacific Ocean,Neuston net,0.0108,Low
28.7092,-151.5602,2015,8,Pacific Ocean,Manta net,0.158652,High
15.94,-162.49,2012,4,Pacific Ocean,Neuston net,0.0,Low
44.88,-133.92,2002,5,Pacific Ocean,Neuston net,0.01738,Low
48.763556,-5.3115,2020,11,Atlantic Ocean,Manta net,0.0,Low
43.285833,6.630833,2015,10,Atlantic Ocean,Manta net,0.33323,High
58.218667,0.814833,2022,1,Atlantic Ocean,Neuston net,0.022834,Low
73.083333,-15.526667,2017,9,Arctic Ocean,Manta net,0.03984,Low
36.9,-63.38,1989,10,Atlantic Ocean,Neuston net,0.069116,Low
37.844,23.5,2015,11,Atlantic Ocean,Manta net,0.12,High
37.3447,9.7411,2014,12,Atlantic Ocean,Grab sample,0.0,Low
32.22,-64.12,1997,10,Atlantic Ocean,Neuston net,0.02658,Low
40.64,-71.23,2003,6,Atlantic Ocean,Neuston net,0.0,Low
41.12,-71.53,1992,6,Atlantic Ocean,Neuston net,0.0,Low
42.12,-68.59,2001,8,Atlantic Ocean,Neuston net,0.00216,Low
25.7527,-19.2615,2014,11,Atlantic Ocean,Grab sample,0.006,Low
29.500833,-12.951333,2018,11,Atlantic Ocean,Manta net,0.046599,Low
31.989368,-137.771,2015,8,Pacific Ocean,Manta net,5.898689,High
25.68,-79.67,2003,2,Atlantic Ocean,Neuston net,0.0,Low
26.38,-60.11,1996,10,Atlantic Ocean,Neuston net,0.192224,High
24.1,-58.43,1999,11,Atlantic Ocean,Neuston net,0.00432,Low
24.25,-64.77,1999,5,Atlantic Ocean,Neuston net,0.246836,High
24.14,-74.05,2002,4,Atlantic Ocean,Neuston net,0.038876,Low
21.505,-31.264333,2019,5,Atlantic Ocean,Manta net,0.063747,Low
21.21,-84.68,2001,3,Atlantic Ocean,Neuston net,0.00864,Low
27.9528,-82.6416,2017,6,Atlantic Ocean,Van Dorn sampler,0.0,Low
26.778283,-144.96205,2019,11,Pacific Ocean,Manta net,3.938291,High
26.05,-141.2,2008,10,Pacific Ocean,Neuston net,0.00216,Low
31.06,-143.46,2011,10,Pacific Ocean,Neuston net,0.00216,Low
29.7,-77.57,2008,4,Atlantic Ocean,Neuston net,0.0,Low
25.97,-79.73,1993,4,Atlantic Ocean,Neuston net,0.00216,Low
27.8524,-82.4093,2017,6,Atlantic Ocean,Plankton net,4.0,High
15.87,-63.03,1992,11,Atlantic Ocean,Neuston net,0.005764,Low
15.2249,-52.1133,2014,12,Atlantic Ocean,Grab sample,0.001,Low
14.1934,-56.8385,2014,11,Atlantic Ocean,Grab sample,0.002,Low
13.13,-61.12,1993,12,Atlantic Ocean,Neuston net,0.0,Low
24.03,-138.44,2003,11,Pacific Ocean,Neuston net,0.0,Low
25.68,-143.09,2008,12,Pacific Ocean,Neuston net,0.0,Low
18.7,-75.56,2007,3,Atlantic Ocean,Neuston net,0.172972,High
16.85,-77.25,1993,3,Atlantic Ocean,Neuston net,0.00432,Low
17.17,-80.02,1992,3,Atlantic Ocean,Neuston net,0.016696,Low
16.68,-81.52,1998,3,Atlantic Ocean,Neuston net,0.00432,Low
16.2,-84.6,1994,3,Atlantic Ocean,Neuston net,0.0,Low
11.33,-63.63,1994,12,Atlantic Ocean,Neuston net,0.0,Low
-26.9999,-104.53577,2015,10,Pacific Ocean,Neuston net,0.03068,Low
4.47815,-15.9218,2016,12,Atlantic Ocean,Neuston net,0.004206,Low
19.5376,-105.0848,2015,5,Pacific Ocean,Grab sample,0.0,Low
17.2,-75.4,1991,3,Atlantic Ocean,Neuston net,0.00216,Low
16.0,-76.53,1995,12,Atlantic Ocean,Neuston net,0.0,Low
19.22,-69.16,1999,2,Atlantic Ocean,Neuston net,0.00216,Low
16.28,-160.37,2012,10,Pacific Ocean,Neuston net,2.319528,High
20.14,-148.94,2012,10,Pacific Ocean,Neuston net,1.070216,High
33.26,-156.98,2005,4,Pacific Ocean,Neuston net,0.0,Low
57.135333,-2.019167,2014,5,Atlantic Ocean,Neuston net,0.0,Low
58.0035,-6.097333,2014,1,Atlantic Ocean,Neuston net,0.003185,Low
57.759667,-3.3925,2015,1,Atlantic Ocean,Neuston net,0.0,Low
-3.43,-150.21,2012,12,Pacific Ocean,Neuston net,0.0,Low
7.43,-149.9,2005,10,Pacific Ocean,Neuston net,0.00648,Low
11.09,-156.77,2010,11,Pacific Ocean,Neuston net,0.043196,Low
43.32,-62.33,1991,8,Atlantic Ocean,Neuston net,0.00432,Low
44.066403,9.550197,2019,4,Atlantic Ocean,Manta net,0.046483,Low
60.4848,-148.3438,2015,12,Pacific Ocean,Grab sample,0.026,Low
57.734,-3.158667,2014,5,Atlantic Ocean,Neuston net,0.001777,Low
37.62,-67.37,1995,10,Atlantic Ocean,Neuston net,0.00864,Low
42.067895,-27.478528,2020,11,Atlantic Ocean,Manta net,0.223266,High
34.001787,10.052079,2019,4,Atlantic Ocean,Manta net,1.094618,High
40.910469,0.833376,2021,4,Atlantic Ocean,Manta net,0.204667,High
26.79,-72.96,1999,4,Atlantic Ocean,Neuston net,0.0108,Low
31.17,-72.31,2005,4,Atlantic Ocean,Neuston net,0.0,Low
30.1614,-15.8758,2015,9,Atlantic Ocean,Grab sample,0.002,Low
33.82,-145.21,2019,7,Pacific Ocean,Manta net,5.891707,High
33.668833,-141.117333,2019,12,Pacific Ocean,Manta net,7.704874,High
20.95,-83.48,1991,3,Atlantic Ocean,Neuston net,0.0108,Low
21.91,-61.14,1999,4,Atlantic Ocean,Neuston net,0.0,Low
22.6,-65.95,2001,5,Atlantic Ocean,Neuston net,0.0,Low
23.73,-70.65,1990,4,Atlantic Ocean,Neuston net,0.116632,High
25.27,-68.2,1999,2,Atlantic Ocean,Neuston net,0.0,Low
25.28,-147.0,2005,7,Pacific Ocean,Neuston net,2.712124,High
29.37,-139.91,2011,2,Pacific Ocean,Neuston net,0.0,Low
29.37,-145.75,2019,7,Pacific Ocean,Manta net,1.31768,High
20.99,-109.22,2002,11,Pacific Ocean,Neuston net,0.0,Low
26.48,-79.63,2005,3,Atlantic Ocean,Neuston net,0.0,Low
27.99,-77.55,2005,2,Atlantic Ocean,Neuston net,0.304536,High
11.23,-61.83,1996,12,Atlantic Ocean,Neuston net,0.0,Low
10.292062,-21.02427,2015,11,Atlantic Ocean,Intake seawater pump,0.5,High
27.94605,-131.32885,2015,9,Pacific Ocean,Manta net,1.4459,High
27.3318,-130.68475,2015,9,Pacific Ocean,Manta net,1.32478,High
21.42,-142.07,2005,7,Pacific Ocean,Neuston net,0.0,Low
23.15,-144.69,2011,2,Pacific Ocean,Neuston net,0.0,Low
19.5,-63.76,2005,5,Atlantic Ocean,Neuston net,0.049676,Low
17.4,-63.33,1996,12,Atlantic Ocean,Neuston net,0.00432,Low
16.41,-65.1,2007,11,Atlantic Ocean,Neuston net,0.0,Low
15.83,-60.37,1995,11,Atlantic Ocean,Neuston net,0.018,Low
20.03,-60.15,1996,11,Atlantic Ocean,Neuston net,0.0,Low
11.87,-61.33,1995,11,Atlantic Ocean,Neuston net,0.003088,Low
-34.50391,0.02498,2017,7,Atlantic Ocean,Neuston net,0.048468,Low
-17.5565,-147.6495,2016,6,Pacific Ocean,Manta net,0.018032,Low
2.55,-114.0,1987,9,Pacific Ocean,Manta net,0.0,Low
2.383,-85.9,1987,10,Pacific Ocean,Manta net,0.018,Low
19.8,-143.03,2004,10,Pacific Ocean,Neuston net,0.0,Low
10.2942,-109.2004,2016,3,Pacific Ocean,Grab sample,0.001,Low
15.94,-162.49,2011,7,Pacific Ocean,Neuston net,0.0,Low
14.71,-157.43,2009,3,Pacific Ocean,Neuston net,0.0072,Low
18.46,-157.58,2011,7,Pacific Ocean,Neuston net,0.0108,Low
19.62,-157.0,2002,4,Pacific Ocean,Neuston net,0.01496,Low
28.2451,-150.4496,2015,8,Pacific Ocean,Manta net,0.254751,High
33.38,-156.38,2003,8,Pacific Ocean,Neuston net,0.0,Low
38.47405,-152.3359,2015,8,Pacific Ocean,Manta net,0.863263,High
56.0985,-4.856833,2018,10,Atlantic Ocean,Neuston net,0.884534,High
80.5442,8.03564,2016,8,Arctic Ocean,Intake seawater pump,2.0,High
-37.5001,24.349333,2017,5,Indian Ocean,Neuston net,0.130321,High
14.55,-150.85,2002,3,Pacific Ocean,Neuston net,0.00432,Low
42.92,-70.02,1999,8,Atlantic Ocean,Neuston net,0.0,Low
52.252,-11.0802,2018,6,Atlantic Ocean,Intake seawater pump,0.0,Low
43.5679,7.1456,2013,8,Atlantic Ocean,Manta net,1.10068,High
42.880833,10.14715,2018,5,Atlantic Ocean,Manta net,0.086713,High
39.63,19.951,2015,4,Atlantic Ocean,Manta net,0.273333,High
40.216667,18.541111,2020,12,Atlantic Ocean,Manta net,0.340447,High
40.254722,17.380833,2020,10,Atlantic Ocean,Manta net,0.488145,High
41.8818,9.68405,2018,5,Atlantic Ocean,Manta net,0.052425,Low
41.03,-70.57,1996,8,Atlantic Ocean,Neuston net,0.0036,Low
42.18,-70.43,1998,7,Atlantic Ocean,Neuston net,0.00432,Low
40.53,-68.68,1998,8,Atlantic Ocean,Neuston net,0.0,Low
40.77,-69.0,1998,7,Atlantic Ocean,Neuston net,0.0,Low
40.53,-70.33,1997,7,Atlantic Ocean,Neuston net,0.01512,Low
40.09,-66.61,1997,7,Atlantic Ocean,Neuston net,0.056156,Low
21.65,-64.82,2007,5,Atlantic Ocean,Neuston net,0.038112,Low
25.3,-18.9333,2014,11,Atlantic Ocean,Grab sample,0.013,Low
31.98692,-139.772,2015,8,Pacific Ocean,Manta net,12.211145,High
40.29,-73.41,2008,6,Atlantic Ocean,Neuston net,0.0,Low
24.31,-82.12,1992,1,Atlantic Ocean,Neuston net,0.00648,Low
24.41,-81.12,2002,2,Atlantic Ocean,Neuston net,0.00648,Low
24.19,-80.66,2001,2,Atlantic Ocean,Neuston net,0.0,Low
27.33,-142.18,2010,10,Pacific Ocean,Neuston net,0.003324,Low
30.98824,-136.3195,2015,8,Pacific Ocean,Manta net,3.19434,High
31.00675,-138.482,2015,8,Pacific Ocean,Manta net,4.667212,High
31.06,-143.46,2012,5,Pacific Ocean,Neuston net,0.004292,Low
25.71,-79.83,2008,5,Atlantic Ocean,Neuston net,0.0,Low
17.3105,-87.8011,2013,12,Atlantic Ocean,Grab sample,0.009,Low
11.57,-67.16,1999,12,Atlantic Ocean,Neuston net,0.0,Low
16.48,-65.9,1989,12,Atlantic Ocean,Neuston net,0.00432,Low
14.85,-61.93,1996,12,Atlantic Ocean,Neuston net,0.00216,Low
14.6,-61.44,2005,11,Atlantic Ocean,Neuston net,0.0,Low
28.04,-140.48,2012,5,Pacific Ocean,Neuston net,0.0,Low
18.04,-78.86,2000,12,Atlantic Ocean,Neuston net,0.030236,Low
17.53,-77.98,2000,12,Atlantic Ocean,Neuston net,0.00216,Low
17.948417,-76.8345,2017,9,Atlantic Ocean,Manta net,0.41,High
17.28,-77.67,1999,12,Atlantic Ocean,Neuston net,0.079912,Low
17.3,-77.63,1995,2,Atlantic Ocean,Neuston net,0.0072,Low
16.33,-85.63,1987,12,Atlantic Ocean,Neuston net,0.003928,Low
-27.022,-110.9803,2011,4,Pacific Ocean,Manta net,0.376668,High
-26.238,-116.6753,2011,4,Pacific Ocean,Manta net,0.065742,Low
-1.84,-97.36,2001,12,Pacific Ocean,Neuston net,0.0,Low
0.5,-92.0,2017,10,Pacific Ocean,Plankton net,0.38,High
-1.21,-90.43,2001,12,Pacific Ocean,Neuston net,0.0,Low
19.8,-143.03,2004,4,Pacific Ocean,Neuston net,0.0,Low
15.94,-162.49,2011,11,Pacific Ocean,Neuston net,0.0,Low
9.55,-155.93,2007,4,Pacific Ocean,Neuston net,0.0054,Low
11.09,-156.77,2009,7,Pacific Ocean,Neuston net,0.043196,Low
14.71,-157.43,2009,7,Pacific Ocean,Neuston net,0.0072,Low
18.46,-157.58,2011,11,Pacific Ocean,Neuston net,0.0108,Low
36.4614,-150.7943,2015,8,Pacific Ocean,Manta net,3.183474,High
32.6775,34.920833,2014,1,Atlantic Ocean,Manta net,20.251192,High
42.84,-70.38,2000,8,Atlantic Ocean,Neuston net,0.001964,Low
57.328167,-7.717833,2021,1,Atlantic Ocean,Neuston net,0.125431,High
55.0715,-5.246167,2020,1,Atlantic Ocean,Neuston net,0.0,Low
55.248333,-5.967667,2020,1,Atlantic Ocean,Neuston net,0.073514,Low
-40.3438,-9.8764,2017,1,Atlantic Ocean,Grab sample,0.001,Low
41.0625,17.7345,2016,6,Atlantic Ocean,Grab sample,0.01,Low
42.289333,6.9055,2021,10,Atlantic Ocean,Manta net,0.110665,High
42.224833,4.086,2014,4,Atlantic Ocean,Manta net,0.651446,High
43.13,-68.5,1997,7,Atlantic Ocean,Neuston net,0.0,Low
42.93,-69.62,2000,8,Atlantic Ocean,Neuston net,0.0024,Low
41.23,-70.9,1997,10,Atlantic Ocean,Neuston net,0.0,Low
42.08,-70.27,2006,8,Atlantic Ocean,Neuston net,0.00216,Low
40.76,-70.08,2006,8,Atlantic Ocean,Neuston net,0.00216,Low
42.15,-68.01,2000,7,Atlantic Ocean,Neuston net,0.0024,Low
36.87,-65.08,1991,10,Atlantic Ocean,Neuston net,0.047516,Low
35.88,-58.98,1991,10,Atlantic Ocean,Neuston net,0.071276,Low
32.4243,-119.9639,2009,8,Pacific Ocean,Manta net,0.042,Low
32.4279,-120.0601,2009,8,Pacific Ocean,Manta net,0.036,Low
33.4228,-117.6241,2014,9,Pacific Ocean,Grab sample,0.002,Low
30.97,-69.62,1991,5,Atlantic Ocean,Neuston net,0.0108,Low
28.95,-72.17,1987,4,Atlantic Ocean,Neuston net,0.019636,Low
33.6269,-139.7643,2009,8,Pacific Ocean,Manta net,1.452,High
35.6168,-139.9762,2009,8,Pacific Ocean,Manta net,12.913,High
40.88965,-146.80875,2015,8,Pacific Ocean,Manta net,1.161321,High
41.03795,-147.5319,2015,8,Pacific Ocean,Manta net,0.08863,High
25.65,-76.08,1987,4,Atlantic Ocean,Neuston net,0.00864,Low
23.62,-75.04,2000,5,Atlantic Ocean,Neuston net,0.0,Low
20.67,-73.29,2000,5,Atlantic Ocean,Neuston net,0.0048,Low
28.05,-70.23,1998,2,Atlantic Ocean,Neuston net,0.043196,Low
26.68,-70.05,2000,4,Atlantic Ocean,Neuston net,0.466524,High
25.7535,-81.3766,2016,12,Atlantic Ocean,Grab sample,0.005,Low
27.33,-142.18,2009,10,Pacific Ocean,Neuston net,0.003324,Low
31.06,-143.46,2011,12,Pacific Ocean,Neuston net,0.00216,Low
24.65,-113.28,2001,10,Pacific Ocean,Neuston net,0.0,Low
24.38,-109.17,2001,10,Pacific Ocean,Neuston net,0.00216,Low
29.25,-76.18,1998,2,Atlantic Ocean,Neuston net,0.002164,Low
18.5,-64.52,1995,12,Atlantic Ocean,Neuston net,0.0027,Low
17.83,-62.99,2006,11,Atlantic Ocean,Neuston net,0.01296,Low
14.7201,-58.9304,2014,12,Atlantic Ocean,Grab sample,0.01,Low
16.62,-59.15,1995,11,Atlantic Ocean,Neuston net,0.010796,Low
24.03,-138.44,2004,4,Pacific Ocean,Neuston net,0.0,Low
28.04,-140.48,2012,1,Pacific Ocean,Neuston net,0.0,Low
17.19,-76.15,2004,3,Atlantic Ocean,Neuston net,0.0,Low
11.98,-68.1,1997,12,Atlantic Ocean,Neuston net,0.0,Low
12.1,-63.08,1997,12,Atlantic Ocean,Neuston net,0.00864,Low
14.45,-62.08,1993,12,Atlantic Ocean,Neuston net,0.0,Low
-27.06893,-109.32339,2015,10,Pacific Ocean,Neuston net,0.03409,Low
-10.7709,-3.74105,2016,12,Atlantic Ocean,Neuston net,0.0,Low
-7.039,-6.0455,2019,3,Atlantic Ocean,Manta net,0.012681,Low
2.19,-135.73,2004,12,Pacific Ocean,Neuston net,0.0,Low
2.667,-93.65,2006,10,Pacific Ocean,Manta net,0.0,Low
37.4212,25.2742,2014,7,Atlantic Ocean,Manta net,0.20679,High
60.0311,-149.4395,2015,6,Pacific Ocean,Grab sample,0.008,Low
57.7235,-3.691333,2022,1,Atlantic Ocean,Neuston net,0.008867,Low
57.756167,-3.2305,2018,1,Atlantic Ocean,Neuston net,0.006639,Low
9.55,-155.93,2007,12,Pacific Ocean,Neuston net,0.0054,Low
14.71,-157.43,2010,6,Pacific Ocean,Neuston net,0.0072,Low
19.95,-156.16,2012,7,Pacific Ocean,Neuston net,0.260276,High
23.65,-149.74,2008,12,Pacific Ocean,Neuston net,0.0,Low
52.2,-132.57,2002,7,Pacific Ocean,Neuston net,0.0,Low
43.48,-65.22,1989,6,Atlantic Ocean,Neuston net,0.0018,Low
42.682333,-9.1735,2015,9,Atlantic Ocean,Manta net,0.052535,Low
42.753333,4.13,2011,8,Atlantic Ocean,Manta net,0.504779,High
31.38,-72.2,1996,5,Atlantic Ocean,Neuston net,0.031192,Low
35.58,-66.13,1996,5,Atlantic Ocean,Neuston net,0.047516,Low
38.021,23.577,2015,11,Atlantic Ocean,Manta net,0.24,High
22.24,-71.57,2008,3,Atlantic Ocean,Neuston net,0.0,Low
30.55,-67.18,1995,5,Atlantic Ocean,Neuston net,0.190064,High
26.6383,-21.3917,2014,11,Atlantic Ocean,Grab sample,0.034,Low
38.2776,-130.4749,2015,9,Pacific Ocean,Manta net,0.063881,Low
25.65,-76.42,1993,4,Atlantic Ocean,Neuston net,0.010796,Low
30.11,-56.56,2005,10,Atlantic Ocean,Neuston net,0.14294,High
31.22,-59.48,1999,10,Atlantic Ocean,Neuston net,0.030856,Low
28.63,-58.22,2004,10,Atlantic Ocean,Neuston net,0.0,Low
25.13,-59.76,1998,10,Atlantic Ocean,Neuston net,0.138228,High
20.17,-73.56,2001,3,Atlantic Ocean,Neuston net,0.013496,Low
24.08,-82.67,2001,3,Atlantic Ocean,Neuston net,0.0,Low
24.17,-82.58,2003,1,Atlantic Ocean,Neuston net,0.0,Low
29.006683,-142.971,2015,7,Pacific Ocean,Manta net,1.321474,High
26.58,-75.04,1990,4,Atlantic Ocean,Neuston net,0.018,Low
25.95,-77.98,1997,5,Atlantic Ocean,Neuston net,0.102188,High
26.28,-79.05,1992,1,Atlantic Ocean,Neuston net,0.0,Low
27.9528,-82.6416,2017,7,Atlantic Ocean,Plankton net,3.5,High
20.11,-70.09,2007,3,Atlantic Ocean,Neuston net,0.0,Low
17.0765,-61.8998,2014,3,Atlantic Ocean,Grab sample,0.002,Low
13.8556,-59.9185,2014,12,Atlantic Ocean,Grab sample,0.001,Low
12.9,-61.8,1999,12,Atlantic Ocean,Neuston net,0.009,Low
25.35,-141.11,2005,12,Pacific Ocean,Neuston net,0.0,Low
27.33,-142.18,2011,5,Pacific Ocean,Neuston net,0.003324,Low
19.8,-143.03,2003,11,Pacific Ocean,Neuston net,0.00432,Low
18.48,-79.16,2002,4,Atlantic Ocean,Neuston net,0.003088,Low
17.32,-78.7,1992,3,Atlantic Ocean,Neuston net,0.043196,Low
16.58,-81.07,1998,2,Atlantic Ocean,Neuston net,0.0,Low
16.58,-84.12,1993,3,Atlantic Ocean,Neuston net,0.01512,Low
11.0,-66.07,1994,12,Atlantic Ocean,Neuston net,0.0,Low
-7.46,-144.77,2012,12,Pacific Ocean,Neuston net,0.007268,Low
3.48,-143.62,2005,10,Pacific Ocean,Neuston net,0.0,Low
0.89,-143.03,2003,4,Pacific Ocean,Neuston net,0.00216,Low
4.826573,-17.813351,2015,11,Atlantic Ocean,Intake seawater pump,1.0,High
15.1572,-109.59,2014,12,Pacific Ocean,Grab sample,0.0,Low
17.88,-78.57,1991,3,Atlantic Ocean,Neuston net,0.0,Low
19.36,-156.38,2003,2,Pacific Ocean,Neuston net,0.0024,Low
19.95,-156.16,2012,10,Pacific Ocean,Neuston net,0.51448,High
23.65,-149.74,2008,10,Pacific Ocean,Neuston net,0.0,Low
15.94,-162.49,2011,4,Pacific Ocean,Neuston net,0.0,Low
42.377821,3.158952,2021,2,Atlantic Ocean,Manta net,0.066667,Low
60.5437,-145.7625,2015,12,Pacific Ocean,Grab sample,0.0,Low
59.005167,-2.8445,2014,5,Atlantic Ocean,Neuston net,0.0,Low
56.080167,-2.768333,2015,11,Atlantic Ocean,Neuston net,0.006367,Low
84.40488,17.45691,2016,9,Arctic Ocean,CTD rosette sampler,21.0,High
9.55,-155.93,2008,6,Pacific Ocean,Neuston net,0.0054,Low
41.465446,2.282388,2021,5,Atlantic Ocean,Manta net,2.916,High
51.77825,-144.507667,2019,3,Pacific Ocean,Neuston net,0.030317,Low
42.47,-70.46,2002,7,Atlantic Ocean,Neuston net,0.0,Low
45.96543,-15.244721,2020,11,Atlantic Ocean,Manta net,0.260657,High
42.06,-70.3,1993,9,Atlantic Ocean,Neuston net,0.0,Low
42.22,-70.26,2001,7,Atlantic Ocean,Neuston net,0.0,Low
41.88,-69.35,2007,7,Atlantic Ocean,Neuston net,0.00166,Low
41.56,-65.07,1992,8,Atlantic Ocean,Neuston net,0.00378,Low
39.29,-65.69,1991,10,Atlantic Ocean,Neuston net,0.0,Low
34.001787,10.052079,2019,11,Atlantic Ocean,Manta net,1.085913,High
32.24,-62.17,2001,10,Atlantic Ocean,Neuston net,0.079912,Low
38.6,-69.57,1995,10,Atlantic Ocean,Neuston net,0.00254,Low
21.37,-70.15,1997,2,Atlantic Ocean,Neuston net,0.00216,Low
20.93,-73.83,1993,1,Atlantic Ocean,Neuston net,0.0,Low
30.05,-63.57,2002,5,Atlantic Ocean,Neuston net,0.0216,Low
29.06,-69.47,1999,4,Atlantic Ocean,Neuston net,0.02376,Low
32.08,-142.46,2019,7,Pacific Ocean,Manta net,11.416893,High
37.5898,-76.2855,2015,10,Atlantic Ocean,Grab sample,0.048,Low
24.05,-58.13,1992,10,Atlantic Ocean,Neuston net,0.049676,Low
24.7,-58.21,2007,10,Atlantic Ocean,Neuston net,0.00352,Low
24.62,-64.62,2005,5,Atlantic Ocean,Neuston net,0.053996,Low
23.12,-67.46,1999,2,Atlantic Ocean,Neuston net,0.0,Low
21.34,-65.65,2001,5,Atlantic Ocean,Neuston net,0.01944,Low
22.2,-70.72,1990,4,Atlantic Ocean,Neuston net,0.0,Low
24.51,-82.44,1999,1,Atlantic Ocean,Neuston net,0.0,Low
24.27,-82.11,2005,1,Atlantic Ocean,Neuston net,0.00432,Low
27.59,-57.92,2002,10,Atlantic Ocean,Neuston net,0.212056,High
23.35,-60.12,1996,11,Atlantic Ocean,Neuston net,0.051296,Low
27.33,-142.18,2011,2,Pacific Ocean,Neuston net,0.003324,Low
27.778,-82.5203,2017,4,Atlantic Ocean,Van Dorn sampler,1000.0,High
27.6081,-82.5712,2017,6,Atlantic Ocean,Van Dorn sampler,0.0,Low
29.97,-80.97,2005,3,Atlantic Ocean,Neuston net,0.0,Low
14.62,-61.92,1996,12,Atlantic Ocean,Neuston net,0.0,Low
14.08,-60.26,1998,11,Atlantic Ocean,Neuston net,0.0,Low
12.15,-60.27,1995,11,Atlantic Ocean,Neuston net,0.0,Low
17.628,-48.3448,2014,12,Atlantic Ocean,Grab sample,0.004,Low
27.5019,-130.80875,2015,9,Pacific Ocean,Manta net,0.718984,High
25.35,-141.11,2005,7,Pacific Ocean,Neuston net,0.0,Low
18.7,-77.33,1994,2,Atlantic Ocean,Neuston net,0.001544,Low
16.15,-85.98,1995,12,Atlantic Ocean,Neuston net,0.0,Low
10.74,-65.74,1998,12,Atlantic Ocean,Neuston net,0.0,Low
16.3,-71.58,2007,12,Atlantic Ocean,Neuston net,0.003288,Low
19.99,-65.14,1999,5,Atlantic Ocean,Neuston net,0.0024,Low
15.75,-62.5,1993,11,Atlantic Ocean,Neuston net,0.0,Low
43.316667,6.773167,2015,10,Atlantic Ocean,Manta net,0.4352,High
58.861833,-2.601667,2014,5,Atlantic Ocean,Neuston net,0.0,Low
36.48745,-153.60735,2015,8,Pacific Ocean,Manta net,0.750804,High
25.85,-78.18,1993,2,Atlantic Ocean,Neuston net,0.0,Low
39.263,19.823,2015,4,Atlantic Ocean,Manta net,1.67,High
55.969333,-4.871667,2019,11,Atlantic Ocean,Neuston net,0.0,Low
42.5295,3.1341,2010,8,Atlantic Ocean,Neuston net,0.120409,High
39.76,-71.34,1998,8,Atlantic Ocean,Neuston net,0.01592,Low
-27.5502,-108.0495,2011,4,Pacific Ocean,Manta net,0.840274,High
27.8096,-82.446,2016,11,Atlantic Ocean,Van Dorn sampler,0.0,Low
16.28,-160.37,2001,11,Pacific Ocean,Neuston net,0.0,Low
39.88,-69.52,1996,8,Atlantic Ocean,Neuston net,0.003928,Low
58.046833,-3.664167,2015,1,Atlantic Ocean,Neuston net,0.0,Low
32.328,-124.3471,2009,8,Pacific Ocean,Manta net,0.165,High
27.1221,-42.9629,2013,7,Atlantic Ocean,Neuston net,0.332158,High
23.7238,-21.2277,2014,11,Atlantic Ocean,Grab sample,0.002,Low
37.098667,15.329833,2021,9,Atlantic Ocean,Manta net,0.124809,High
42.881633,10.4759,2018,6,Atlantic Ocean,Manta net,0.0,Low
31.69,-74.56,1999,4,Atlantic Ocean,Neuston net,0.064796,Low
36.5,-69.42,1987,5,Atlantic Ocean,Neuston net,0.116632,High
33.53,-61.62,1992,10,Atlantic Ocean,Neuston net,0.00864,Low
37.48095,-17.852117,2013,10,Atlantic Ocean,Manta net,0.782937,High
48.1176,-122.7514,2014,12,Pacific Ocean,Grab sample,0.002,Low
11.44,-156.82,2006,2,Pacific Ocean,Neuston net,0.00432,Low
25.91,-78.23,1993,5,Atlantic Ocean,Neuston net,0.00216,Low
27.9185,-82.5379,2017,7,Atlantic Ocean,Plankton net,2.6,High
37.9301,23.6659,2019,3,Atlantic Ocean,Manta net,0.859628,High
42.53,-69.77,2004,7,Atlantic Ocean,Neuston net,0.0,Low
20.14,-148.94,2011,3,Pacific Ocean,Neuston net,0.0,Low
18.87,-58.05,1994,11,Atlantic Ocean,Neuston net,0.0,Low
26.13,-78.03,1998,2,Atlantic Ocean,Neuston net,0.001964,Low
42.27,-69.58,2004,8,Atlantic Ocean,Neuston net,0.0144,Low
33.47,-151.63,2006,4,Pacific Ocean,Neuston net,0.00864,Low
3.73,-88.07,2001,12,Pacific Ocean,Neuston net,0.00216,Low
19.96,-146.64,2012,2,Pacific Ocean,Neuston net,0.00216,Low
27.52,-62.71,2000,10,Atlantic Ocean,Neuston net,0.034556,Low
12.93,-68.65,1992,12,Atlantic Ocean,Neuston net,0.0,Low
25.59,-74.6,2003,2,Atlantic Ocean,Neuston net,0.0,Low
17.57,-77.97,1991,3,Atlantic Ocean,Neuston net,0.00648,Low
25.25,-68.2,1999,2,Atlantic Ocean,Neuston net,0.047516,Low
37.321,25.6121,2014,7,Atlantic Ocean,Manta net,0.786388,High
18.02,-75.38,1996,2,Atlantic Ocean,Neuston net,0.051836,Low
18.23,-64.58,1991,11,Atlantic Ocean,Neuston net,0.0,Low
-13.39,-141.11,2003,4,Pacific Ocean,Neuston net,0.0,Low
33.08485,-133.2088,2015,9,Pacific Ocean,Manta net,3.772227,High
50.612667,1.273333,2020,6,Atlantic Ocean,Manta net,0.058198,Low
42.48,-61.87,1994,7,Atlantic Ocean,Neuston net,0.00216,Low
20.61,-155.0,2005,12,Pacific Ocean,Neuston net,0.0,Low
29.3,-61.44,1999,4,Atlantic Ocean,Neuston net,0.011784,Low
27.78,-57.62,1992,10,Atlantic Ocean,Neuston net,0.032396,Low
30.99,-69.17,2003,5,Atlantic Ocean,Neuston net,0.01296,Low
34.5663,-147.3776,2015,8,Pacific Ocean,Manta net,0.326856,High
42.13,-62.23,1991,8,Atlantic Ocean,Neuston net,0.00648,Low
55.432667,-4.748667,2018,11,Atlantic Ocean,Neuston net,0.008126,Low
33.09,-156.27,2011,4,Pacific Ocean,Neuston net,0.00266,Low
36.34,-149.9,2003,7,Pacific Ocean,Neuston net,0.045688,Low
58.8857,-152.1576,2014,7,Pacific Ocean,Grab sample,0.004,Low
9.92,-120.39,2002,12,Pacific Ocean,Neuston net,0.004644,Low
17.42,-63.72,2002,11,Atlantic Ocean,Neuston net,0.0,Low
24.03,-138.44,2009,5,Pacific Ocean,Neuston net,0.0,Low
25.65,-76.72,1991,4,Atlantic Ocean,Neuston net,0.0,Low
38.38,-69.57,1999,10,Atlantic Ocean,Neuston net,0.0,Low
27.9528,-82.6416,2017,4,Atlantic Ocean,Plankton net,3.1,High
11.23,-60.17,1998,11,Atlantic Ocean,Neuston net,0.0,Low
33.26,-156.98,2010,12,Pacific Ocean,Neuston net,0.0,Low
18.73,-75.37,2006,4,Atlantic Ocean,Neuston net,0.0,Low
29.26285,-133.09065,2015,9,Pacific Ocean,Manta net,1.764996,High
23.8,-75.17,1995,2,Atlantic Ocean,Neuston net,0.0,Low
20.68,-58.57,1991,10,Atlantic Ocean,Neuston net,0.00432,Low
21.2261,-24.5003,2014,11,Atlantic Ocean,Grab sample,0.002,Low
44.27,-64.2,1996,7,Atlantic Ocean,Neuston net,0.00432,Low
18.7,-76.65,1994,2,Atlantic Ocean,Neuston net,0.077752,Low
11.53,-67.35,1995,12,Atlantic Ocean,Neuston net,0.0,Low
16.07,-61.95,1997,11,Atlantic Ocean,Neuston net,0.0,Low
17.0123,-61.7707,2014,4,Atlantic Ocean,Grab sample,0.002,Low
29.37,-139.91,2007,7,Pacific Ocean,Neuston net,0.0,Low
54.685833,10.952417,2019,5,Atlantic Ocean,Manta net,0.04833,Low
17.1136,-40.5274,2014,11,Atlantic Ocean,Grab sample,0.001,Low
29.86825,-137.5749,2015,8,Pacific Ocean,Manta net,1.695865,High
24.13,-70.5,2004,2,Atlantic Ocean,Neuston net,0.026228,Low
11.94,-68.26,1987,12,Atlantic Ocean,Neuston net,0.0,Low
24.73,-139.58,2012,6,Pacific Ocean,Neuston net,0.040724,Low
27.64,-76.53,2001,2,Atlantic Ocean,Neuston net,0.0072,Low
27.5737,-82.6868,2016,10,Atlantic Ocean,Van Dorn sampler,0.0,Low
29.2,-63.08,1994,10,Atlantic Ocean,Neuston net,0.032396,Low
38.337167,-28.489333,2021,5,Atlantic Ocean,Manta net,0.535475,High
28.04,-140.48,2004,9,Pacific Ocean,Neuston net,0.0,Low
41.34,-68.39,2000,9,Atlantic Ocean,Neuston net,0.0,Low
35.4776,17.7784,2014,8,Atlantic Ocean,Manta net,1.449001,High
43.77,-63.98,1991,5,Atlantic Ocean,Neuston net,0.00216,Low
43.15,-63.38,1989,8,Atlantic Ocean,Neuston net,0.00216,Low
40.08,-70.73,2003,10,Atlantic Ocean,Neuston net,0.0,Low
12.95,-156.94,2007,12,Pacific Ocean,Neuston net,0.0216,Low
33.0558,-152.95935,2015,8,Pacific Ocean,Manta net,0.544286,High
32.903333,35.071,2015,5,Atlantic Ocean,Manta net,0.585366,High
-5.73,-111.21,2001,12,Pacific Ocean,Neuston net,0.0,Low
8.7,-92.56,2001,11,Pacific Ocean,Neuston net,0.0,Low
20.72,-74.12,1987,2,Atlantic Ocean,Neuston net,0.004628,Low
26.85,-71.67,1992,4,Atlantic Ocean,Neuston net,0.01944,Low
28.41,-140.21,2008,4,Pacific Ocean,Neuston net,0.0,Low
37.32,-63.44,2004,10,Atlantic Ocean,Neuston net,0.025196,Low
42.134833,-8.8805,2019,7,Atlantic Ocean,Manta net,0.086895,High
43.2654,5.3486,2019,6,Atlantic Ocean,Manta net,0.068277,Low
-42.761667,-65.003333,2015,11,Atlantic Ocean,Manta net,0.06257,Low
19.24,-156.55,2006,10,Pacific Ocean,Neuston net,0.0,Low
32.504167,34.885,2014,4,Atlantic Ocean,Manta net,2.647504,High
16.02,-71.78,1997,12,Atlantic Ocean,Neuston net,0.0,Low
18.4547,-64.4421,2014,1,Atlantic Ocean,Grab sample,0.001,Low
23.47,-69.83,1990,4,Atlantic Ocean,Neuston net,0.0108,Low
40.546,10.0493,2014,7,Atlantic Ocean,Manta net,0.356287,High
30.7981,-133.0207,2014,9,Pacific Ocean,Grab sample,0.008,Low
32.53,-64.61,1989,6,Atlantic Ocean,Neuston net,0.064796,Low
14.54,-60.61,2004,11,Atlantic Ocean,Neuston net,0.0,Low
29.89,-75.07,1997,4,Atlantic Ocean,Neuston net,0.02376,Low
31.83,-64.78,1998,4,Atlantic Ocean,Neuston net,0.00982,Low
11.45,-59.51,1999,11,Atlantic Ocean,Neuston net,0.032396,Low
24.62,-74.32,1993,2,Atlantic Ocean,Neuston net,0.00432,Low
14.71,-157.43,2007,4,Pacific Ocean,Neuston net,0.0072,Low
4.41,-145.74,2010,7,Pacific Ocean,Neuston net,0.0,Low
-0.9,-90.25,2017,10,Pacific Ocean,Plankton net,0.19,High
11.25,-66.87,1991,12,Atlantic Ocean,Neuston net,0.00432,Low
11.63,-67.15,1998,12,Atlantic Ocean,Neuston net,0.00648,Low
14.5734,-58.9478,2014,12,Atlantic Ocean,Grab sample,0.017,Low
18.7047,-44.6136,2014,12,Atlantic Ocean,Grab sample,0.006,Low
58.098667,-6.1335,2014,1,Atlantic Ocean,Neuston net,0.052278,Low
5.76,-161.9,2002,4,Pacific Ocean,Neuston net,0.0048,Low
27.09,-115.61,2001,10,Pacific Ocean,Neuston net,0.0,Low
36.45,-63.43,1993,10,Atlantic Ocean,Neuston net,0.082072,High
41.849824,3.147244,2020,11,Atlantic Ocean,Manta net,1.159333,High
18.8191,-110.933,2016,3,Pacific Ocean,Grab sample,0.003,Low
24.16,-82.08,2008,5,Atlantic Ocean,Neuston net,0.00216,Low
17.57,-59.18,1995,11,Atlantic Ocean,Neuston net,0.0,Low
25.9,-76.1,1993,4,Atlantic Ocean,Neuston net,0.0,Low
46.52,-56.63,2001,7,Atlantic Ocean,Neuston net,0.015964,Low
25.1354,-150.4719,2010,10,Pacific Ocean,Manta net,0.698,High
19.43,-145.47,2005,7,Pacific Ocean,Neuston net,0.00432,Low
24.17,-74.63,1993,5,Atlantic Ocean,Neuston net,0.071276,Low
31.72,-144.77,2011,12,Pacific Ocean,Neuston net,0.0,Low
41.35,-71.03,1998,6,Atlantic Ocean,Neuston net,0.00648,Low
-23.490067,8.264683,2015,11,Atlantic Ocean,Intake seawater pump,1.5,High
24.52,-148.47,2005,7,Pacific Ocean,Neuston net,0.0,Low
41.397303,2.21315,2021,3,Atlantic Ocean,Manta net,2.821333,High
38.333,-127.083,1972,11,Pacific Ocean,Neuston net,0.0,Low
16.86,-80.17,2001,3,Atlantic Ocean,Neuston net,0.0108,Low
62.3903,-10.2745,2015,8,Atlantic Ocean,Grab sample,0.0,Low
56.078333,-2.9825,2022,11,Atlantic Ocean,Neuston net,0.194594,High
36.12,25.227,2019,3,Atlantic Ocean,Manta net,2.5,High
19.71,-79.09,2001,12,Atlantic Ocean,Neuston net,0.01296,Low
14.77,-60.55,1992,11,Atlantic Ocean,Neuston net,0.0,Low
26.5065,-37.3597,2013,6,Atlantic Ocean,Neuston net,0.106291,High
23.99,-81.91,2000,3,Atlantic Ocean,Neuston net,0.00216,Low
38.44652,-9.04146,2018,8,Atlantic Ocean,Neuston net,0.357182,High
42.721317,10.179883,2019,6,Atlantic Ocean,Manta net,0.514425,High
32.84,-147.81,2011,10,Pacific Ocean,Neuston net,0.0,Low
39.01,-64.7,2005,10,Atlantic Ocean,Neuston net,0.00864,Low
39.38,-64.64,2007,5,Atlantic Ocean,Neuston net,0.023528,Low
-32.2052,-89.4267,2011,3,Pacific Ocean,Neuston net,0.019781,Low
31.91,-62.25,2005,4,Atlantic Ocean,Neuston net,0.018892,Low
43.302833,5.1064,2013,8,Atlantic Ocean,Manta net,0.056093,Low
3.48,-143.62,2005,4,Pacific Ocean,Neuston net,0.0,Low
16.53,-82.99,2000,12,Atlantic Ocean,Neuston net,0.0,Low
18.229404,-24.113661,2015,11,Atlantic Ocean,Intake seawater pump,1.0,High
27.61,-82.7832,2017,5,Atlantic Ocean,Plankton net,1.6,High
39.22,-69.37,1994,8,Atlantic Ocean,Neuston net,0.0,Low
41.13,-70.07,1996,8,Atlantic Ocean,Neuston net,0.043196,Low
23.6348,-154.91,2014,9,Pacific Ocean,Grab sample,0.009,Low
32.76,-150.21,2003,10,Pacific Ocean,Neuston net,0.0,Low
-26.8718,-111.9128,2011,4,Pacific Ocean,Manta net,1.788169,High
24.32,-80.3,2000,4,Atlantic Ocean,Neuston net,0.0048,Low
25.65,-76.4,2004,3,Atlantic Ocean,Neuston net,0.00564,Low
36.2544,-126.7121,2010,10,Pacific Ocean,Manta net,0.009,Low
-14.57,-147.24,2002,2,Pacific Ocean,Neuston net,0.00216,Low
16.08,-59.95,1992,11,Atlantic Ocean,Neuston net,0.0,Low
26.6,-142.77,2011,5,Pacific Ocean,Neuston net,0.0,Low
14.93,-66.75,1989,12,Atlantic Ocean,Neuston net,0.003928,Low
21.2,-59.73,1998,10,Atlantic Ocean,Neuston net,0.00864,Low
42.2513,3.6462,2010,8,Atlantic Ocean,Neuston net,1.343269,High
19.8499,-154.435,2007,11,Pacific Ocean,Neuston net,0.043713,Low
16.92,-62.7,1991,11,Atlantic Ocean,Neuston net,0.0,Low
24.03,-138.44,2008,5,Pacific Ocean,Neuston net,0.0,Low
25.64,-76.54,2008,2,Atlantic Ocean,Neuston net,0.0,Low
29.97,-57.38,1991,10,Atlantic Ocean,Neuston net,0.066956,Low
28.72,-140.03,2011,2,Pacific Ocean,Neuston net,0.0,Low
33.52,-63.6,2005,5,Atlantic Ocean,Neuston net,0.025916,Low
41.996167,15.7655,2021,6,Atlantic Ocean,Manta net,0.308071,High
43.2842,5.2766,2014,9,Atlantic Ocean,Manta net,0.676127,High
5.28,-146.64,2006,11,Pacific Ocean,Neuston net,0.0,Low
30.43,-75.43,1998,4,Atlantic Ocean,Neuston net,0.028076,Low
26.59,-79.32,2005,2,Atlantic Ocean,Neuston net,0.0,Low
17.47,-82.48,1994,3,Atlantic Ocean,Neuston net,0.0054,Low
11.42,-62.68,1995,12,Atlantic Ocean,Neuston net,0.0,Low
12.92,-61.08,1992,11,Atlantic Ocean,Neuston net,0.034556,Low
30.999985,-134.25,2015,8,Pacific Ocean,Manta net,21.222074,High
22.67,-64.81,2014,12,Atlantic Ocean,Grab sample,0.0,Low
38.3837,-152.4547,2015,8,Pacific Ocean,Manta net,1.048821,High
21.85,-57.53,2003,11,Atlantic Ocean,Neuston net,0.035096,Low
41.405,2.268333,2015,6,Atlantic Ocean,Manta net,0.441,High
11.44,-156.82,2012,4,Pacific Ocean,Neuston net,0.00432,Low
40.32,17.438056,2020,10,Atlantic Ocean,Manta net,0.396501,High
56.54,-135.15,2002,7,Pacific Ocean,Neuston net,0.0,Low
58.903167,-2.984667,2014,5,Atlantic Ocean,Neuston net,0.006208,Low
54.6445,-4.510833,2017,11,Atlantic Ocean,Neuston net,0.006914,Low
9.55,-155.93,2006,3,Pacific Ocean,Neuston net,0.0054,Low
38.12,-69.68,1987,5,Atlantic Ocean,Neuston net,0.00648,Low
60.727333,0.957833,2014,1,Atlantic Ocean,Neuston net,0.0,Low
-37.4307,-12.4815,2017,1,Atlantic Ocean,Grab sample,0.0,Low
24.39,-81.71,2000,2,Atlantic Ocean,Neuston net,0.00216,Low
38.97,-70.6,2008,6,Atlantic Ocean,Neuston net,0.0,Low
49.4856,-124.3535,2015,8,Pacific Ocean,Grab sample,0.003,Low
18.52,-60.49,1996,11,Atlantic Ocean,Neuston net,0.0,Low
24.59,-143.47,2009,10,Pacific Ocean,Neuston net,0.041396,Low
25.15,-75.16,2000,2,Atlantic Ocean,Neuston net,0.00216,Low
43.53,-59.79,2001,7,Atlantic Ocean,Neuston net,0.0,Low
58.520817,11.215167,2019,10,Atlantic Ocean,Manta net,0.006756,Low
16.36,-159.94,2010,6,Pacific Ocean,Neuston net,0.016196,Low
-34.53,-53.86,2015,8,Atlantic Ocean,Grab sample,0.004,Low
26.73,-75.15,1992,2,Atlantic Ocean,Neuston net,0.0,Low
23.9,-74.48,1996,4,Atlantic Ocean,Neuston net,0.0,Low
40.7,-71.04,2008,10,Atlantic Ocean,Neuston net,0.00282,Low
31.24,-57.41,2005,10,Atlantic Ocean,Neuston net,0.011744,Low
28.76,-80.1,1999,3,Atlantic Ocean,Neuston net,0.093332,High
28.6,-80.02,2005,3,Atlantic Ocean,Neuston net,0.00432,Low
40.23,-69.51,1995,7,Atlantic Ocean,Neuston net,0.038876,Low
19.53,-77.45,1997,12,Atlantic Ocean,Neuston net,0.0,Low
16.82,-83.62,1996,2,Atlantic Ocean,Neuston net,0.0,Low
35.31,-69.59,1999,4,Atlantic Ocean,Neuston net,0.049368,Low
58.001333,-6.315167,2022,1,Atlantic Ocean,Neuston net,0.00706,Low
11.09,-156.77,2007,12,Pacific Ocean,Neuston net,0.043196,Low
39.402,19.677,2014,10,Atlantic Ocean,Manta net,0.423333,High
47.3321,-122.5804,2014,11,Pacific Ocean,Grab sample,0.0,Low
33.56,-152.27,2004,12,Pacific Ocean,Neuston net,0.0,Low
43.1275,28.035,2017,8,Atlantic Ocean,Manta net,0.212791,High
11.95,-77.68,1993,3,Atlantic Ocean,Neuston net,0.0,Low
29.19,-58.58,2004,10,Atlantic Ocean,Neuston net,0.0,Low
27.56,-62.47,2000,10,Atlantic Ocean,Neuston net,0.0,Low
-33.7817,11.3967,2010,12,Atlantic Ocean,Neuston net,1.684795,High
24.08,-81.3,1999,2,Atlantic Ocean,Neuston net,0.0,Low
34.0563,-139.9629,2009,8,Pacific Ocean,Manta net,1.51,High
31.50265,-134.0831,2015,9,Pacific Ocean,Manta net,0.716268,High
40.83,-68.56,2004,8,Atlantic Ocean,Neuston net,0.0,Low
-5.83,-141.63,2003,4,Pacific Ocean,Neuston net,0.0,Low
16.55,-65.69,2000,5,Atlantic Ocean,Neuston net,0.00648,Low
41.56,-65.07,1992,8,Atlantic Ocean,Neuston net,0.0,Low
20.57,-154.86,2011,3,Pacific Ocean,Neuston net,0.0108,Low
17.23,-77.18,1992,3,Atlantic Ocean,Neuston net,0.0,Low
12.34,-60.03,1999,11,Atlantic Ocean,Neuston net,0.00216,Low
25.78,-76.18,2002,4,Atlantic Ocean,Neuston net,0.0,Low
42.77,-64.77,1996,5,Atlantic Ocean,Neuston net,0.0054,Low
-25.076833,36.4945,2018,9,Indian Ocean,Manta net,0.024395,Low
14.4365,-58.6623,2014,12,Atlantic Ocean,Grab sample,0.028,Low
43.27,-67.3,1996,7,Atlantic Ocean,Neuston net,0.00216,Low
62.472,-50.423167,2021,7,Arctic Ocean,Manta net,0.006235,Low
20.27,-156.47,2009,7,Pacific Ocean,Neuston net,0.0,Low
24.21,-149.32,2010,10,Pacific Ocean,Neuston net,0.0,Low
11.33,-93.89,2001,11,Pacific Ocean,Neuston net,0.0,Low
32.6,-119.57,2002,10,Pacific Ocean,Neuston net,0.053996,Low
-35.9813,-56.7702,2015,4,Atlantic Ocean,Grab sample,0.01,Low
13.26,-61.42,2005,11,Atlantic Ocean,Neuston net,0.0,Low
13.02,-61.45,1994,12,Atlantic Ocean,Neuston net,0.00216,Low
24.4448,-110.3813,2014,11,Pacific Ocean,Grab sample,0.002,Low
42.037167,19.003667,2013,5,Atlantic Ocean,Neuston net,0.245098,High
27.897,-82.4382,2017,6,Atlantic Ocean,Van Dorn sampler,1000.0,High
22.4,-70.17,1991,5,Atlantic Ocean,Neuston net,0.00432,Low
27.8,-72.38,1994,5,Atlantic Ocean,Neuston net,0.11336,High
42.03,-67.68,1997,6,Atlantic Ocean,Neuston net,0.0,Low
82.2486,10.9693,2016,8,Arctic Ocean,Intake seawater pump,0.5,High
17.3028,-87.8344,2014,3,Atlantic Ocean,Grab sample,0.006,Low
40.16,-157.42,2005,10,Pacific Ocean,Neuston net,0.0,Low
19.43,-145.47,2011,10,Pacific Ocean,Neuston net,0.00432,Low
40.26,-70.31,2005,7,Atlantic Ocean,Neuston net,0.0,Low
42.43,-69.4,1999,8,Atlantic Ocean,Neuston net,0.0,Low
16.29,-151.6,2002,3,Pacific Ocean,Neuston net,0.00432,Low
19.83,-65.17,2001,5,Atlantic Ocean,Neuston net,0.0,Low
28.37,-70.28,1995,5,Atlantic Ocean,Neuston net,0.043196,Low
60.928333,4.393667,2020,6,Atlantic Ocean,Manta net,0.035442,Low
19.73,-146.63,2010,10,Pacific Ocean,Neuston net,0.0,Low
18.46,-65.02,2015,1,Atlantic Ocean,Grab sample,0.0,Low
50.3226,-5.2019,2016,10,Atlantic Ocean,Grab sample,0.005,Low
44.415875,8.761267,2019,5,Atlantic Ocean,Manta net,0.15054,High
1.15,-90.11,2001,12,Pacific Ocean,Neuston net,0.0,Low
19.6,-69.42,1998,3,Atlantic Ocean,Neuston net,0.159828,High
29.44,-71.97,1991,5,Atlantic Ocean,Neuston net,0.0108,Low
31.52,-60.22,1998,10,Atlantic Ocean,Neuston net,0.101512,High
33.35,-150.87,2008,7,Pacific Ocean,Neuston net,0.0,Low
29.05571,-134.5405,2015,7,Pacific Ocean,Manta net,0.784123,High
22.48,-57.92,1994,10,Atlantic Ocean,Neuston net,0.00216,Low
22.341833,-23.561167,2020,12,Atlantic Ocean,Manta net,0.024821,Low
39.750645,-33.360217,2020,11,Atlantic Ocean,Manta net,0.603952,High
56.009333,-3.089667,2014,12,Atlantic Ocean,Neuston net,0.031247,Low
-3.25,-98.43,2016,5,Pacific Ocean,Grab sample,0.0,Low
24.45,-83.85,2007,12,Atlantic Ocean,Neuston net,0.0,Low
24.78,-83.3,2004,1,Atlantic Ocean,Neuston net,0.0,Low
34.95,-141.0,1972,4,Pacific Ocean,Neuston net,0.023,Low
36.0671,26.9649,2014,7,Atlantic Ocean,Manta net,0.614802,High
31.81,-77.22,2004,5,Atlantic Ocean,Neuston net,0.061196,Low
43.49,-63.42,1989,8,Atlantic Ocean,Neuston net,0.014396,Low
29.29,-61.66,1998,10,Atlantic Ocean,Neuston net,0.149028,High
17.0557,-39.7102,2014,11,Atlantic Ocean,Grab sample,0.028,Low
24.72,-80.48,1996,5,Atlantic Ocean,Neuston net,0.01728,Low
20.57,-73.12,1997,4,Atlantic Ocean,Neuston net,0.01512,Low
42.93,-69.17,2000,8,Atlantic Ocean,Neuston net,0.00216,Low
19.95,-156.16,2004,11,Pacific Ocean,Neuston net,0.0,Low
13.08,-67.17,2004,12,Atlantic Ocean,Neuston net,0.00216,Low
12.6,-60.01,2005,11,Atlantic Ocean,Neuston net,0.0,Low
26.64255,-130.07915,2015,9,Pacific Ocean,Manta net,0.292958,High
33.08,-147.02,2006,12,Pacific Ocean,Neuston net,0.0,Low
37.57,-64.9,1996,10,Atlantic Ocean,Neuston net,1.045376,High
34.890333,-20.3715,2014,7,Atlantic Ocean,Manta net,0.333855,High
42.898653,-10.106613,2015,11,Atlantic Ocean,Intake seawater pump,1.5,High
17.55,-158.31,2005,3,Pacific Ocean,Neuston net,0.011996,Low
16.41,-74.33,2008,12,Atlantic Ocean,Neuston net,0.002132,Low
31.54,-143.82,2007,7,Pacific Ocean,Neuston net,0.0,Low
41.5018,9.5887,2014,7,Atlantic Ocean,Manta net,0.369166,High
24.13,-80.72,1998,3,Atlantic Ocean,Neuston net,0.0,Low
43.6962,-134.5772,2011,11,Pacific Ocean,Neuston net,0.461119,High
26.44,-79.02,1992,4,Atlantic Ocean,Neuston net,0.0108,Low
24.28,-75.02,1992,4,Atlantic Ocean,Neuston net,0.02376,Low
39.03,-62.98,1990,10,Atlantic Ocean,Neuston net,0.00216,Low
43.36,-66.53,2007,9,Atlantic Ocean,Neuston net,0.0,Low
65.2585,-78.7545,2016,9,Arctic Ocean,Grab sample,0.044,Low
2.19,-135.73,2010,7,Pacific Ocean,Neuston net,0.0,Low
14.35,-70.1,2000,12,Atlantic Ocean,Neuston net,0.00216,Low
42.17,-69.9,1999,7,Atlantic Ocean,Neuston net,0.002704,Low
56.38,-6.771333,2018,1,Atlantic Ocean,Neuston net,0.069489,Low
33.02,-152.9,2009,8,Pacific Ocean,Neuston net,0.0,Low
11.94,-117.85,2002,12,Pacific Ocean,Neuston net,0.00648,Low
28.54,-140.09,2005,11,Pacific Ocean,Neuston net,0.0,Low
29.68,-70.36,1993,5,Atlantic Ocean,Neuston net,0.190064,High
33.8227,-141.10995,2015,8,Pacific Ocean,Manta net,0.268115,High
35.03,-63.32,2003,5,Atlantic Ocean,Neuston net,0.0108,Low
40.47,-68.38,1991,10,Atlantic Ocean,Neuston net,0.0024,Low
41.403637,2.2193,2021,1,Atlantic Ocean,Manta net,1.429333,High
32.152,34.783167,2014,4,Atlantic Ocean,Manta net,1.514467,High
-26.99854,-101.52772,2015,10,Pacific Ocean,AVANI net,0.01426,Low
13.08,-67.85,2003,12,Atlantic Ocean,Neuston net,0.0216,Low
18.3047,-65.2968,2013,11,Atlantic Ocean,Grab sample,0.012,Low
17.67,-64.99,1999,12,Atlantic Ocean,Neuston net,0.0216,Low
14.58,-61.67,1996,12,Atlantic Ocean,Neuston net,0.00432,Low
40.43,-71.12,1993,8,Atlantic Ocean,Neuston net,0.0,Low
41.024333,7.980667,2012,8,Atlantic Ocean,Manta net,1.160655,High
20.35,-154.67,2005,12,Pacific Ocean,Neuston net,0.0,Low
27.84,-140.77,2006,5,Pacific Ocean,Neuston net,0.0024,Low
36.773149,2.820132,2018,6,Atlantic Ocean,Manta net,0.041677,Low
15.25,-157.55,2012,11,Pacific Ocean,Neuston net,0.481356,High
25.86,-79.87,1999,2,Atlantic Ocean,Neuston net,0.056156,Low
22.95,-61.08,1995,11,Atlantic Ocean,Neuston net,0.004324,Low
12.97,-70.23,1987,12,Atlantic Ocean,Neuston net,0.0,Low
27.46,-65.12,2001,5,Atlantic Ocean,Neuston net,0.203984,High
29.22,-68.85,1995,5,Atlantic Ocean,Neuston net,0.01728,Low
32.18,-63.98,2000,4,Atlantic Ocean,Neuston net,0.009968,Low
40.366167,7.5385,2020,8,Atlantic Ocean,Manta net,0.38831,High
57.1667,-2.0794,2014,12,Atlantic Ocean,Grab sample,0.0,Low
13.98,-68.7,1991,12,Atlantic Ocean,Neuston net,0.0,Low
12.3,-68.83,1991,12,Atlantic Ocean,Neuston net,0.00432,Low
41.45,-69.13,2008,7,Atlantic Ocean,Neuston net,0.0,Low
8.89,-164.73,2002,4,Pacific Ocean,Neuston net,0.0,Low
15.53,-59.1,1993,11,Atlantic Ocean,Neuston net,0.00432,Low
31.999527,-136.178,2015,8,Pacific Ocean,Manta net,6.724144,High
42.16,-69.69,2000,9,Atlantic Ocean,Neuston net,0.0,Low
61.130167,1.361833,2014,1,Arctic Ocean,Neuston net,0.0,Low
5.79,-147.72,2011,7,Pacific Ocean,Neuston net,0.0,Low
28.6582,-132.39195,2015,9,Pacific Ocean,Manta net,1.610358,High
24.28,-143.99,2005,2,Pacific Ocean,Neuston net,0.00216,Low
24.27,-82.2,1997,2,Atlantic Ocean,Neuston net,0.0,Low
25.0063,-17.5167,2014,11,Atlantic Ocean,Grab sample,0.01,Low
-21.168574,6.88935,2015,11,Atlantic Ocean,Intake seawater pump,0.5,High
22.9,-73.92,1996,4,Atlantic Ocean,Neuston net,0.00736,Low
40.83,-70.15,1989,7,Atlantic Ocean,Neuston net,0.116632,High
38.46124,-8.99428,2019,1,Atlantic Ocean,Neuston net,0.404855,High
22.99,-148.78,2005,7,Pacific Ocean,Neuston net,0.0,Low
-26.8718,-111.9128,2011,4,Pacific Ocean,Neuston net,0.130396,High
15.45,-70.82,1997,12,Atlantic Ocean,Neuston net,0.00648,Low
26.43,-79.41,2005,3,Atlantic Ocean,Neuston net,0.0,Low
29.105,-18.315,2013,9,Atlantic Ocean,Manta net,0.375251,High
12.48,-60.25,2001,11,Atlantic Ocean,Neuston net,0.0,Low
26.26,-60.79,1999,4,Atlantic Ocean,Neuston net,0.200864,High
35.73,-59.45,1992,10,Atlantic Ocean,Neuston net,0.018892,Low
47.343583,-3.015,2018,8,Atlantic Ocean,Manta net,0.032639,Low
28.249665,-148.92908,2015,8,Pacific Ocean,Manta net,1.558805,High
21.69,-84.68,1999,1,Atlantic Ocean,Neuston net,0.0,Low
24.04,-81.92,2008,5,Atlantic Ocean,Neuston net,0.0,Low
28.78,-57.3,1991,10,Atlantic Ocean,Neuston net,0.058316,Low
43.4294,7.8675,2013,7,Atlantic Ocean,Manta net,0.21598,High
27.9899,-82.6316,2017,6,Atlantic Ocean,Van Dorn sampler,5000.0,High
25.02,-79.9,2000,2,Atlantic Ocean,Neuston net,0.00432,Low
11.78,-59.63,1999,11,Atlantic Ocean,Neuston net,0.0,Low
30.15125,-144.0028,2015,8,Pacific Ocean,Manta net,3.658557,High
25.27,-75.13,1993,2,Atlantic Ocean,Neuston net,0.0,Low
54.624,-3.841167,2016,1,Atlantic Ocean,Neuston net,0.540037,High
28.93,-78.61,2001,4,Atlantic Ocean,Neuston net,0.0,Low
20.58,-73.83,1995,2,Atlantic Ocean,Neuston net,0.0,Low
42.403183,9.640467,2019,6,Atlantic Ocean,Manta net,0.08675,High
43.7995,14.554833,2021,6,Atlantic Ocean,Manta net,0.188548,High
19.96,-146.64,2005,7,Pacific Ocean,Neuston net,0.00216,Low
16.38,-62.83,1993,12,Atlantic Ocean,Neuston net,0.0,Low
29.98,-140.0,2011,12,Pacific Ocean,Neuston net,0.0,Low
30.46,-60.98,2005,4,Atlantic Ocean,Neuston net,0.032396,Low
27.97,-60.07,1996,10,Atlantic Ocean,Neuston net,0.043196,Low
31.83,-61.32,1986,10,Atlantic Ocean,Neuston net,0.053968,Low
44.3,-63.15,1998,7,Atlantic Ocean,Neuston net,0.0,Low
42.71,-69.81,2005,9,Atlantic Ocean,Neuston net,0.0,Low
19.24,-143.41,2007,3,Pacific Ocean,Neuston net,0.0,Low
16.42,-61.31,2007,11,Atlantic Ocean,Neuston net,0.0,Low
34.2,-77.2667,2015,11,Atlantic Ocean,Grab sample,0.323,High
34.1,-64.92,1992,5,Atlantic Ocean,Neuston net,0.069116,Low
39.5432,5.139,2014,9,Atlantic Ocean,Manta net,1.293024,High
9.6655,-85.1926,2015,3,Pacific Ocean,Grab sample,0.0,Low
20.0147,-28.8781,2014,11,Atlantic Ocean,Grab sample,0.033,Low
27.7084,-82.6092,2016,7,Atlantic Ocean,Van Dorn sampler,0.0,Low
33.38,-156.38,2009,4,Pacific Ocean,Neuston net,0.0,Low
40.38,-157.49,2010,12,Pacific Ocean,Neuston net,0.44862,High
-8.23,-122.0,2001,12,Pacific Ocean,Neuston net,0.0,Low
33.9101,-140.475483,2019,12,Pacific Ocean,Manta net,7.252628,High
39.904,24.302,2020,2,Atlantic Ocean,Manta net,0.406667,High
38.5025,15.721833,2021,7,Atlantic Ocean,Manta net,0.626766,High
24.426767,-144.863633,2019,11,Pacific Ocean,Manta net,0.692854,High
27.9184,-131.28925,2015,9,Pacific Ocean,Manta net,1.125328,High
32.983333,35.074333,2014,1,Atlantic Ocean,Manta net,2.132273,High
27.6279,-82.6415,2016,10,Atlantic Ocean,Van Dorn sampler,5000.0,High
41.894667,4.3295,2014,5,Atlantic Ocean,Manta net,1.93437,High
57.701333,-3.831833,2018,1,Atlantic Ocean,Neuston net,0.0,Low
58.3,-152.06,2016,4,Pacific Ocean,Grab sample,0.005,Low
17.45,-66.22,1993,12,Atlantic Ocean,Neuston net,0.0,Low
29.57,-61.85,1997,10,Atlantic Ocean,Neuston net,0.071276,Low
-34.50888,8.3329,2017,7,Atlantic Ocean,Neuston net,0.05071,Low
28.54,-140.09,2012,5,Pacific Ocean,Neuston net,0.002164,Low
27.7084,-82.6092,2017,7,Atlantic Ocean,Plankton net,1.2,High
21.225387,-22.072782,2015,11,Atlantic Ocean,Intake seawater pump,0.5,High
43.38,-68.53,1999,6,Atlantic Ocean,Neuston net,0.0,Low
31.68175,-134.04875,2015,9,Pacific Ocean,Manta net,1.00189,High
30.96883,-137.431,2015,8,Pacific Ocean,Manta net,9.363521,High
55.986333,-4.864833,2018,10,Atlantic Ocean,Neuston net,0.077476,Low
18.46,-157.58,2009,12,Pacific Ocean,Neuston net,0.0108,Low
6.02,-144.89,2002,3,Pacific Ocean,Neuston net,0.0,Low
39.7293,-60.8799,2018,5,Atlantic Ocean,Intake seawater pump,13.0,High
43.520017,10.193883,2018,5,Atlantic Ocean,Manta net,0.476025,High
19.95,-156.16,2011,7,Pacific Ocean,Neuston net,0.0,Low
12.07,-67.95,1993,12,Atlantic Ocean,Neuston net,0.00216,Low
17.4,-68.78,1989,12,Atlantic Ocean,Neuston net,0.0,Low
24.14,-81.99,1999,3,Atlantic Ocean,Neuston net,0.0108,Low
42.17,-61.95,1997,7,Atlantic Ocean,Neuston net,0.097912,High
-28.0065,-93.923333,2016,4,Pacific Ocean,Manta net,0.501772,High
21.42,-142.07,2003,11,Pacific Ocean,Neuston net,0.00216,Low
58.202,-3.326833,2019,1,Atlantic Ocean,Neuston net,0.0,Low
20.61,-155.0,2012,7,Pacific Ocean,Neuston net,0.46908,High
11.52,-67.53,1995,12,Atlantic Ocean,Neuston net,0.0,Low
25.71,-77.17,2001,2,Atlantic Ocean,Neuston net,0.01512,Low
26.32,-78.17,1992,4,Atlantic Ocean,Neuston net,0.00864,Low
24.12,-81.9,2004,2,Atlantic Ocean,Neuston net,0.025196,Low
24.29,-83.0,2002,5,Atlantic Ocean,Neuston net,0.0,Low
15.8596,-97.0785,2015,4,Pacific Ocean,Grab sample,0.001,Low
24.5939,-144.86215,2019,11,Pacific Ocean,Manta net,8.75516,High
39.3338,17.82005,2013,6,Atlantic Ocean,Neuston net,5.8753,High
41.175724,1.526081,2020,12,Atlantic Ocean,Manta net,4.276667,High
8.38,-151.97,2008,6,Pacific Ocean,Neuston net,0.003456,Low
36.8441,-153.19055,2015,8,Pacific Ocean,Manta net,3.530292,High
19.62,-59.69,1998,11,Atlantic Ocean,Neuston net,0.064796,Low
26.21,-144.53,2009,2,Pacific Ocean,Neuston net,0.060476,Low
31.96,-64.42,1997,4,Atlantic Ocean,Neuston net,0.034556,Low
10.758064,-61.436573,2015,10,Atlantic Ocean,Hand picking,0.0,Low
22.8167,-156.985,2014,9,Pacific Ocean,Grab sample,0.016,Low
35.841,-140.8242,2009,9,Pacific Ocean,Neuston net,1.901459,High
39.78885,-139.73575,2015,8,Pacific Ocean,Manta net,1.250812,High
39.899,19.125,2014,10,Atlantic Ocean,Manta net,0.78,High
52.591633,4.35285,2018,3,Atlantic Ocean,Manta net,0.281857,High
56.142667,-2.814333,2017,12,Atlantic Ocean,Neuston net,0.0,Low
20.7583,-37.31,2014,12,Atlantic Ocean,Grab sample,0.005,Low
37.451077,-38.838675,2020,11,Atlantic Ocean,Manta net,0.15963,High
6.84,-149.44,2006,11,Pacific Ocean,Neuston net,0.0,Low
31.746667,34.593,2014,8,Atlantic Ocean,Manta net,2.26378,High
30.43,-60.55,1993,10,Atlantic Ocean,Neuston net,0.034556,Low
34.03,-62.88,1995,10,Atlantic Ocean,Neuston net,0.098764,High
42.95,-69.41,2002,8,Atlantic Ocean,Neuston net,0.0,Low
26.16,-77.83,2002,4,Atlantic Ocean,Neuston net,0.035992,Low
33.59,-61.95,1998,10,Atlantic Ocean,Neuston net,0.043196,Low
23.35,-73.32,1990,4,Atlantic Ocean,Neuston net,0.00216,Low
29.77,-68.67,1995,5,Atlantic Ocean,Neuston net,0.00864,Low
41.25,-67.6,1992,7,Atlantic Ocean,Neuston net,0.00648,Low
18.97,-143.47,2011,10,Pacific Ocean,Neuston net,0.0108,Low
19.55,-68.34,2000,2,Atlantic Ocean,Neuston net,0.0,Low
41.3,-68.79,1993,6,Atlantic Ocean,Neuston net,0.00864,Low
56.062333,-3.139833,2014,12,Atlantic Ocean,Neuston net,0.03371,Low
14.1,-58.1,2014,12,Atlantic Ocean,Grab sample,0.0,Low
20.29,-71.48,2005,3,Atlantic Ocean,Neuston net,0.0,Low
29.69,-70.35,1993,5,Atlantic Ocean,Neuston net,0.289416,High
31.72,-144.77,2005,5,Pacific Ocean,Neuston net,0.0,Low
41.403637,2.2193,2021,4,Atlantic Ocean,Manta net,12.002667,High
19.51,-144.23,2010,10,Pacific Ocean,Neuston net,0.0,Low
26.2,-79.13,1994,2,Atlantic Ocean,Neuston net,0.0,Low
37.6,26.5,2015,6,Atlantic Ocean,Manta net,0.366667,High
41.95,-67.58,1999,7,Atlantic Ocean,Neuston net,0.00288,Low
20.58,-81.74,1998,12,Atlantic Ocean,Neuston net,0.0,Low
23.78,-74.5,1999,4,Atlantic Ocean,Neuston net,0.00432,Low
39.46,-70.52,2005,6,Atlantic Ocean,Neuston net,0.00648,Low
12.48,-78.37,1993,3,Atlantic Ocean,Neuston net,0.0,Low
24.395,-76.635,2016,1,Atlantic Ocean,Grab sample,0.007,Low
23.22,-67.82,2008,4,Atlantic Ocean,Neuston net,0.01512,Low
27.52,-73.68,1997,2,Atlantic Ocean,Neuston net,0.062636,Low
32.73,-64.58,2002,5,Atlantic Ocean,Neuston net,0.116632,High
42.757,8.4698,2010,7,Atlantic Ocean,Neuston net,0.314502,High
15.25,-157.55,2005,9,Pacific Ocean,Neuston net,0.0,Low
12.2,-67.53,2004,12,Atlantic Ocean,Neuston net,0.0,Low
21.42,-142.07,2011,6,Pacific Ocean,Neuston net,0.0,Low
41.13,-70.69,2001,10,Atlantic Ocean,Neuston net,0.0,Low
13.85,-61.07,1993,11,Atlantic Ocean,Neuston net,0.028076,Low
30.53,-65.88,2000,4,Atlantic Ocean,Neuston net,0.01944,Low
56.0415,-4.897,2014,11,Atlantic Ocean,Neuston net,0.11945,High
20.17,-81.79,2007,3,Atlantic Ocean,Neuston net,0.00216,Low
17.97,-59.03,1993,11,Atlantic Ocean,Neuston net,0.0,Low
25.4348,-19.1083,2014,11,Atlantic Ocean,Grab sample,0.024,Low
25.6383,-19.64,2014,11,Atlantic Ocean,Grab sample,0.003,Low
33.06,-148.13,2010,8,Pacific Ocean,Neuston net,0.0,Low
42.841783,10.266283,2018,5,Atlantic Ocean,Manta net,0.126938,High
17.27,-76.03,1993,2,Atlantic Ocean,Neuston net,0.0,Low
21.8567,-40.355,2014,12,Atlantic Ocean,Grab sample,0.014,Low
41.379079,2.194423,2021,1,Atlantic Ocean,Manta net,2.601333,High
17.67,-62.92,2005,4,Atlantic Ocean,Neuston net,0.0,Low
18.2261,-57.0836,2014,12,Atlantic Ocean,Grab sample,0.004,Low
35.9433,-6.1325,2014,12,Atlantic Ocean,Grab sample,0.012,Low
41.393333,9.0875,2012,8,Atlantic Ocean,Manta net,1.580772,High
3.48,-143.62,2011,7,Pacific Ocean,Neuston net,0.0,Low
17.51,-63.67,2001,11,Atlantic Ocean,Neuston net,0.0108,Low
27.35,-58.77,1999,11,Atlantic Ocean,Neuston net,0.009256,Low
42.01,-68.12,1998,9,Atlantic Ocean,Neuston net,0.0,Low
-27.5502,-108.0495,2011,4,Pacific Ocean,Neuston net,1.133215,High
29.98,-140.0,2005,11,Pacific Ocean,Neuston net,0.0,Low
36.74855,-133.1945,2015,9,Pacific Ocean,Manta net,2.413135,High
41.01,-69.0,2006,8,Atlantic Ocean,Neuston net,0.0,Low
41.58,-66.63,1992,5,Atlantic Ocean,Neuston net,0.0,Low
11.3,-66.55,1992,12,Atlantic Ocean,Neuston net,0.00432,Low
26.95735,-130.6939,2015,9,Pacific Ocean,Manta net,0.616756,High
25.68,-143.09,2006,5,Pacific Ocean,Neuston net,0.0,Low
41.22,-68.95,1994,7,Atlantic Ocean,Neuston net,0.0,Low
16.28,-160.37,2005,3,Pacific Ocean,Neuston net,0.0,Low
27.7084,-82.6092,2016,10,Atlantic Ocean,Van Dorn sampler,0.0,Low
39.28,-68.57,1990,10,Atlantic Ocean,Neuston net,0.00216,Low
85.4929,15.6535,2016,9,Arctic Ocean,Intake seawater pump,0.5,High
30.4886,-144.7408,2015,8,Pacific Ocean,Manta net,1.674043,High
24.03,-57.76,2003,10,Atlantic Ocean,Neuston net,0.01296,Low
79.96,18.62,2016,6,Arctic Ocean,Grab sample,0.011,Low
17.46,-85.87,2003,3,Atlantic Ocean,Neuston net,0.00432,Low
38.18,-68.52,1991,10,Atlantic Ocean,Neuston net,0.047516,Low
33.35,-150.87,2009,8,Pacific Ocean,Neuston net,0.0,Low
34.93835,-153.4273,2015,8,Pacific Ocean,Manta net,2.290006,High
33.074,35.101667,2013,10,Atlantic Ocean,Manta net,0.879869,High
20.15,-147.77,2007,11,Pacific Ocean,Neuston net,0.0,Low
23.35,-144.31,2007,2,Pacific Ocean,Neuston net,0.0,Low
20.82,-58.14,2007,10,Atlantic Ocean,Neuston net,0.00306,Low
37.6358,-76.4125,2015,7,Atlantic Ocean,Grab sample,0.011,Low
42.2696,9.5959,2014,10,Atlantic Ocean,Manta net,1.901375,High
42.5782,8.7482,2013,7,Atlantic Ocean,Manta net,0.60329,High
26.42,-57.99,1999,10,Atlantic Ocean,Neuston net,0.043196,Low
26.2,-73.62,1992,2,Atlantic Ocean,Neuston net,0.0,Low
53.15,-133.14,2002,7,Pacific Ocean,Neuston net,0.0,Low
44.49,-61.11,1989,7,Atlantic Ocean,Neuston net,0.00432,Low
29.07,-79.8,2004,5,Atlantic Ocean,Neuston net,0.0,Low
44.45,-61.9,1998,7,Atlantic Ocean,Neuston net,0.0,Low
61.0145,4.769983,2019,9,Arctic Ocean,Manta net,0.003514,Low
18.03,-64.2,1995,12,Atlantic Ocean,Neuston net,0.00864,Low
33.87,-65.73,1987,6,Atlantic Ocean,Neuston net,0.00216,Low
26.6528,-160.3025,2009,9,Pacific Ocean,Neuston net,3.136709,High
18.4382,-161.5162,2014,5,Pacific Ocean,Grab sample,0.101,High
-1.5,-82.0,2017,10,Pacific Ocean,Plankton net,0.43,High
25.47,-83.88,2003,4,Atlantic Ocean,Neuston net,0.00648,Low
25.17,-75.77,1996,4,Atlantic Ocean,Neuston net,0.0108,Low
40.68,-128.9,2011,12,Pacific Ocean,Neuston net,2.611356,High
37.838,-70.825,2014,6,Atlantic Ocean,Grab sample,0.006,Low
32.57,-151.69,2002,5,Pacific Ocean,Neuston net,0.35128,High
19.62,-146.5,2007,3,Pacific Ocean,Neuston net,0.00216,Low
14.21,-62.47,2003,12,Atlantic Ocean,Neuston net,0.0,Low
26.22,-79.93,1997,2,Atlantic Ocean,Neuston net,0.00432,Low
23.73,-70.65,1990,4,Atlantic Ocean,Neuston net,0.069116,Low
38.85,-69.58,1995,10,Atlantic Ocean,Neuston net,0.0,Low
18.95,-156.27,2003,2,Pacific Ocean,Neuston net,0.0024,Low
16.03,-71.08,1994,12,Atlantic Ocean,Neuston net,0.0,Low
16.35,-70.37,2008,12,Atlantic Ocean,Neuston net,0.0,Low
17.58,-64.38,1997,12,Atlantic Ocean,Neuston net,0.0,Low
29.27,-65.24,2001,4,Atlantic Ocean,Neuston net,0.026396,Low
43.158667,5.296167,2021,9,Atlantic Ocean,Manta net,1.69382,High
32.840167,34.951833,2014,1,Atlantic Ocean,Manta net,3.090877,High
-8.13,-125.56,2001,12,Pacific Ocean,Neuston net,0.0,Low
30.5,-69.13,1990,5,Atlantic Ocean,Neuston net,0.028076,Low
43.05,-70.48,1998,7,Atlantic Ocean,Neuston net,0.00864,Low
24.18,-81.15,1996,5,Atlantic Ocean,Neuston net,0.014396,Low
54.20555,13.481283,2018,10,Atlantic Ocean,Manta net,0.020206,Low
32.1,-64.95,1992,5,Atlantic Ocean,Neuston net,0.060476,Low
22.76,-141.69,2006,7,Pacific Ocean,Neuston net,0.0,Low
34.2083,-77.7985,2014,10,Atlantic Ocean,Grab sample,0.012,Low
34.002287,10.087773,2019,11,Atlantic Ocean,Manta net,0.116991,High
17.57,-85.97,1997,12,Atlantic Ocean,Neuston net,0.0,Low
50.4891,-6.8686,2018,5,Atlantic Ocean,Intake seawater pump,15.0,High
13.12,-61.53,1991,11,Atlantic Ocean,Neuston net,0.0,Low
26.05,-79.3,1993,3,Atlantic Ocean,Neuston net,0.00432,Low
36.87035,-146.45315,2015,8,Pacific Ocean,Manta net,4.339353,High
41.02,-71.33,2003,7,Atlantic Ocean,Neuston net,0.0,Low
41.175724,1.526081,2021,3,Atlantic Ocean,Manta net,0.56,High
16.4997,-41.9779,2014,11,Atlantic Ocean,Grab sample,0.0,Low
27.8096,-82.446,2017,6,Atlantic Ocean,Van Dorn sampler,1000.0,High
39.51115,-130.0977,2015,9,Pacific Ocean,Manta net,0.246531,High
32.23,-64.53,1997,10,Atlantic Ocean,Neuston net,0.194384,High
32.68,-62.07,1993,10,Atlantic Ocean,Neuston net,0.057604,Low
56.149833,-4.8115,2021,9,Atlantic Ocean,Neuston net,0.0,Low
15.25,-157.55,2011,11,Pacific Ocean,Neuston net,0.0,Low
26.25,-79.3,1995,5,Atlantic Ocean,Neuston net,0.0,Low
20.3694,-35.275,2014,12,Atlantic Ocean,Grab sample,0.001,Low
40.28,-71.98,1998,8,Atlantic Ocean,Neuston net,0.00108,Low
32.903333,35.071,2014,12,Atlantic Ocean,Manta net,3.959362,High
26.05,-141.2,2005,12,Pacific Ocean,Neuston net,0.00216,Low
24.4172,-110.3122,2013,11,Pacific Ocean,Grab sample,0.017,Low
40.29,-69.05,2005,8,Atlantic Ocean,Neuston net,0.004752,Low
39.4475,3.351733,2013,8,Atlantic Ocean,Manta net,4.054131,High
18.62,-74.75,1998,4,Atlantic Ocean,Neuston net,0.00432,Low
16.15,-85.29,2006,3,Atlantic Ocean,Neuston net,0.0,Low
30.49,-59.3,2001,10,Atlantic Ocean,Neuston net,0.218144,High
36.0135,-140.1468,2009,9,Pacific Ocean,Neuston net,5.67537,High
36.93,-66.67,1996,10,Atlantic Ocean,Neuston net,0.070272,Low
45.018717,-5.676967,2018,4,Atlantic Ocean,Manta net,0.087202,High
-30.2798,-21.833,2011,1,Atlantic Ocean,Neuston net,1.427592,High
16.83,-83.49,1999,3,Atlantic Ocean,Neuston net,0.0,Low
16.81,-86.02,2002,4,Atlantic Ocean,Neuston net,0.0,Low
11.22,-66.52,1998,12,Atlantic Ocean,Neuston net,0.00648,Low
26.21,-144.53,2007,8,Pacific Ocean,Neuston net,0.060476,Low
14.37,-62.48,1987,12,Atlantic Ocean,Neuston net,0.067676,Low
24.25,-64.77,1999,5,Atlantic Ocean,Neuston net,0.052196,Low
47.682,-33.5346,2018,5,Atlantic Ocean,Intake seawater pump,32.0,High
17.55,-158.31,2011,7,Pacific Ocean,Neuston net,0.011996,Low
-2.0,-92.0,2017,10,Pacific Ocean,Plankton net,0.8,High
19.83,-109.7,2002,11,Pacific Ocean,Neuston net,0.0,Low
23.06,-110.98,2001,10,Pacific Ocean,Neuston net,0.00216,Low
24.73,-83.47,1992,3,Atlantic Ocean,Neuston net,0.0,Low
13.74,-61.16,2000,11,Atlantic Ocean,Neuston net,0.0,Low
13.08,-61.82,1996,12,Atlantic Ocean,Neuston net,0.00216,Low
24.590133,-144.862167,2019,11,Pacific Ocean,Manta net,0.266908,High
27.6279,-82.6415,2017,5,Atlantic Ocean,Van Dorn sampler,0.0,Low
37.6138,-140.78325,2015,8,Pacific Ocean,Manta net,6.874532,High
41.54,-70.73,1993,8,Atlantic Ocean,Neuston net,0.0,Low
19.8,-156.16,2003,5,Pacific Ocean,Neuston net,0.0,Low
39.63,-68.85,1994,8,Atlantic Ocean,Neuston net,0.0,Low
44.32,-61.97,1989,7,Atlantic Ocean,Neuston net,0.0,Low
12.58,-61.76,1998,11,Atlantic Ocean,Neuston net,0.0,Low
17.6033,-39.82,2014,12,Atlantic Ocean,Grab sample,0.012,Low
38.13,-66.2,1992,10,Atlantic Ocean,Neuston net,0.00648,Low
10.33,-156.71,2011,4,Pacific Ocean,Neuston net,0.00216,Low
23.65,-149.74,2007,2,Pacific Ocean,Neuston net,0.0,Low
31.75,-70.3,1996,5,Atlantic Ocean,Neuston net,0.01728,Low
37.9142,23.62655,2019,10,Atlantic Ocean,Manta net,0.051702,Low
42.91,-70.24,2004,7,Atlantic Ocean,Neuston net,0.0,Low
-5.58,-111.4,2016,5,Pacific Ocean,Grab sample,0.002,Low
16.92,-75.54,2007,12,Atlantic Ocean,Neuston net,0.0,Low
26.85,-68.22,1998,2,Atlantic Ocean,Neuston net,0.01944,Low
32.31,-63.7,2000,4,Atlantic Ocean,Neuston net,0.0108,Low
39.136167,9.756833,2020,8,Atlantic Ocean,Manta net,0.236287,High
18.3,-64.73,2014,12,Atlantic Ocean,Grab sample,0.0,Low
25.107,-128.1097,2009,6,Pacific Ocean,Neuston net,0.338139,High
27.5769,-44.3386,2013,7,Atlantic Ocean,Neuston net,1.5235,High
42.04,-69.44,2007,7,Atlantic Ocean,Neuston net,0.0027,Low
42.6,-70.51,1998,9,Atlantic Ocean,Neuston net,0.01512,Low
-4.67,-107.64,2001,12,Pacific Ocean,Neuston net,0.0,Low
19.79,-70.21,2002,3,Atlantic Ocean,Neuston net,0.00216,Low
28.41,-140.21,2009,5,Pacific Ocean,Neuston net,0.0,Low
38.385167,15.223667,2021,9,Atlantic Ocean,Manta net,0.347309,High
45.188333,-7.811667,2018,7,Atlantic Ocean,Manta net,0.004564,Low
57.749833,-2.585667,2015,1,Atlantic Ocean,Neuston net,0.0,Low
14.12,-157.12,2010,11,Pacific Ocean,Neuston net,0.0,Low
22.99,-148.78,2011,10,Pacific Ocean,Neuston net,0.0,Low
-5.62,-140.48,2003,3,Pacific Ocean,Neuston net,0.00216,Low
4.033,-92.116,2000,10,Pacific Ocean,Manta net,0.044,Low
15.61,-70.69,2003,12,Atlantic Ocean,Neuston net,0.0,Low
25.94,-146.58,2012,2,Pacific Ocean,Neuston net,0.326132,High
31.6748,-142.8823,2015,8,Pacific Ocean,Manta net,3.861539,High
32.5767,-117.133,2014,4,Pacific Ocean,Grab sample,0.002,Low
56.040167,-2.404,2017,12,Atlantic Ocean,Neuston net,0.004626,Low
13.69,-156.87,2005,10,Pacific Ocean,Neuston net,0.018584,Low
19.23,-74.53,1998,2,Atlantic Ocean,Neuston net,0.00216,Low
19.0,-74.93,1994,4,Atlantic Ocean,Neuston net,0.0,Low
15.97,-81.77,1992,3,Atlantic Ocean,Neuston net,0.025916,Low
20.35,-154.67,2012,2,Pacific Ocean,Neuston net,0.0,Low
21.67,-73.56,1987,2,Atlantic Ocean,Neuston net,0.0,Low
42.880167,5.703167,2018,8,Atlantic Ocean,Manta net,0.112949,High
32.35,-155.1,2006,4,Pacific Ocean,Neuston net,0.0,Low
11.78,-62.95,1994,12,Atlantic Ocean,Neuston net,0.0,Low
14.44,-73.73,1999,12,Atlantic Ocean,Neuston net,0.00432,Low
34.299167,-14.333667,2020,10,Atlantic Ocean,Manta net,0.040052,Low
39.3895,4.554,2014,5,Atlantic Ocean,Manta net,1.040404,High
42.6544,8.6121,2010,7,Atlantic Ocean,Neuston net,1.00176,High
14.35,-62.47,1997,12,Atlantic Ocean,Neuston net,0.0,Low
19.74,-69.53,2005,3,Atlantic Ocean,Neuston net,0.038876,Low
39.4263,-123.8057,2015,5,Pacific Ocean,Grab sample,0.001,Low
20.01,-69.94,2000,3,Atlantic Ocean,Neuston net,0.007852,Low
20.15,-147.77,2009,3,Pacific Ocean,Neuston net,0.0,Low
26.14,-143.12,2011,2,Pacific Ocean,Neuston net,0.0,Low
22.2,-26.18,2014,11,Atlantic Ocean,Grab sample,0.003,Low
19.03,-79.65,1991,3,Atlantic Ocean,Neuston net,0.0,Low
17.12,-58.38,1996,11,Atlantic Ocean,Neuston net,0.0,Low
30.5068,-86.4372,2016,10,Atlantic Ocean,Grab sample,0.0,Low
29.47,-60.07,2007,10,Atlantic Ocean,Neuston net,0.00216,Low
33.1,-149.63,2006,12,Pacific Ocean,Neuston net,0.00216,Low
17.02,-64.78,1994,12,Atlantic Ocean,Neuston net,0.0,Low
-8.39,-140.52,2002,3,Pacific Ocean,Neuston net,0.0,Low
17.91,-75.85,2002,12,Atlantic Ocean,Neuston net,0.0024,Low
11.92,-62.17,1993,12,Atlantic Ocean,Neuston net,0.0,Low
31.997675,-142.0465,2015,8,Pacific Ocean,Manta net,8.968392,High
39.484,20.119,2015,4,Atlantic Ocean,Manta net,0.34,High
23.85,-81.47,1996,3,Atlantic Ocean,Neuston net,0.0,Low
16.6144,-29.0109,2014,11,Atlantic Ocean,Grab sample,0.012,Low
23.52,-141.63,2011,6,Pacific Ocean,Neuston net,0.0,Low
24.02,-82.84,2007,12,Atlantic Ocean,Neuston net,0.0,Low
33.04615,-133.3114,2015,9,Pacific Ocean,Manta net,2.053062,High
39.5541,-75.6178,2016,5,Atlantic Ocean,Grab sample,0.0,Low
32.18,-64.61,1997,4,Atlantic Ocean,Neuston net,0.030236,Low
41.36,-68.56,2001,7,Atlantic Ocean,Neuston net,0.0,Low
83.6959,-143.37,2016,8,Arctic Ocean,Intake seawater pump,2.0,High
7.43,-149.9,2004,12,Pacific Ocean,Neuston net,0.00648,Low
40.58,-157.79,2007,7,Pacific Ocean,Neuston net,0.043748,Low
23.3,-56.76,2005,10,Atlantic Ocean,Neuston net,0.003272,Low
30.0572,-16.0496,2015,9,Atlantic Ocean,Grab sample,0.0,Low
41.04,-70.54,2008,8,Atlantic Ocean,Neuston net,0.0,Low
31.97,-59.69,1998,10,Atlantic Ocean,Neuston net,0.01728,Low
33.38,-156.38,2008,3,Pacific Ocean,Neuston net,0.0,Low
19.8,-143.03,2009,11,Pacific Ocean,Neuston net,0.0,Low
11.87,-60.08,1996,11,Atlantic Ocean,Neuston net,0.00508,Low
16.55,-49.12,2014,12,Atlantic Ocean,Grab sample,0.0,Low
22.11,-141.71,2009,11,Pacific Ocean,Neuston net,0.0,Low
25.7,-76.18,1987,4,Atlantic Ocean,Neuston net,0.001424,Low
-31.5774,-92.3432,2011,4,Pacific Ocean,Manta net,0.075559,Low
16.33,-85.63,1987,12,Atlantic Ocean,Neuston net,0.0054,Low
26.45,-78.85,1998,2,Atlantic Ocean,Neuston net,0.0,Low
26.17,-79.13,1993,2,Atlantic Ocean,Neuston net,0.0,Low
25.82,-73.86,1999,4,Atlantic Ocean,Neuston net,0.118792,High
58.083667,-5.814,2022,1,Atlantic Ocean,Neuston net,0.114981,High
25.27,-68.2,1999,2,Atlantic Ocean,Neuston net,0.0,Low
41.84,-69.26,2006,7,Atlantic Ocean,Neuston net,0.0,Low
-32.2052,-89.4267,2011,3,Pacific Ocean,Manta net,0.210883,High
17.03,-63.4,1997,12,Atlantic Ocean,Neuston net,0.0,Low
15.8907,-43.1035,2014,11,Atlantic Ocean,Grab sample,0.004,Low
27.9237,-82.4807,2016,10,Atlantic Ocean,Van Dorn sampler,2000.0,High
32.64,-117.33,2002,10,Pacific Ocean,Neuston net,0.026396,Low
16.33,-62.88,1993,12,Atlantic Ocean,Neuston net,0.0,Low
27.9,-61.37,2001,4,Atlantic Ocean,Neuston net,0.315336,High
30.0284,-16.0573,2015,9,Atlantic Ocean,Grab sample,0.002,Low
41.83,-69.25,2008,8,Atlantic Ocean,Neuston net,0.0,Low
38.663,-9.397,2020,9,Atlantic Ocean,Manta net,0.048997,Low
40.16,-157.42,2011,12,Pacific Ocean,Neuston net,0.0,Low
33.77,-65.42,1987,6,Atlantic Ocean,Neuston net,0.053996,Low
40.65,-70.8,1998,6,Atlantic Ocean,Neuston net,0.0,Low
37.7466,-61.5372,2018,5,Atlantic Ocean,Intake seawater pump,14.0,High
43.73,-66.58,1994,6,Atlantic Ocean,Neuston net,0.00648,Low
33.1,-156.49,2012,4,Pacific Ocean,Neuston net,0.0,Low
25.35,-141.11,2011,3,Pacific Ocean,Neuston net,0.0,Low
25.57,-82.8,1996,3,Atlantic Ocean,Neuston net,0.01944,Low
33.84,-64.62,2002,5,Atlantic Ocean,Neuston net,0.198704,High
-7.9,-140.71,2002,3,Pacific Ocean,Neuston net,0.0,Low
17.43,-59.02,1991,10,Atlantic Ocean,Neuston net,0.00864,Low
15.3485,-49.6415,2014,12,Atlantic Ocean,Grab sample,0.004,Low
19.3846,-21.2648,2014,11,Atlantic Ocean,Grab sample,0.014,Low
29.63565,-135.8724,2015,8,Pacific Ocean,Manta net,1.65324,High
23.53,-57.75,1992,10,Atlantic Ocean,Neuston net,0.043196,Low
32.76,-150.21,2004,12,Pacific Ocean,Neuston net,0.0,Low
11.92,-68.37,1999,12,Atlantic Ocean,Neuston net,0.0216,Low
38.35,-67.92,2003,10,Atlantic Ocean,Neuston net,0.0,Low
41.379079,2.194423,2020,12,Atlantic Ocean,Manta net,3.718,High
42.95,-68.93,1998,6,Atlantic Ocean,Neuston net,0.029688,Low
20.27,-156.47,2008,5,Pacific Ocean,Neuston net,0.0,Low
31.746667,34.593,2013,8,Atlantic Ocean,Manta net,5.966405,High
31.005442,-140.074,2015,8,Pacific Ocean,Manta net,3.940242,High
26.27,-78.57,1994,2,Atlantic Ocean,Neuston net,0.006488,Low
23.6,-70.17,1990,4,Atlantic Ocean,Neuston net,0.030236,Low
36.683,21.665,2017,7,Atlantic Ocean,Manta net,0.685714,High
-1.253473,-13.130966,2015,11,Atlantic Ocean,Intake seawater pump,1.0,High
28.3849,-118.7021,2014,7,Pacific Ocean,Grab sample,0.004,Low
32.84,-147.81,2005,5,Pacific Ocean,Neuston net,0.0,Low
32.17,-77.34,1996,5,Atlantic Ocean,Neuston net,0.00216,Low
16.88,-159.15,2006,10,Pacific Ocean,Neuston net,0.0,Low
18.7549,-110.9142,2016,3,Pacific Ocean,Grab sample,0.0,Low
19.49,-57.91,2007,10,Atlantic Ocean,Neuston net,0.003256,Low
10.85,-64.43,1992,12,Atlantic Ocean,Neuston net,0.0,Low
19.32,-73.86,2002,3,Atlantic Ocean,Neuston net,0.01234,Low
24.28,-143.99,2003,10,Pacific Ocean,Neuston net,0.0,Low
25.32,-77.15,1997,5,Atlantic Ocean,Neuston net,0.0,Low
33.25,-64.86,1989,6,Atlantic Ocean,Neuston net,0.086392,High
42.998333,-9.339167,2018,7,Atlantic Ocean,Manta net,0.122564,High
35.1514,20.7348,2014,8,Atlantic Ocean,Manta net,2.075921,High
43.13,-65.17,1992,5,Atlantic Ocean,Neuston net,0.0108,Low
16.13,-162.0,2007,4,Pacific Ocean,Neuston net,0.00648,Low
32.8,-58.43,2005,10,Atlantic Ocean,Neuston net,0.022252,Low
52.331845,3.622473,2020,11,Atlantic Ocean,Manta net,0.802647,High
4.667,-113.283,1987,9,Pacific Ocean,Manta net,0.035,Low
24.59,-143.47,2008,7,Pacific Ocean,Neuston net,0.041396,Low
24.84,-72.76,2004,2,Atlantic Ocean,Neuston net,0.0,Low
41.47,-70.09,2002,10,Atlantic Ocean,Neuston net,0.0216,Low
18.35,-76.23,1993,2,Atlantic Ocean,Neuston net,0.00432,Low
12.08,-62.02,1994,12,Atlantic Ocean,Neuston net,0.0,Low
27.729,-82.4987,2017,6,Atlantic Ocean,Van Dorn sampler,7000.0,High
20.27,-34.15,2014,12,Atlantic Ocean,Grab sample,0.001,Low
17.28,-71.8,1994,12,Atlantic Ocean,Neuston net,0.0,Low
27.45,-72.9,1994,2,Atlantic Ocean,Neuston net,0.036716,Low
16.19,-61.86,2003,12,Atlantic Ocean,Neuston net,0.0096,Low
31.06,-143.46,2011,2,Pacific Ocean,Neuston net,0.00216,Low
24.1,-83.18,1993,1,Atlantic Ocean,Neuston net,0.0,Low
30.83,-60.92,1999,10,Atlantic Ocean,Neuston net,0.01512,Low
22.5127,-26.7275,2014,11,Atlantic Ocean,Grab sample,0.004,Low
37.56,-0.861667,2015,3,Atlantic Ocean,Manta net,0.318,High
54.570667,-4.713333,2017,1,Atlantic Ocean,Neuston net,0.08618,High
19.47,-156.98,2003,2,Pacific Ocean,Neuston net,0.001876,Low
27.32605,-152.7755,2015,8,Pacific Ocean,Manta net,0.087972,High
18.76,-63.83,2005,5,Atlantic Ocean,Neuston net,0.001964,Low
26.23,-67.97,1998,2,Atlantic Ocean,Neuston net,0.036716,Low
25.25,-73.6,1993,5,Atlantic Ocean,Neuston net,0.013976,Low
15.6537,-49.543,2014,12,Atlantic Ocean,Grab sample,0.004,Low
26.7501,-77.3168,2014,12,Atlantic Ocean,Grab sample,0.017,Low
32.37,-146.51,2010,10,Pacific Ocean,Neuston net,0.0,Low
8.38,-151.97,2009,7,Pacific Ocean,Neuston net,0.003456,Low
24.37,-147.78,2007,8,Pacific Ocean,Neuston net,0.892728,High
26.98,-57.8,1992,10,Atlantic Ocean,Neuston net,0.025916,Low
27.38,-69.51,2008,4,Atlantic Ocean,Neuston net,0.0027,Low
38.879,-76.521,2016,3,Atlantic Ocean,Grab sample,0.018,Low
43.0779,6.1997,2014,6,Atlantic Ocean,Manta net,0.171411,High
29.998385,-139.352,2015,8,Pacific Ocean,Manta net,32.99717,High
41.5,-63.55,1994,7,Atlantic Ocean,Neuston net,0.01944,Low
38.3725,15.758167,2021,9,Atlantic Ocean,Manta net,2.019273,High
55.948,-4.891,2014,11,Atlantic Ocean,Neuston net,0.010047,Low
12.1,-68.05,1998,12,Atlantic Ocean,Neuston net,0.0,Low
17.883,-102.426,2014,11,Pacific Ocean,Grab sample,0.007,Low
21.42,-142.07,2005,2,Pacific Ocean,Neuston net,0.0,Low
32.76,-150.21,2011,10,Pacific Ocean,Neuston net,0.0,Low
38.5197,-8.89348,2018,10,Atlantic Ocean,Neuston net,0.131842,High
-34.7158,-49.213,2011,2,Atlantic Ocean,Neuston net,0.186451,High
3.48,-143.62,2003,12,Pacific Ocean,Neuston net,0.0,Low
14.54,-60.61,2004,11,Atlantic Ocean,Neuston net,0.0,Low
12.98,-59.74,1998,11,Atlantic Ocean,Neuston net,0.0,Low
27.57085,-130.8578,2015,9,Pacific Ocean,Manta net,1.316889,High
29.144,-37.2309,2013,6,Atlantic Ocean,Neuston net,0.292299,High
39.72,-69.52,1997,8,Atlantic Ocean,Neuston net,0.0072,Low
37.251667,-8.971667,2014,8,Atlantic Ocean,Manta net,0.197133,High
16.87,-86.72,1991,12,Atlantic Ocean,Neuston net,0.0,Low
18.4356,-64.7122,2016,6,Atlantic Ocean,Grab sample,0.0,Low
15.13,-62.03,1987,12,Atlantic Ocean,Neuston net,0.0048,Low
38.4,-70.57,1999,10,Atlantic Ocean,Neuston net,0.00432,Low
15.8756,-42.9791,2014,11,Atlantic Ocean,Grab sample,0.005,Low
40.22,-70.27,1995,10,Atlantic Ocean,Neuston net,0.00432,Low
40.5,-64.07,2001,6,Atlantic Ocean,Neuston net,0.037796,Low
38.9085,-32.720667,2019,6,Atlantic Ocean,Manta net,0.116398,High
33.56,-152.27,2011,4,Pacific Ocean,Neuston net,0.0,Low
23.82,-81.58,2003,5,Atlantic Ocean,Neuston net,0.0,Low
41.397303,2.21315,2021,2,Atlantic Ocean,Manta net,2.388667,High
45.68,-132.29,2002,5,Pacific Ocean,Neuston net,0.009076,Low
20.6,-154.81,2007,11,Pacific Ocean,Neuston net,0.0,Low
33.782002,-138.3215,2015,8,Pacific Ocean,Manta net,3.615134,High
35.8,-63.25,1993,10,Atlantic Ocean,Neuston net,0.125268,High
42.1,-67.37,2000,7,Atlantic Ocean,Neuston net,0.0108,Low
57.958667,-5.4015,2014,1,Atlantic Ocean,Neuston net,0.015274,Low
16.0667,-48.4,2014,12,Atlantic Ocean,Grab sample,0.088,High
23.15,-144.69,2010,10,Pacific Ocean,Neuston net,0.0,Low
31.17,-67.1,2000,6,Atlantic Ocean,Neuston net,0.0108,Low
40.7,-69.31,1998,8,Atlantic Ocean,Neuston net,0.0,Low
39.39,-65.4,2006,10,Atlantic Ocean,Neuston net,0.025916,Low
43.8,-63.19,1989,7,Atlantic Ocean,Neuston net,0.004112,Low
57.3,-136.21,2002,7,Pacific Ocean,Neuston net,0.0,Low
-26.509417,-105.581694,2015,11,Pacific Ocean,Neuston net,0.03068,Low
10.301,-109.1698,2016,3,Pacific Ocean,Grab sample,0.003,Low
18.1,-78.53,1996,12,Atlantic Ocean,Neuston net,0.0,Low
24.28,-143.99,2011,10,Pacific Ocean,Neuston net,0.00216,Low
24.06,-82.35,2004,1,Atlantic Ocean,Neuston net,0.0,Low
24.0,-74.68,1993,5,Atlantic Ocean,Neuston net,0.0,Low
20.97,-68.21,2002,2,Atlantic Ocean,Neuston net,0.00648,Low
32.84,-147.81,2003,12,Pacific Ocean,Neuston net,0.0,Low
32.36,-64.12,2005,4,Atlantic Ocean,Neuston net,0.0,Low
16.63,-79.49,1999,3,Atlantic Ocean,Neuston net,0.0108,Low
15.88,-62.45,2003,12,Atlantic Ocean,Neuston net,0.0,Low
21.15,-142.77,2007,3,Pacific Ocean,Neuston net,0.0,Low
25.92,-77.85,1995,5,Atlantic Ocean,Neuston net,0.00216,Low
40.68,-128.9,2005,10,Pacific Ocean,Neuston net,2.611356,High
39.4,-68.14,2001,6,Atlantic Ocean,Neuston net,0.0,Low
38.155,7.263,2013,6,Atlantic Ocean,Neuston net,1.37987,High
44.052,8.2296,2013,8,Atlantic Ocean,Manta net,1.80546,High
17.115,-31.3573,2014,11,Atlantic Ocean,Grab sample,0.045,Low
17.0406,-44.9088,2014,12,Atlantic Ocean,Grab sample,0.0,Low
20.27,-70.46,2006,12,Atlantic Ocean,Neuston net,0.0,Low
25.95,-72.13,1992,5,Atlantic Ocean,Neuston net,0.028804,Low
34.413333,-139.261,2019,12,Pacific Ocean,Manta net,42.069684,High
39.97,-71.05,2008,6,Atlantic Ocean,Neuston net,0.0,Low
8.7,-160.8,2002,4,Pacific Ocean,Neuston net,0.0024,Low
19.55,-79.18,2000,3,Atlantic Ocean,Neuston net,0.0,Low
15.9,-74.97,1993,2,Atlantic Ocean,Neuston net,0.0,Low
18.03,-85.26,2002,4,Atlantic Ocean,Neuston net,0.00432,Low
24.1,-80.57,1997,3,Atlantic Ocean,Neuston net,0.0,Low
32.22,-64.12,1999,10,Atlantic Ocean,Neuston net,0.01944,Low
42.1,-70.39,2008,9,Atlantic Ocean,Neuston net,0.006912,Low
18.97,-143.47,2005,7,Pacific Ocean,Neuston net,0.0108,Low
12.57,-61.85,1994,12,Atlantic Ocean,Neuston net,0.0,Low
21.5,-108.3,2002,11,Pacific Ocean,Neuston net,0.00216,Low
24.21,-84.02,1992,3,Atlantic Ocean,Neuston net,0.0,Low
30.16,-60.41,2000,10,Atlantic Ocean,Neuston net,0.0072,Low
33.44,-65.72,1989,5,Atlantic Ocean,Neuston net,0.116632,High
-16.667,-151.716167,2016,7,Pacific Ocean,Manta net,0.016755,Low
9.55,-155.93,2012,8,Pacific Ocean,Neuston net,0.0,Low
33.47,-151.63,2006,12,Pacific Ocean,Neuston net,0.00864,Low
15.94,-162.49,2010,11,Pacific Ocean,Neuston net,0.0,Low
14.18,-81.58,1992,3,Atlantic Ocean,Neuston net,0.00648,Low
19.45,-45.0767,2014,12,Atlantic Ocean,Grab sample,0.06,Low
25.68,-143.09,2012,10,Pacific Ocean,Neuston net,1.125396,High
30.05,-64.53,1994,10,Atlantic Ocean,Neuston net,0.0108,Low
24.5276,-17.9505,2014,11,Atlantic Ocean,Grab sample,0.044,Low
50.418219,1.199005,2020,11,Atlantic Ocean,Manta net,0.103899,High
17.55,-158.31,2003,12,Pacific Ocean,Neuston net,0.049676,Low
25.7102,-154.14835,2015,8,Pacific Ocean,Manta net,0.645052,High
28.98,-77.98,2001,4,Atlantic Ocean,Neuston net,0.001964,Low
26.74,-82.75,2000,2,Atlantic Ocean,Neuston net,0.00144,Low
21.63,-60.02,1998,10,Atlantic Ocean,Neuston net,0.0,Low
41.389383,2.203525,2021,1,Atlantic Ocean,Manta net,0.670667,High
31.746667,34.593,2015,2,Atlantic Ocean,Manta net,29.42,High
27.9528,-82.6416,2016,11,Atlantic Ocean,Van Dorn sampler,4000.0,High
-34.828333,-57.205,2015,10,Atlantic Ocean,Manta net,0.136965,High
-10.06,-140.59,2002,2,Pacific Ocean,Neuston net,0.0,Low
12.47,-66.52,1987,12,Atlantic Ocean,Neuston net,0.0,Low
13.07,-64.42,2000,12,Atlantic Ocean,Neuston net,0.00432,Low
10.758064,-61.436573,2016,2,Atlantic Ocean,Hand picking,0.0,Low
13.3,-68.38,1991,12,Atlantic Ocean,Neuston net,0.005024,Low
18.98,-74.23,1997,12,Atlantic Ocean,Neuston net,0.01296,Low
22.081667,-40.826,2019,5,Atlantic Ocean,Manta net,0.712725,High
23.0333,-36.6333,2014,12,Atlantic Ocean,Grab sample,0.001,Low
36.54,-65.76,1999,5,Atlantic Ocean,Neuston net,0.00432,Low
32.65,-57.2,1989,10,Atlantic Ocean,Neuston net,0.151188,High
41.499833,18.366333,2013,5,Atlantic Ocean,Neuston net,0.716146,High
19.89,-70.1,2005,3,Atlantic Ocean,Neuston net,0.00864,Low
26.05,-141.2,2012,6,Pacific Ocean,Neuston net,0.0,Low
27.43,-79.8,2001,2,Atlantic Ocean,Neuston net,0.0,Low
34.72,-62.4,1998,10,Atlantic Ocean,Neuston net,0.0,Low
39.65,-69.13,1994,8,Atlantic Ocean,Neuston net,0.0,Low
32.726333,34.939,2014,4,Atlantic Ocean,Manta net,0.392887,High
11.5,-63.38,1992,12,Atlantic Ocean,Neuston net,0.0,Low
16.71,-62.51,1989,12,Atlantic Ocean,Neuston net,0.00432,Low
19.35,-44.05,2014,12,Atlantic Ocean,Grab sample,0.006,Low
26.7433,-130.0524,2015,9,Pacific Ocean,Manta net,0.633044,High
26.6,-142.77,2003,10,Pacific Ocean,Neuston net,0.0,Low
26.9,-72.53,1995,5,Atlantic Ocean,Neuston net,0.01728,Low
32.32,-64.47,1997,10,Atlantic Ocean,Neuston net,0.021584,Low
4.41,-145.74,2008,12,Pacific Ocean,Neuston net,0.0,Low
13.13,-60.16,1996,11,Atlantic Ocean,Neuston net,0.00254,Low
26.27,-78.23,1987,4,Atlantic Ocean,Neuston net,0.015428,Low
24.22,-83.18,2001,3,Atlantic Ocean,Neuston net,0.0,Low
22.97,-73.2,1994,4,Atlantic Ocean,Neuston net,0.0,Low
36.22,-65.38,1993,10,Atlantic Ocean,Neuston net,0.03142,Low
33.02,-152.9,2008,7,Pacific Ocean,Neuston net,0.0,Low
13.12,-61.3,1995,12,Atlantic Ocean,Neuston net,0.0012,Low
26.14,-74.87,1990,4,Atlantic Ocean,Neuston net,0.058316,Low
30.61,-59.61,2002,10,Atlantic Ocean,Neuston net,0.00432,Low
32.49,-63.94,2002,5,Atlantic Ocean,Neuston net,0.0,Low
40.42,-68.56,2006,7,Atlantic Ocean,Neuston net,0.0,Low
14.13,-61.93,1993,12,Atlantic Ocean,Neuston net,0.0,Low
14.9701,-57.9854,2014,12,Atlantic Ocean,Grab sample,0.009,Low
25.94,-146.58,2004,10,Pacific Ocean,Neuston net,0.326132,High
25.6,-73.27,1994,3,Atlantic Ocean,Neuston net,0.015024,Low
32.1454,-138.6486,2018,10,Pacific Ocean,Manta net,3.550067,High
31.62,-65.03,2005,5,Atlantic Ocean,Neuston net,0.104064,High
33.27,-66.01,2000,10,Atlantic Ocean,Neuston net,0.0108,Low
42.0,-66.48,1992,5,Atlantic Ocean,Neuston net,0.0,Low
2.89,-137.24,2007,7,Pacific Ocean,Neuston net,0.003084,Low
17.35,-77.3,1991,3,Atlantic Ocean,Neuston net,0.00432,Low
17.99,-63.17,2000,5,Atlantic Ocean,Neuston net,0.0,Low
25.35,-141.11,2011,6,Pacific Ocean,Neuston net,0.0,Low
32.16,-64.88,1997,4,Atlantic Ocean,Neuston net,0.082072,High
42.45,-64.54,1992,8,Atlantic Ocean,Neuston net,0.0,Low
43.32,-65.13,1995,6,Atlantic Ocean,Neuston net,0.00432,Low
55.872667,-4.944833,2018,10,Atlantic Ocean,Neuston net,0.044068,Low
29.830845,-37.228385,2020,11,Atlantic Ocean,Manta net,0.897001,High
32.000718,-138.2815,2015,8,Pacific Ocean,Manta net,9.018254,High
17.23,-66.87,1989,12,Atlantic Ocean,Neuston net,0.0108,Low
36.6581,-121.8247,2014,12,Pacific Ocean,Grab sample,0.0,Low
40.6,-67.99,1997,7,Atlantic Ocean,Neuston net,0.003084,Low
34.3,-61.27,1999,10,Atlantic Ocean,Neuston net,0.088552,High
33.03,-58.53,2005,10,Atlantic Ocean,Neuston net,0.025012,Low
38.229467,-21.044283,2013,10,Atlantic Ocean,Manta net,0.556656,High
15.94,-162.49,2009,3,Pacific Ocean,Neuston net,0.0,Low
-13.54,-143.12,2003,4,Pacific Ocean,Neuston net,0.0,Low
19.73,-146.63,2011,3,Pacific Ocean,Neuston net,0.0,Low
33.11215,-133.077,2015,9,Pacific Ocean,Manta net,2.63242,High
43.27,-63.87,1992,8,Atlantic Ocean,Neuston net,0.0,Low
56.114667,-6.303667,2018,1,Atlantic Ocean,Neuston net,0.013637,Low
29.00025,-139.1675,2015,7,Pacific Ocean,Manta net,1.478848,High
22.2,-70.72,1990,4,Atlantic Ocean,Neuston net,0.0,Low
40.57,-70.6,1994,8,Atlantic Ocean,Neuston net,0.0,Low
40.42,-67.55,1992,10,Atlantic Ocean,Neuston net,0.00864,Low
-3.84,-149.63,2012,12,Pacific Ocean,Neuston net,0.0,Low
20.94,-157.49,2003,2,Pacific Ocean,Neuston net,0.085536,High
55.981167,-4.874,2018,10,Atlantic Ocean,Neuston net,0.147378,High
28.54,-140.09,2006,5,Pacific Ocean,Neuston net,0.0,Low
25.34,-68.47,1999,2,Atlantic Ocean,Neuston net,0.00432,Low
33.319833,-18.511667,2014,7,Atlantic Ocean,Manta net,0.602067,High
11.51,-62.84,1998,12,Atlantic Ocean,Neuston net,0.0,Low
14.27,-64.38,2000,12,Atlantic Ocean,Neuston net,0.0,Low
20.61,-73.42,2007,3,Atlantic Ocean,Neuston net,0.01178,Low
29.695,-42.4807,2013,7,Atlantic Ocean,Neuston net,0.491595,High
32.37,-146.51,2011,2,Pacific Ocean,Neuston net,0.0,Low
58.063667,-6.319667,2019,1,Atlantic Ocean,Neuston net,0.011177,Low
15.9708,-102.3497,2015,2,Pacific Ocean,Grab sample,0.006,Low
10.45,-64.9,1999,12,Atlantic Ocean,Neuston net,0.0,Low
12.57,-61.63,1994,12,Atlantic Ocean,Neuston net,0.0,Low
28.72,-140.03,2009,10,Pacific Ocean,Neuston net,0.0,Low
58.625667,-4.211,2014,1,Atlantic Ocean,Neuston net,0.003685,Low
19.15,-77.31,2000,3,Atlantic Ocean,Neuston net,0.0,Low
21.63,-74.23,1998,2,Atlantic Ocean,Neuston net,0.00648,Low
33.7281,-139.7718,2009,8,Pacific Ocean,Manta net,14.28,High
56.481167,-6.682667,2021,1,Atlantic Ocean,Neuston net,0.028302,Low
54.647333,-3.940333,2017,1,Atlantic Ocean,Neuston net,0.009957,Low
17.55,-158.31,2011,11,Pacific Ocean,Neuston net,0.011996,Low
40.4505,18.533167,2013,5,Atlantic Ocean,Neuston net,0.775862,High
12.76,-63.67,2004,12,Atlantic Ocean,Neuston net,0.025524,Low
13.37,-59.86,2005,11,Atlantic Ocean,Neuston net,0.0,Low
31.38,-72.2,1996,5,Atlantic Ocean,Neuston net,0.0,Low
36.716517,2.788723,2018,4,Atlantic Ocean,Manta net,1.003069,High
-12.961,-143.765,2016,10,Pacific Ocean,Grab sample,0.0,Low
41.710033,9.431117,2019,6,Atlantic Ocean,Manta net,0.62465,High
44.715667,13.725333,2021,6,Atlantic Ocean,Manta net,0.244216,High
45.2575,-129.035667,2019,12,Pacific Ocean,Manta net,0.10036,High
25.87,-73.68,1992,5,Atlantic Ocean,Neuston net,0.0108,Low
34.2,-66.59,1999,4,Atlantic Ocean,Neuston net,0.00432,Low
42.23,-70.07,2000,7,Atlantic Ocean,Neuston net,0.02376,Low
43.63,-68.23,1998,6,Atlantic Ocean,Neuston net,0.0,Low
20.6,-154.81,2008,5,Pacific Ocean,Neuston net,0.0,Low
-28.33,-105.331,2011,4,Pacific Ocean,Manta net,0.54851,High
1.714933,-15.998501,2015,11,Atlantic Ocean,Intake seawater pump,1.5,High
27.4379,-145.51005,2015,8,Pacific Ocean,Manta net,2.595526,High
26.431,-17.0075,2014,11,Atlantic Ocean,Grab sample,0.003,Low
41.403637,2.2193,2020,11,Atlantic Ocean,Manta net,0.186,High
33.1,-156.49,2012,10,Pacific Ocean,Neuston net,0.086996,High
-27.15123,-109.44624,2015,10,Pacific Ocean,Neuston net,0.18919,High
29.42,-60.8,1996,10,Atlantic Ocean,Neuston net,0.045356,Low
41.25,-71.02,2005,8,Atlantic Ocean,Neuston net,0.0072,Low
39.67,-69.43,1986,10,Atlantic Ocean,Neuston net,0.0,Low
41.62,-65.82,1994,5,Atlantic Ocean,Neuston net,0.00432,Low
27.897,-82.4382,2016,6,Atlantic Ocean,Van Dorn sampler,0.0,Low
43.5429,6.972,2013,7,Atlantic Ocean,Manta net,1.2199,High
43.001667,8.315,2011,9,Atlantic Ocean,Manta net,0.602406,High
56.031167,-3.560333,2020,11,Atlantic Ocean,Neuston net,0.0,Low
15.255667,-43.556333,2018,12,Atlantic Ocean,Manta net,0.0,Low
25.55,-76.0,1996,4,Atlantic Ocean,Neuston net,0.028796,Low
37.9629,4.3809,2014,9,Atlantic Ocean,Manta net,1.24692,High
77.552167,7.809,2017,8,Arctic Ocean,Manta net,0.014032,Low
7.43,-149.9,2011,7,Pacific Ocean,Neuston net,0.00648,Low
23.65,-149.74,2007,8,Pacific Ocean,Neuston net,0.0,Low
60.008,-149.404,2015,6,Pacific Ocean,Grab sample,0.015,Low
16.8482,-28.2345,2014,11,Atlantic Ocean,Grab sample,0.041,Low
-7.7,-119.38,2001,12,Pacific Ocean,Neuston net,0.0,Low
10.47,-64.71,1998,12,Atlantic Ocean,Neuston net,0.00432,Low
11.32,-67.08,2000,12,Atlantic Ocean,Neuston net,0.0,Low
24.03,-138.44,2008,10,Pacific Ocean,Neuston net,0.0,Low
20.35,-79.57,1994,3,Atlantic Ocean,Neuston net,0.0,Low
33.8919,-140.557933,2019,12,Pacific Ocean,Manta net,27.723078,High
33.671833,-141.098667,2019,12,Pacific Ocean,Manta net,7.704875,High
32.152,34.783167,2013,7,Atlantic Ocean,Manta net,3.179396,High
5.79,-147.72,2011,11,Pacific Ocean,Neuston net,0.0,Low
31.57,-70.74,2000,4,Atlantic Ocean,Neuston net,0.02376,Low
41.17,-70.76,2002,7,Atlantic Ocean,Neuston net,0.0,Low
40.18,-69.03,1995,8,Atlantic Ocean,Neuston net,0.00648,Low
37.25,-67.8,1995,10,Atlantic Ocean,Neuston net,0.037436,Low
55.991,-2.314,2021,1,Atlantic Ocean,Neuston net,0.0,Low
14.08,-71.12,1996,12,Atlantic Ocean,Neuston net,0.002528,Low
16.03,-62.37,1993,12,Atlantic Ocean,Neuston net,0.00216,Low
25.94,-146.58,2005,12,Pacific Ocean,Neuston net,0.326132,High
32.38,-64.17,1987,6,Atlantic Ocean,Neuston net,0.136788,High
48.1362,-4.6859,2018,7,Atlantic Ocean,Intake seawater pump,43.0,High
40.16,-157.42,2012,4,Pacific Ocean,Neuston net,0.0,Low
19.24,-143.41,2007,10,Pacific Ocean,Neuston net,0.0,Low
14.4717,-59.5403,2014,12,Atlantic Ocean,Grab sample,0.004,Low
40.81,-70.72,1999,7,Atlantic Ocean,Neuston net,0.0,Low
13.9,-60.15,1996,11,Atlantic Ocean,Neuston net,0.0,Low
21.63,-76.23,1992,12,Atlantic Ocean,Neuston net,0.00864,Low
26.26,-69.11,2005,2,Atlantic Ocean,Neuston net,0.0,Low
48.730888,-5.270238,2020,11,Atlantic Ocean,Manta net,0.0,Low
24.591,-17.8492,2014,11,Atlantic Ocean,Grab sample,0.004,Low
35.8086,-139.6477,2009,8,Pacific Ocean,Manta net,6.091,High
31.64,-69.03,2007,4,Atlantic Ocean,Neuston net,0.004696,Low
42.18,-67.57,1995,7,Atlantic Ocean,Neuston net,0.0108,Low
42.67,-69.32,1992,5,Atlantic Ocean,Neuston net,0.032396,Low
42.846183,6.21225,2017,8,Atlantic Ocean,Manta net,0.092056,High
6.84,-149.44,2012,11,Pacific Ocean,Neuston net,0.049752,Low
17.24,-79.34,2003,3,Atlantic Ocean,Neuston net,0.0,Low
28.04,-140.48,2003,10,Pacific Ocean,Neuston net,0.0,Low
55.989333,-4.941667,2018,10,Atlantic Ocean,Neuston net,0.01081,Low
11.37,-160.22,2002,4,Pacific Ocean,Neuston net,0.002076,Low
3.74,-143.46,2003,2,Pacific Ocean,Neuston net,0.0,Low
10.758064,-61.436573,2015,11,Atlantic Ocean,Hand picking,0.111111,High
24.8,-70.47,1990,4,Atlantic Ocean,Neuston net,0.00432,Low
22.99,-148.78,2012,1,Pacific Ocean,Neuston net,0.0,Low
18.0,-63.85,1997,12,Atlantic Ocean,Neuston net,0.0,Low
24.63,-80.36,2001,2,Atlantic Ocean,Neuston net,0.001964,Low
34.89,-63.04,1999,10,Atlantic Ocean,Neuston net,0.03394,Low
39.014,9.787,2013,6,Atlantic Ocean,Neuston net,3.379416,High
19.8,-143.03,2009,2,Pacific Ocean,Neuston net,0.0,Low
29.997348,-141.776,2015,8,Pacific Ocean,Manta net,5.340388,High
30.68,-66.73,1997,4,Atlantic Ocean,Neuston net,0.00432,Low
34.61,-63.52,2007,10,Atlantic Ocean,Neuston net,0.0,Low
40.7,-70.26,2006,7,Atlantic Ocean,Neuston net,0.0,Low
18.2,-76.15,1995,12,Atlantic Ocean,Neuston net,0.006172,Low
42.8,-69.61,2005,6,Atlantic Ocean,Neuston net,0.00864,Low
43.078167,5.1725,2014,4,Atlantic Ocean,Manta net,0.368834,High
35.2319,29.4278,2014,8,Atlantic Ocean,Manta net,1.058379,High
-26.316667,-47.216667,2015,9,Atlantic Ocean,Manta net,0.056773,Low
25.91,-76.73,2006,3,Atlantic Ocean,Neuston net,0.00648,Low
25.72,-79.33,1996,5,Atlantic Ocean,Neuston net,0.00864,Low
43.4986,7.2044,2013,8,Atlantic Ocean,Manta net,1.04092,High
20.35,-154.67,2006,8,Pacific Ocean,Neuston net,0.0,Low
31.72,-144.77,2004,8,Pacific Ocean,Neuston net,0.0,Low
39.82,-69.08,1992,10,Atlantic Ocean,Neuston net,0.0,Low
40.16,-157.42,2006,4,Pacific Ocean,Neuston net,0.0,Low
19.0881,-43.6777,2014,12,Atlantic Ocean,Grab sample,0.002,Low
25.89,-79.54,2001,3,Atlantic Ocean,Neuston net,0.0144,Low
17.87,-60.43,2000,11,Atlantic Ocean,Neuston net,0.0,Low
24.43,-75.93,1994,1,Atlantic Ocean,Neuston net,0.0,Low
56.522333,-2.555,2014,11,Atlantic Ocean,Neuston net,0.049758,Low
12.49,-148.94,2003,4,Pacific Ocean,Neuston net,0.0,Low
13.82,-81.58,1992,3,Atlantic Ocean,Neuston net,0.00216,Low
27.84,-140.77,2012,10,Pacific Ocean,Neuston net,1.175804,High
50.1667,-125.3352,2015,6,Pacific Ocean,Grab sample,0.009,Low
43.12,-64.76,1989,7,Atlantic Ocean,Neuston net,0.013436,Low
-17.887,-25.086,2010,9,Atlantic Ocean,Neuston net,0.02271,Low
2.9,-114.233,1987,9,Pacific Ocean,Manta net,0.011,Low
11.787,-86.514,2015,7,Pacific Ocean,Grab sample,0.002,Low
19.16,-60.71,2006,10,Atlantic Ocean,Neuston net,0.0036,Low
40.7,-70.3,2002,9,Atlantic Ocean,Neuston net,0.00432,Low
20.15,-147.77,2008,5,Pacific Ocean,Neuston net,0.0,Low
25.42,-76.28,1993,5,Atlantic Ocean,Neuston net,0.083056,High
32.37,-146.51,2009,5,Pacific Ocean,Neuston net,0.0,Low
-18.498167,-149.4225,2016,7,Pacific Ocean,Manta net,0.004441,Low
32.35,-155.1,2006,12,Pacific Ocean,Neuston net,0.0,Low
32.76,-150.21,2003,12,Pacific Ocean,Neuston net,0.0,Low
19.24,-156.55,2007,3,Pacific Ocean,Neuston net,0.0,Low
18.66,-75.85,1999,2,Atlantic Ocean,Neuston net,0.0,Low
16.5333,-51.6833,2014,12,Atlantic Ocean,Grab sample,0.003,Low
32.2645,-136.1706,2010,10,Pacific Ocean,Manta net,3.613,High
6.42,-148.97,2008,11,Pacific Ocean,Neuston net,0.0,Low
17.93603,-76.83683,2017,11,Atlantic Ocean,Manta net,0.08,High
16.68,-57.8,2002,11,Atlantic Ocean,Neuston net,0.0,Low
5.28,-146.64,2007,5,Pacific Ocean,Neuston net,0.0,Low
19.77,-69.48,2006,12,Atlantic Ocean,Neuston net,0.00216,Low
28.661667,-125.658333,2017,3,Pacific Ocean,Manta net,0.639515,High
29.3275,-69.3097,2013,11,Atlantic Ocean,Grab sample,0.175,High
-33.0195,-83.4213,2011,3,Pacific Ocean,Manta net,0.342431,High
38.53,-123.66,2002,8,Pacific Ocean,Neuston net,0.0,Low
-27.222,-13.266,2011,1,Atlantic Ocean,Neuston net,0.297317,High
18.97,-143.47,2004,4,Pacific Ocean,Neuston net,0.0,Low
37.8,-67.9,1993,10,Atlantic Ocean,Neuston net,0.0,Low
27.32,-55.15,1992,10,Atlantic Ocean,Neuston net,0.048,Low
20.2173,-64.3828,2010,1,Atlantic Ocean,Neuston net,0.133389,High
39.147,0.76,2017,8,Atlantic Ocean,Manta net,0.291729,High
-35.8139,16.4326,2017,11,Atlantic Ocean,Intake seawater pump,12.0,High
18.5662,-29.6928,2014,12,Atlantic Ocean,Grab sample,0.04,Low
26.6,-142.77,2011,10,Pacific Ocean,Neuston net,0.0,Low
29.97,-63.34,2002,5,Atlantic Ocean,Neuston net,0.00216,Low
55.240167,-5.822333,2020,1,Atlantic Ocean,Neuston net,0.066021,Low
76.5391,-81.2464,2015,9,Arctic Ocean,Grab sample,0.007,Low
5.6,-48.6,2014,6,Atlantic Ocean,Grab sample,0.0,Low
24.36,-56.41,2005,10,Atlantic Ocean,Neuston net,0.001848,Low
46.2708,-124.0745,2015,4,Pacific Ocean,Grab sample,0.001,Low
11.09,-156.77,2008,6,Pacific Ocean,Neuston net,0.043196,Low
40.58,-157.79,2008,2,Pacific Ocean,Neuston net,0.043748,Low
37.623333,-24.34,2013,10,Atlantic Ocean,Manta net,0.989921,High
-34.6662,-38.8243,2011,1,Atlantic Ocean,Neuston net,1.141893,High
17.23,-82.67,1995,3,Atlantic Ocean,Neuston net,0.0,Low
19.2,-41.7833,2014,12,Atlantic Ocean,Grab sample,0.038,Low
32.0494,-137.9246,2009,8,Pacific Ocean,Manta net,1.201,High
36.82,-135.8,2019,8,Pacific Ocean,Manta net,10.560453,High
41.28,-71.1,1997,8,Atlantic Ocean,Neuston net,0.043196,Low
41.12,-70.8,1998,7,Atlantic Ocean,Neuston net,0.0,Low
39.89,-69.25,2001,7,Atlantic Ocean,Neuston net,0.0,Low
57.3445,-1.768167,2022,1,Atlantic Ocean,Neuston net,0.066022,Low
32.171667,34.791167,2014,8,Atlantic Ocean,Manta net,2.39432,High
26.14,-143.12,2011,6,Pacific Ocean,Neuston net,0.0,Low
13.1,-60.0,1994,11,Atlantic Ocean,Neuston net,0.0,Low
22.17,-69.17,2000,2,Atlantic Ocean,Neuston net,0.025916,Low
55.4995,-4.693167,2017,11,Atlantic Ocean,Neuston net,0.0,Low
-11.69,-141.02,2002,2,Pacific Ocean,Neuston net,0.0,Low
32.7459,-136.0253,2018,10,Pacific Ocean,Manta net,15.320029,High
33.64,-64.9,2001,5,Atlantic Ocean,Neuston net,0.696544,High
35.73,-64.37,2007,5,Atlantic Ocean,Neuston net,0.008556,Low
24.21,-149.32,2011,2,Pacific Ocean,Neuston net,0.0,Low
16.2,-79.83,1997,12,Atlantic Ocean,Neuston net,0.00432,Low
36.0905,-5.1863,2014,11,Atlantic Ocean,Manta net,1.158706,High
42.323633,9.8735,2018,6,Atlantic Ocean,Manta net,0.060675,Low
41.06,-70.63,2006,8,Atlantic Ocean,Neuston net,0.00216,Low
16.53,-85.33,1987,3,Atlantic Ocean,Neuston net,0.0,Low
58.042167,-5.696,2021,1,Atlantic Ocean,Neuston net,0.200331,High
25.68,-143.09,2007,2,Pacific Ocean,Neuston net,0.0,Low
24.42,-81.8,2001,2,Atlantic Ocean,Neuston net,0.0,Low
31.97,-75.12,1996,5,Atlantic Ocean,Neuston net,0.0,Low
41.14,-70.94,2004,6,Atlantic Ocean,Neuston net,0.0027,Low
37.95355,23.57475,2019,3,Atlantic Ocean,Manta net,0.442573,High
41.6319,9.450217,2018,6,Atlantic Ocean,Manta net,0.1598,High
11.6265,-52.5737,2018,5,Atlantic Ocean,Intake seawater pump,6.0,High
23.52,-141.63,2003,11,Pacific Ocean,Neuston net,0.00432,Low
26.24,-154.97,2019,6,Pacific Ocean,Manta net,0.887413,High
19.43,-145.47,2012,2,Pacific Ocean,Neuston net,0.00432,Low
22.7833,-32.4867,2014,11,Atlantic Ocean,Grab sample,0.036,Low
57.040333,-2.0915,2017,1,Atlantic Ocean,Neuston net,0.007032,Low
24.55,-76.03,1993,1,Atlantic Ocean,Neuston net,0.01728,Low
44.08425,-129.018917,2019,12,Pacific Ocean,Manta net,0.044292,Low
12.15,-60.27,1995,11,Atlantic Ocean,Neuston net,0.0,Low
25.76,-70.95,2000,4,Atlantic Ocean,Neuston net,0.043196,Low
34.0674,-141.6223,2009,8,Pacific Ocean,Manta net,1.953,High
33.6838,-132.8152,2015,9,Pacific Ocean,Manta net,0.816799,High
37.109833,13.5065,2021,9,Atlantic Ocean,Manta net,1.632864,High
30.1,-75.95,1997,2,Atlantic Ocean,Neuston net,0.0108,Low
21.473,-63.5899,2010,1,Atlantic Ocean,Neuston net,0.117604,High
31.67,-71.92,2000,4,Atlantic Ocean,Neuston net,0.043204,Low
42.8743,8.2616,2010,7,Atlantic Ocean,Neuston net,1.650628,High
29.37,-139.91,2008,3,Pacific Ocean,Neuston net,0.0,Low
29.001168,-138.0285,2015,7,Pacific Ocean,Manta net,0.741419,High
17.72,-61.0,2005,4,Atlantic Ocean,Neuston net,0.0048,Low
33.73,-64.85,1991,5,Atlantic Ocean,Neuston net,0.0,Low
25.95,-78.0,1997,5,Atlantic Ocean,Neuston net,0.00584,Low
26.13,-78.9,1994,1,Atlantic Ocean,Neuston net,0.0,Low
58.537167,-3.024333,2019,1,Atlantic Ocean,Neuston net,0.022388,Low
-36.499017,23.708367,2017,5,Indian Ocean,Neuston net,0.04673,Low
33.09,-156.27,2011,8,Pacific Ocean,Neuston net,0.00266,Low
23.05,-74.65,1998,2,Atlantic Ocean,Neuston net,0.01728,Low
31.22,-59.48,1999,10,Atlantic Ocean,Neuston net,0.0216,Low
20.61,-155.0,2006,10,Pacific Ocean,Neuston net,0.0,Low
13.6363,-55.4698,2014,12,Atlantic Ocean,Grab sample,0.009,Low
22.26,-64.87,1999,5,Atlantic Ocean,Neuston net,0.22678,High
58.703,-3.225667,2014,1,Atlantic Ocean,Neuston net,0.020357,Low
20.57,-154.86,2011,7,Pacific Ocean,Neuston net,0.0108,Low
-2.0,-89.0,2017,10,Pacific Ocean,Plankton net,0.63,High
23.22,-109.02,2002,11,Pacific Ocean,Neuston net,0.0,Low
29.1,-117.18,2001,10,Pacific Ocean,Neuston net,0.0,Low
49.546417,-146.00175,2019,3,Pacific Ocean,Neuston net,0.008299,Low
32.22,-69.22,2002,5,Atlantic Ocean,Neuston net,0.008416,Low
40.1,-70.16,1996,10,Atlantic Ocean,Neuston net,0.0,Low
33.770319,10.253245,2019,4,Atlantic Ocean,Manta net,1.200034,High
10.72,-64.97,1998,12,Atlantic Ocean,Neuston net,0.0,Low
22.86,-74.48,2006,4,Atlantic Ocean,Neuston net,0.036716,Low
23.0,-70.92,1990,4,Atlantic Ocean,Neuston net,0.025916,Low
3.48,-143.62,2011,12,Pacific Ocean,Neuston net,0.0,Low
14.03,-61.08,1993,11,Atlantic Ocean,Neuston net,0.0,Low
27.9848,-131.3751,2015,9,Pacific Ocean,Manta net,2.011274,High
26.13,-56.53,2004,10,Atlantic Ocean,Neuston net,0.028076,Low
31.58,-69.8,2001,4,Atlantic Ocean,Neuston net,0.138228,High
58.247167,-13.202833,2019,9,Atlantic Ocean,Neuston net,0.048008,Low
7.43,-149.9,2003,12,Pacific Ocean,Neuston net,0.0,Low
13.93,-59.13,1997,11,Atlantic Ocean,Neuston net,0.0,Low
31.87,-57.0,1991,10,Atlantic Ocean,Neuston net,0.043196,Low
45.776167,-129.313167,2019,11,Pacific Ocean,Manta net,0.337314,High
15.25,-157.55,2004,4,Pacific Ocean,Neuston net,0.0243,Low
37.5,25.5,2015,6,Atlantic Ocean,Manta net,0.066667,Low
25.79,-76.42,1995,4,Atlantic Ocean,Neuston net,0.00216,Low
24.07,-75.5,1996,4,Atlantic Ocean,Neuston net,0.007856,Low
55.9605,-4.855667,2018,11,Atlantic Ocean,Neuston net,0.0,Low
-2.33,-100.79,2001,12,Pacific Ocean,Neuston net,0.0,Low
19.62,-146.5,2007,11,Pacific Ocean,Neuston net,0.00216,Low
25.7071,-80.1519,2015,2,Atlantic Ocean,Grab sample,0.005,Low
58.066333,-6.265333,2015,1,Atlantic Ocean,Neuston net,0.0,Low
33.1849,-153.6428,2015,8,Pacific Ocean,Manta net,2.210127,High
20.0008,-45.5125,2014,12,Atlantic Ocean,Grab sample,0.015,Low
32.34,-66.42,2007,4,Atlantic Ocean,Neuston net,0.00216,Low
14.1383,-58.9683,2014,12,Atlantic Ocean,Grab sample,0.0,Low
28.73,-58.23,1992,10,Atlantic Ocean,Neuston net,0.064796,Low
30.08,-68.84,2000,6,Atlantic Ocean,Neuston net,0.101512,High
42.11,-70.55,1995,8,Atlantic Ocean,Neuston net,0.00648,Low
33.26,-156.98,2011,4,Pacific Ocean,Neuston net,0.0,Low
40.1,-70.08,1994,8,Atlantic Ocean,Neuston net,0.0,Low
-32.7309,-86.3835,2011,3,Pacific Ocean,Neuston net,0.018582,Low
-31.2527,-21.7331,2010,11,Atlantic Ocean,Neuston net,0.182106,High
24.52,-148.47,2005,12,Pacific Ocean,Neuston net,0.0,Low
40.68,-128.9,2012,4,Pacific Ocean,Neuston net,0.0,Low
41.41,-71.16,2005,7,Atlantic Ocean,Neuston net,0.089036,High
42.8452,-9.0861,2018,7,Atlantic Ocean,Intake seawater pump,10.0,High
42.429333,4.275167,2012,8,Atlantic Ocean,Manta net,1.095261,High
13.69,-156.87,2004,12,Pacific Ocean,Neuston net,0.018584,Low
15.15,-70.6,1994,12,Atlantic Ocean,Neuston net,0.0,Low
30.46,-65.92,2001,4,Atlantic Ocean,Neuston net,0.101512,High
24.91,-79.63,2004,3,Atlantic Ocean,Neuston net,0.0,Low
48.1505,-4.530833,2017,7,Atlantic Ocean,Manta net,0.018403,Low
29.94,-156.71,2003,7,Pacific Ocean,Neuston net,0.05788,Low
15.55,-62.17,1989,12,Atlantic Ocean,Neuston net,0.0,Low
23.88,-74.32,1996,2,Atlantic Ocean,Neuston net,0.00432,Low
36.929167,15.3425,2021,7,Atlantic Ocean,Manta net,0.393604,High
11.07,-66.37,1998,12,Atlantic Ocean,Neuston net,0.058316,Low
22.11,-141.71,2008,10,Pacific Ocean,Neuston net,0.0,Low
40.37,-68.75,1992,6,Atlantic Ocean,Neuston net,0.0,Low
32.504167,34.885,2013,7,Atlantic Ocean,Manta net,1.01325,High
-3.54,-104.46,2001,12,Pacific Ocean,Neuston net,0.0,Low
16.88,-77.5,1989,12,Atlantic Ocean,Neuston net,0.0,Low
26.72,-79.58,1999,3,Atlantic Ocean,Neuston net,0.0135,Low
39.97,-70.55,1987,5,Atlantic Ocean,Neuston net,0.01296,Low
38.48,-67.45,1992,10,Atlantic Ocean,Neuston net,0.0108,Low
-37.2854,-12.6657,2017,1,Atlantic Ocean,Grab sample,0.001,Low
12.52,-156.96,2011,4,Pacific Ocean,Neuston net,0.0072,Low
-17.62744,1.8473,2016,12,Atlantic Ocean,Neuston net,0.0,Low
18.0,-63.0,2015,1,Atlantic Ocean,Grab sample,0.002,Low
15.71,-61.98,2000,11,Atlantic Ocean,Neuston net,0.0,Low
12.81,-59.99,1999,11,Atlantic Ocean,Neuston net,0.00216,Low
24.62,-69.42,1991,4,Atlantic Ocean,Neuston net,0.00864,Low
39.9,-157.2,2007,2,Pacific Ocean,Neuston net,0.0,Low
15.3198,-50.4182,2014,11,Atlantic Ocean,Grab sample,0.002,Low
24.27,-59.93,1995,11,Atlantic Ocean,Neuston net,0.0048,Low
24.85,-57.67,1994,10,Atlantic Ocean,Neuston net,0.00648,Low
20.8931,-28.1017,2014,11,Atlantic Ocean,Grab sample,0.006,Low
40.78,-70.39,2004,8,Atlantic Ocean,Neuston net,0.0,Low
45.97,-56.8,1992,8,Atlantic Ocean,Neuston net,0.00648,Low
33.1,-156.49,2006,4,Pacific Ocean,Neuston net,0.0,Low
24.52,-148.47,2012,2,Pacific Ocean,Neuston net,0.0,Low
25.51,-79.52,2000,2,Atlantic Ocean,Neuston net,0.00216,Low
25.62,-76.98,1994,5,Atlantic Ocean,Neuston net,0.0,Low
37.48,-67.43,1996,10,Atlantic Ocean,Neuston net,0.0,Low
44.310153,9.150061,2019,4,Atlantic Ocean,Manta net,0.52381,High
-14.7,-147.8,2002,2,Pacific Ocean,Neuston net,0.0,Low
15.9,-62.75,1987,12,Atlantic Ocean,Neuston net,0.008228,Low
17.8,-59.43,1992,11,Atlantic Ocean,Neuston net,0.0,Low
28.04,-140.48,2011,5,Pacific Ocean,Neuston net,0.0,Low
25.68,-77.39,1987,2,Atlantic Ocean,Neuston net,0.0016,Low
23.65,-64.86,1999,5,Atlantic Ocean,Neuston net,0.057312,Low
40.18,-65.82,1992,5,Atlantic Ocean,Neuston net,0.01728,Low
-8.26,-140.03,2003,3,Pacific Ocean,Neuston net,0.0,Low
15.0807,-51.268,2014,12,Atlantic Ocean,Grab sample,0.071,Low
42.27,-63.85,2000,8,Atlantic Ocean,Neuston net,0.0,Low
40.9447,11.7364,2014,10,Atlantic Ocean,Manta net,0.221199,High
19.96,-146.64,2005,12,Pacific Ocean,Neuston net,0.00216,Low
24.98,-79.77,2004,5,Atlantic Ocean,Neuston net,0.0027,Low
27.2167,-32.1167,2014,11,Atlantic Ocean,Grab sample,0.008,Low
39.53,-68.68,2002,6,Atlantic Ocean,Neuston net,0.0,Low
41.36,-71.05,1992,6,Atlantic Ocean,Neuston net,0.02376,Low
41.82,-64.0,1995,7,Atlantic Ocean,Neuston net,0.01152,Low
28.52,-79.3,2008,2,Atlantic Ocean,Neuston net,0.004656,Low
27.5,-78.88,1994,2,Atlantic Ocean,Neuston net,0.0,Low
30.67,-66.1,1990,5,Atlantic Ocean,Neuston net,0.00648,Low
28.551183,-16.03465,2013,9,Atlantic Ocean,Manta net,0.196706,High
32.05,-67.19,2000,4,Atlantic Ocean,Neuston net,0.02468,Low
13.69,-156.87,2012,4,Pacific Ocean,Neuston net,0.018584,Low
19.2,-154.86,2003,4,Pacific Ocean,Neuston net,0.0,Low
-13.9923,-20.739,2010,9,Atlantic Ocean,Neuston net,0.056111,Low
16.36,-84.47,1987,12,Atlantic Ocean,Neuston net,0.00216,Low
25.97,-77.97,1993,1,Atlantic Ocean,Neuston net,0.00216,Low
24.33,-81.14,2007,2,Atlantic Ocean,Neuston net,0.0126,Low
24.66,-56.96,2000,11,Atlantic Ocean,Neuston net,0.0216,Low
29.15,-68.02,1997,4,Atlantic Ocean,Neuston net,0.196544,High
33.06,-148.13,2008,12,Pacific Ocean,Neuston net,0.0,Low
43.99,-67.76,1999,7,Atlantic Ocean,Neuston net,0.0,Low
16.41,-83.37,2006,4,Atlantic Ocean,Neuston net,0.0,Low
19.77,-73.6,1998,4,Atlantic Ocean,Neuston net,0.0,Low
20.03,-60.15,1996,11,Atlantic Ocean,Neuston net,0.0,Low
11.9,-61.83,1994,11,Atlantic Ocean,Neuston net,0.0,Low
24.2,-82.12,1996,1,Atlantic Ocean,Neuston net,0.001544,Low
42.24,-70.56,2005,6,Atlantic Ocean,Neuston net,0.043196,Low
25.8,-79.73,1995,5,Atlantic Ocean,Neuston net,0.0216,Low
24.19,-81.84,2005,1,Atlantic Ocean,Neuston net,0.003084,Low
27.95,-70.72,1995,5,Atlantic Ocean,Neuston net,0.015432,Low
36.85195,-132.87875,2015,9,Pacific Ocean,Manta net,1.176606,High
31.57,-65.83,1992,5,Atlantic Ocean,Neuston net,0.01944,Low
41.34,-70.94,1998,8,Atlantic Ocean,Neuston net,0.00432,Low
41.85,-70.39,2001,8,Atlantic Ocean,Neuston net,0.0,Low
22.99,-148.78,2004,2,Pacific Ocean,Neuston net,0.0,Low
-32.7309,-86.3835,2011,3,Pacific Ocean,Manta net,1.138242,High
25.48,-75.56,1999,4,Atlantic Ocean,Neuston net,0.043196,Low
56.207,-2.428833,2014,12,Atlantic Ocean,Neuston net,0.120861,High
16.96,-84.71,1998,12,Atlantic Ocean,Neuston net,0.047516,Low
15.41,-97.89,2001,11,Pacific Ocean,Neuston net,0.0,Low
25.28,-147.0,2011,2,Pacific Ocean,Neuston net,2.712124,High
28.0045,-17.217833,2020,12,Atlantic Ocean,Manta net,0.029301,Low
40.66,-70.47,2008,8,Atlantic Ocean,Neuston net,0.0,Low
5.79,-147.72,2005,4,Pacific Ocean,Neuston net,0.0,Low
21.42,-142.07,2011,10,Pacific Ocean,Neuston net,0.0,Low
28.08,-70.37,1993,5,Atlantic Ocean,Neuston net,0.153348,High
44.95,-56.87,1989,8,Atlantic Ocean,Neuston net,0.00432,Low
42.765,27.9875,2017,8,Atlantic Ocean,Manta net,0.46548,High
17.94622,-76.81917,2017,12,Atlantic Ocean,Manta net,0.62,High
19.0945,-23.1612,2014,11,Atlantic Ocean,Grab sample,0.01,Low
22.76,-141.69,2012,10,Pacific Ocean,Neuston net,0.273452,High
26.53,-79.35,1998,2,Atlantic Ocean,Neuston net,0.0,Low
32.0565,-137.91,2009,8,Pacific Ocean,Manta net,2.611,High
36.4242,-143.81825,2015,8,Pacific Ocean,Manta net,9.143135,High
41.373055,2.191604,2021,3,Atlantic Ocean,Manta net,0.195333,High
47.680083,-138.306,2019,2,Pacific Ocean,Neuston net,0.0,Low
56.722333,-2.318667,2020,1,Atlantic Ocean,Neuston net,0.0,Low
18.5,-75.95,2001,3,Atlantic Ocean,Neuston net,0.028076,Low
26.02,-77.74,1992,1,Atlantic Ocean,Neuston net,0.0,Low
24.32,-56.42,2005,10,Atlantic Ocean,Neuston net,0.00702,Low
20.97,-68.11,2000,2,Atlantic Ocean,Neuston net,0.0,Low
36.19,-122.14,2002,8,Pacific Ocean,Neuston net,0.0,Low
35.85,-65.03,1996,5,Atlantic Ocean,Neuston net,0.023404,Low
-27.00725,-98.58904,2015,10,Pacific Ocean,AVANI net,0.02852,Low
15.73,-62.37,1996,12,Atlantic Ocean,Neuston net,0.00216,Low
27.33,-142.18,2008,7,Pacific Ocean,Neuston net,0.003324,Low
41.704333,4.672833,2020,7,Atlantic Ocean,Manta net,0.64623,High
17.05,-58.53,1999,11,Atlantic Ocean,Neuston net,0.026396,Low
17.12,-59.78,1998,11,Atlantic Ocean,Neuston net,0.00432,Low
17.279,-44.1078,2014,12,Atlantic Ocean,Grab sample,0.011,Low
52.548917,-146.027833,2019,3,Pacific Ocean,Neuston net,0.020367,Low
56.929167,-6.808833,2015,1,Atlantic Ocean,Neuston net,0.026126,Low
-18.890864,5.248044,2015,11,Atlantic Ocean,Intake seawater pump,0.5,High
19.38,-74.09,2001,3,Atlantic Ocean,Neuston net,0.0,Low
39.80334,4.813024,2013,6,Atlantic Ocean,Neuston net,1.724138,High
56.001333,-3.413167,2019,11,Atlantic Ocean,Neuston net,0.954863,High
20.35,-154.67,2012,7,Pacific Ocean,Neuston net,0.0,Low
17.13,-78.12,1994,12,Atlantic Ocean,Neuston net,0.003928,Low
16.4,-82.63,1987,12,Atlantic Ocean,Neuston net,0.00216,Low
24.19,-80.81,2005,3,Atlantic Ocean,Neuston net,0.0036,Low
42.608,9.7748,2014,6,Atlantic Ocean,Manta net,1.763656,High
33.56,-152.27,2011,8,Pacific Ocean,Neuston net,0.0,Low
27.9687,-82.5621,2017,4,Atlantic Ocean,Van Dorn sampler,4000.0,High
31.965333,-123.7225,2017,3,Pacific Ocean,Manta net,0.312822,High
39.975167,3.206333,2012,8,Atlantic Ocean,Manta net,0.982179,High
15.4,-60.42,2006,11,Atlantic Ocean,Neuston net,0.00648,Low
14.9947,-54.4642,2014,12,Atlantic Ocean,Grab sample,0.075,Low
21.11,-60.02,1996,11,Atlantic Ocean,Neuston net,0.0096,Low
37.148333,-1.311667,2017,8,Atlantic Ocean,Manta net,0.151939,High
42.73,-70.48,2000,8,Atlantic Ocean,Neuston net,0.008648,Low
43.420333,-8.306167,2020,9,Atlantic Ocean,Manta net,0.160229,High
69.0699,-95.0558,2016,8,Arctic Ocean,Grab sample,0.132,High
3.8,-144.0,2002,3,Pacific Ocean,Neuston net,0.0,Low
24.76,-74.39,2000,5,Atlantic Ocean,Neuston net,0.0,Low
60.3445,1.277333,2014,1,Atlantic Ocean,Neuston net,0.011103,Low
16.88,-159.15,2007,3,Pacific Ocean,Neuston net,0.0,Low
-2.5,-86.0,2017,10,Pacific Ocean,Plankton net,0.61,High
34.0611,-141.5962,2009,8,Pacific Ocean,Manta net,4.123,High
24.433283,-144.8647,2019,11,Pacific Ocean,Manta net,1.009209,High
29.98,-140.0,2012,5,Pacific Ocean,Neuston net,0.0,Low
26.16,-75.4,2004,2,Atlantic Ocean,Neuston net,0.0,Low
40.13,-69.95,1995,7,Atlantic Ocean,Neuston net,0.0,Low
38.42905,-9.14605,2018,12,Atlantic Ocean,Neuston net,0.187072,High
45.260333,-129.0325,2019,12,Pacific Ocean,Manta net,0.219577,High
16.43,-63.6,1987,12,Atlantic Ocean,Neuston net,0.0,Low
27.9,-61.52,1995,10,Atlantic Ocean,Neuston net,0.01152,Low
33.08,-147.02,2007,7,Pacific Ocean,Neuston net,0.0,Low
36.8217,-69.0789,2018,5,Atlantic Ocean,Intake seawater pump,15.0,High
56.3365,-6.7615,2022,1,Atlantic Ocean,Neuston net,0.008175,Low
2.19,-135.73,2010,12,Pacific Ocean,Neuston net,0.0,Low
19.05,-74.0,2006,2,Atlantic Ocean,Neuston net,0.024692,Low
14.45,-60.01,1998,11,Atlantic Ocean,Neuston net,0.0,Low
24.33,-81.03,2000,2,Atlantic Ocean,Neuston net,0.00648,Low
24.22,-74.98,1992,4,Atlantic Ocean,Neuston net,0.0,Low
31.8113,-36.8788,2013,6,Atlantic Ocean,Neuston net,0.168294,High
39.145,-11.868333,2014,8,Atlantic Ocean,Manta net,0.150617,High
29.4452,-133.2606,2015,9,Pacific Ocean,Manta net,1.455276,High
22.3833,-29.5,2014,11,Atlantic Ocean,Grab sample,0.05,Low
31.54,-143.82,2008,3,Pacific Ocean,Neuston net,0.0,Low
43.2407,5.343,2018,10,Atlantic Ocean,Manta net,0.063197,Low
15.95,-117.03,2002,12,Pacific Ocean,Neuston net,0.0,Low
13.82,-69.73,1994,12,Atlantic Ocean,Neuston net,0.00432,Low
41.3,-68.74,1990,8,Atlantic Ocean,Neuston net,0.0,Low
34.4822,22.6018,2014,8,Atlantic Ocean,Manta net,0.097535,High
55.5355,-5.414667,2016,1,Atlantic Ocean,Neuston net,0.0,Low
31.7495,34.5525,2013,10,Atlantic Ocean,Manta net,2.200798,High
-13.12091,-1.84834,2016,12,Atlantic Ocean,Neuston net,0.019269,Low
5.28,-146.64,2012,11,Pacific Ocean,Neuston net,0.017148,Low
18.04,-78.86,2000,12,Atlantic Ocean,Neuston net,0.0108,Low
40.67,-70.52,1994,8,Atlantic Ocean,Neuston net,0.0,Low
40.33,-70.98,1994,7,Atlantic Ocean,Neuston net,0.0,Low
57.9045,-3.6925,2018,1,Atlantic Ocean,Neuston net,0.005961,Low
26.7181,-150.57685,2015,8,Pacific Ocean,Manta net,0.341454,High
46.842333,-71.167667,2021,7,Atlantic Ocean,Manta net,0.309933,High
56.0315,-4.877667,2018,11,Atlantic Ocean,Neuston net,0.0,Low
40.38,-157.49,2011,4,Pacific Ocean,Neuston net,0.44862,High
13.08,-61.18,1996,12,Atlantic Ocean,Neuston net,0.0,Low
26.05,-141.2,2006,6,Pacific Ocean,Neuston net,0.00216,Low
24.4,-79.83,1999,3,Atlantic Ocean,Neuston net,0.073436,Low
20.18,-59.47,1997,11,Atlantic Ocean,Neuston net,0.009728,Low
24.2,-69.95,1990,4,Atlantic Ocean,Neuston net,0.0,Low
41.32,-68.63,2005,9,Atlantic Ocean,Neuston net,0.0216,Low
33.56,-152.27,2003,10,Pacific Ocean,Neuston net,0.0,Low
15.1,-61.98,1989,12,Atlantic Ocean,Neuston net,0.0,Low
28.65,-71.95,1997,5,Atlantic Ocean,Neuston net,0.030828,Low
43.44,-65.19,1989,6,Atlantic Ocean,Neuston net,0.001964,Low
15.62,-69.61,2002,12,Atlantic Ocean,Neuston net,0.0,Low
17.2911,-62.7294,2014,2,Atlantic Ocean,Grab sample,0.013,Low
31.000442,-143.8325,2015,8,Pacific Ocean,Manta net,5.996947,High
18.02,-79.13,1991,12,Atlantic Ocean,Neuston net,0.00864,Low
16.48,-63.15,1992,12,Atlantic Ocean,Neuston net,0.0,Low
13.63,-59.38,1991,11,Atlantic Ocean,Neuston net,0.00508,Low
25.69,-141.14,2008,5,Pacific Ocean,Neuston net,0.0,Low
39.57,-69.85,1999,7,Atlantic Ocean,Neuston net,0.0,Low
14.12,-157.12,2011,4,Pacific Ocean,Neuston net,0.0,Low
5.79,-147.72,2003,12,Pacific Ocean,Neuston net,0.0,Low
30.05,-78.1,1998,4,Atlantic Ocean,Neuston net,0.125268,High
24.45,-76.27,1992,4,Atlantic Ocean,Neuston net,0.0,Low
20.22,-58.76,2004,11,Atlantic Ocean,Neuston net,0.00432,Low
25.92,-156.96,2003,7,Pacific Ocean,Neuston net,0.0,Low
12.21,-68.47,2000,12,Atlantic Ocean,Neuston net,0.086392,High
25.6,-77.58,1993,3,Atlantic Ocean,Neuston net,0.0,Low
31.525,-123.31,2018,12,Pacific Ocean,Manta net,0.0,Low
-29.5155,-24.6103,2010,11,Atlantic Ocean,Neuston net,0.040881,Low
19.22,-81.28,1996,4,Atlantic Ocean,Neuston net,0.055556,Low
39.91,-69.09,2005,9,Atlantic Ocean,Neuston net,0.00648,Low
34.7375,-9.526,2013,8,Atlantic Ocean,Manta net,0.766243,High
40.6226,13.7388,2014,10,Atlantic Ocean,Manta net,3.073221,High
17.9376,-37.3475,2014,12,Atlantic Ocean,Grab sample,0.003,Low
28.54,-140.09,2005,1,Pacific Ocean,Neuston net,0.0,Low
39.55,-69.43,1998,10,Atlantic Ocean,Neuston net,0.0,Low
33.38,-156.38,2008,6,Pacific Ocean,Neuston net,0.0,Low
-33.4173,0.0825,2010,12,Atlantic Ocean,Neuston net,2.146255,High
27.45,-73.4,1997,5,Atlantic Ocean,Neuston net,0.02376,Low
17.0,-60.76,2000,4,Atlantic Ocean,Neuston net,0.0,Low
25.3162,-80.9082,2015,12,Atlantic Ocean,Grab sample,0.0,Low
25.57,-73.6,1995,5,Atlantic Ocean,Neuston net,0.030236,Low
41.03,-70.81,1991,7,Atlantic Ocean,Neuston net,0.0,Low
57.776333,-5.898667,2014,1,Atlantic Ocean,Neuston net,0.53572,High
32.152,34.783167,2015,2,Atlantic Ocean,Manta net,6.463878,High
-24.6527,-124.7923,2011,4,Pacific Ocean,Manta net,0.065628,Low
29.28,-67.2,1990,5,Atlantic Ocean,Neuston net,0.082072,High
43.71,-64.16,2000,8,Atlantic Ocean,Neuston net,0.0,Low
55.991667,-6.680667,2016,1,Atlantic Ocean,Neuston net,0.371159,High
19.73,-146.63,2009,6,Pacific Ocean,Neuston net,0.0,Low
18.75,-75.43,1993,2,Atlantic Ocean,Neuston net,0.00216,Low
19.95,-156.16,2003,12,Pacific Ocean,Neuston net,0.00864,Low
29.237,-13.442667,2020,10,Atlantic Ocean,Manta net,0.215172,High
37.29105,-131.58465,2015,9,Pacific Ocean,Manta net,3.081825,High
39.389,-136.1213,2009,8,Pacific Ocean,Manta net,0.358,High
31.38,-59.92,1994,10,Atlantic Ocean,Neuston net,0.00216,Low
44.21,-64.1,2002,6,Atlantic Ocean,Neuston net,0.024,Low
16.28,-160.37,2004,4,Pacific Ocean,Neuston net,0.00432,Low
12.17,-68.38,1991,12,Atlantic Ocean,Neuston net,0.001964,Low
32.04,-67.26,2005,4,Atlantic Ocean,Neuston net,0.0,Low
35.1,-66.71,1989,5,Atlantic Ocean,Neuston net,0.0,Low
11.44,-156.82,2012,8,Pacific Ocean,Neuston net,0.001616,Low
14.7333,-50.45,2014,12,Atlantic Ocean,Grab sample,0.005,Low
36.9608,-122.0122,2015,1,Pacific Ocean,Grab sample,0.001,Low
44.139861,9.604611,2019,4,Atlantic Ocean,Manta net,0.098344,High
33.1,-149.63,2007,7,Pacific Ocean,Neuston net,0.00216,Low
19.2808,-81.246,2015,3,Atlantic Ocean,Grab sample,0.0,Low
22.76,-141.69,2007,2,Pacific Ocean,Neuston net,0.0,Low
25.93,-75.27,1995,2,Atlantic Ocean,Neuston net,0.0,Low
43.051667,6.418333,2015,10,Atlantic Ocean,Manta net,0.344876,High
25.07,-83.89,2007,2,Atlantic Ocean,Neuston net,0.0018,Low
25.15,-59.98,1995,11,Atlantic Ocean,Neuston net,0.01296,Low
31.8194,-133.9954,2015,9,Pacific Ocean,Manta net,1.305863,High
33.54,-65.63,1987,4,Atlantic Ocean,Neuston net,0.02376,Low
42.16,-70.33,2004,8,Atlantic Ocean,Neuston net,0.0,Low
39.208333,11.8425,2021,7,Atlantic Ocean,Manta net,0.659117,High
44.2606,9.311833,2018,5,Atlantic Ocean,Manta net,0.0063,Low
33.35,-150.87,2008,12,Pacific Ocean,Neuston net,0.0,Low
59.393,-153.5072,2013,7,Pacific Ocean,Grab sample,0.002,Low
12.43,-69.03,1999,12,Atlantic Ocean,Neuston net,0.00166,Low
17.39,-64.99,2004,11,Atlantic Ocean,Neuston net,0.003928,Low
31.0,-61.77,1996,10,Atlantic Ocean,Neuston net,0.082072,High
41.5371,-71.4044,2015,9,Atlantic Ocean,Grab sample,0.004,Low
36.773149,2.820132,2018,4,Atlantic Ocean,Manta net,0.972465,High
26.02,-78.07,1994,5,Atlantic Ocean,Neuston net,0.00432,Low
25.98,-70.88,1991,4,Atlantic Ocean,Neuston net,0.034556,Low
42.05,-69.48,2007,7,Atlantic Ocean,Neuston net,0.00648,Low
40.33,-67.69,2001,6,Atlantic Ocean,Neuston net,0.00216,Low
9.556,-79.6544,2013,12,Atlantic Ocean,Grab sample,0.013,Low
46.57,-54.1,1992,8,Atlantic Ocean,Neuston net,0.007512,Low
17.58,-80.25,1996,2,Atlantic Ocean,Neuston net,0.0,Low
12.12,-62.22,1994,12,Atlantic Ocean,Neuston net,0.0,Low
75.432833,-60.063833,2021,8,Arctic Ocean,Manta net,0.019968,Low
36.32075,-153.6895,2015,8,Pacific Ocean,Manta net,1.100274,High
17.5498,-47.654,2014,12,Atlantic Ocean,Grab sample,0.018,Low
42.8381,9.2867,2014,6,Atlantic Ocean,Manta net,1.990702,High
18.35,-75.3,1997,3,Atlantic Ocean,Neuston net,0.01296,Low
24.52,-148.47,2004,10,Pacific Ocean,Neuston net,0.0,Low
30.8735,-61.3126,2010,1,Atlantic Ocean,Neuston net,1.142851,High
28.86,-64.34,2005,5,Atlantic Ocean,Neuston net,0.032396,Low
54.807667,-5.189,2021,9,Atlantic Ocean,Neuston net,0.0,Low
-15.54,-148.18,2002,2,Pacific Ocean,Neuston net,0.00648,Low
19.96,-146.64,2004,11,Pacific Ocean,Neuston net,0.00216,Low
16.3191,-35.8907,2014,12,Atlantic Ocean,Grab sample,0.051,Low
28.72,-140.03,2011,5,Pacific Ocean,Neuston net,0.0,Low
20.27,-156.47,2008,11,Pacific Ocean,Neuston net,0.0,Low
32.3786,-121.2014,2009,8,Pacific Ocean,Manta net,0.061,Low
43.09,-67.49,1989,8,Atlantic Ocean,Neuston net,0.0,Low
23.52,-141.63,2011,10,Pacific Ocean,Neuston net,0.0,Low
56.014333,-4.882833,2018,10,Atlantic Ocean,Neuston net,0.110781,High
18.97,-143.47,2012,2,Pacific Ocean,Neuston net,0.0108,Low
31.81,-141.13,2019,7,Pacific Ocean,Manta net,51.0782,High
41.32,-66.1,1992,5,Atlantic Ocean,Neuston net,0.0,Low
57.46,-133.77,2002,7,Pacific Ocean,Neuston net,0.0,Low
16.36,-159.94,2009,3,Pacific Ocean,Neuston net,0.016196,Low
16.48,-76.0,1989,12,Atlantic Ocean,Neuston net,0.0,Low
11.52,-63.1,1995,12,Atlantic Ocean,Neuston net,0.001348,Low
32.849874,-37.954877,2020,11,Atlantic Ocean,Manta net,1.018862,High
56.488833,-2.5005,2020,1,Atlantic Ocean,Neuston net,0.071016,Low
29.999073,-136.0735,2015,8,Pacific Ocean,Manta net,5.222847,High
36.78,-65.62,2000,10,Atlantic Ocean,Neuston net,0.0096,Low
37.8461,23.4112,2014,7,Atlantic Ocean,Manta net,6.627025,High
-30.096667,-80.845833,2016,4,Pacific Ocean,Manta net,0.008553,Low
16.63,-81.39,2006,4,Atlantic Ocean,Neuston net,0.013148,Low
14.2,-60.58,1999,11,Atlantic Ocean,Neuston net,0.0048,Low
34.65,-65.63,1996,5,Atlantic Ocean,Neuston net,0.070496,Low
14.3437,-59.3388,2014,12,Atlantic Ocean,Grab sample,0.016,Low
32.903333,35.071,2014,4,Atlantic Ocean,Manta net,0.47138,High
17.84,-76.07,2001,2,Atlantic Ocean,Neuston net,0.00648,Low
11.2572,-85.8775,2015,8,Pacific Ocean,Grab sample,0.002,Low
26.8175,-130.12895,2015,9,Pacific Ocean,Manta net,0.6541,High
40.65,-65.95,1995,5,Atlantic Ocean,Neuston net,0.0,Low
63.565667,-34.414333,2018,7,Atlantic Ocean,Manta net,0.007199,Low
26.28,-79.05,1992,1,Atlantic Ocean,Neuston net,0.0,Low
40.21655,-8.93355,2018,9,Atlantic Ocean,Manta net,0.165478,High
42.589167,27.731667,2017,8,Atlantic Ocean,Manta net,1.051344,High
31.6068,-164.2543,2009,7,Pacific Ocean,Neuston net,1.159447,High
12.43,-65.48,1987,12,Atlantic Ocean,Neuston net,0.00648,Low
25.94,-146.58,2012,6,Pacific Ocean,Neuston net,0.020184,Low
57.159333,-2.031667,2014,5,Atlantic Ocean,Neuston net,0.0,Low
13.69,-156.87,2006,2,Pacific Ocean,Neuston net,0.018584,Low
2.19,-135.73,2009,4,Pacific Ocean,Neuston net,0.0,Low
17.04,-101.36,2001,11,Pacific Ocean,Neuston net,0.0,Low
17.56,-75.34,2004,12,Atlantic Ocean,Neuston net,0.00864,Low
24.73,-139.58,2012,10,Pacific Ocean,Neuston net,5.910272,High
24.28,-143.99,2004,2,Pacific Ocean,Neuston net,0.0,Low
9.55,-155.93,2006,11,Pacific Ocean,Neuston net,0.0054,Low
14.03,-61.78,1995,12,Atlantic Ocean,Neuston net,0.0,Low
25.1665,-17.8353,2014,11,Atlantic Ocean,Grab sample,0.01,Low
25.2758,-23.0,2014,11,Atlantic Ocean,Grab sample,0.014,Low
34.49,-65.01,1999,5,Atlantic Ocean,Neuston net,0.049676,Low
41.999167,16.997833,2013,5,Atlantic Ocean,Neuston net,5.717203,High
-28.33,-105.331,2011,4,Pacific Ocean,Neuston net,0.507228,High
16.3833,-41.8667,2014,11,Atlantic Ocean,Grab sample,0.006,Low
23.62,-74.73,2000,5,Atlantic Ocean,Neuston net,0.038876,Low
6.13,-86.51,2001,11,Pacific Ocean,Neuston net,0.004112,Low
37.2008,3.5146,2014,9,Atlantic Ocean,Manta net,0.10993,High
48.796167,-64.249333,2021,7,Atlantic Ocean,Manta net,0.0,Low
16.37,-76.65,1992,3,Atlantic Ocean,Neuston net,0.0,Low
40.52,-67.62,1989,6,Atlantic Ocean,Neuston net,0.00216,Low
-42.981667,-73.185,2016,1,Pacific Ocean,Manta net,0.53139,High
40.68,-128.9,2004,5,Pacific Ocean,Neuston net,2.611356,High
16.98,-73.63,1994,12,Atlantic Ocean,Neuston net,0.00216,Low
41.4995,16.916833,2013,5,Atlantic Ocean,Neuston net,0.5886,High
57.886667,-3.8495,2014,1,Atlantic Ocean,Neuston net,0.0,Low
39.62,-66.49,2004,10,Atlantic Ocean,Neuston net,0.0,Low
17.6506,-40.1068,2014,12,Atlantic Ocean,Grab sample,0.0,Low
40.99,-71.54,1995,7,Atlantic Ocean,Neuston net,0.00216,Low
10.8,-65.25,1997,12,Atlantic Ocean,Neuston net,0.0,Low
23.15,-144.69,2008,12,Pacific Ocean,Neuston net,0.0,Low
14.71,-157.43,2007,12,Pacific Ocean,Neuston net,0.0072,Low
19.8,-143.03,2010,10,Pacific Ocean,Neuston net,0.0,Low
36.656667,-2.698333,2015,3,Atlantic Ocean,Manta net,0.164,High
18.46,-157.58,2008,11,Pacific Ocean,Neuston net,0.0108,Low
47.58,-56.25,1996,7,Atlantic Ocean,Neuston net,0.0,Low
43.183,5.3908,2018,10,Atlantic Ocean,Manta net,0.030864,Low
44.08,-64.26,1999,7,Atlantic Ocean,Neuston net,0.0,Low
32.84,-147.81,2011,12,Pacific Ocean,Neuston net,0.0,Low
43.75,-64.31,2002,6,Atlantic Ocean,Neuston net,0.0,Low
19.24,-156.55,2012,10,Pacific Ocean,Neuston net,3.824844,High
13.45,-60.51,1998,11,Atlantic Ocean,Neuston net,0.0,Low
33.09,-156.27,2003,8,Pacific Ocean,Neuston net,0.0,Low
24.9,-76.03,1995,2,Atlantic Ocean,Neuston net,0.0,Low
19.35,-78.43,1998,12,Atlantic Ocean,Neuston net,0.00216,Low
30.06,-75.7,1997,4,Atlantic Ocean,Neuston net,0.0024,Low
45.780667,-129.3215,2019,11,Pacific Ocean,Manta net,0.266493,High
20.68,-65.07,2007,5,Atlantic Ocean,Neuston net,0.07896,Low
34.87,-57.38,1989,10,Atlantic Ocean,Neuston net,0.035992,Low
58.117833,-5.6995,2018,1,Atlantic Ocean,Neuston net,0.0,Low
17.45,-66.12,2008,12,Atlantic Ocean,Neuston net,0.0,Low
26.21,-144.53,2008,5,Pacific Ocean,Neuston net,0.060476,Low
43.024333,10.410667,2021,7,Atlantic Ocean,Manta net,0.274223,High
16.2,-83.99,2000,3,Atlantic Ocean,Neuston net,0.028076,Low
31.98,-66.37,1992,5,Atlantic Ocean,Neuston net,0.034556,Low
18.83,-59.35,1992,11,Atlantic Ocean,Neuston net,0.00432,Low
43.210667,4.571333,2012,8,Atlantic Ocean,Manta net,0.060246,Low
14.36,-59.76,2005,11,Atlantic Ocean,Neuston net,0.0,Low
29.98,-140.0,2006,5,Pacific Ocean,Neuston net,0.0,Low
34.602833,-9.525,2014,7,Atlantic Ocean,Manta net,0.511379,High
43.2609,4.9354,2010,8,Atlantic Ocean,Neuston net,0.126495,High
31.5611,-152.6133,2007,9,Pacific Ocean,Neuston net,0.438661,High
27.7084,-82.6092,2016,12,Atlantic Ocean,Plankton net,6.6,High
31.72,-144.77,2005,11,Pacific Ocean,Neuston net,0.0,Low
15.25,-157.55,2012,4,Pacific Ocean,Neuston net,0.0,Low
37.65,-67.72,1997,10,Atlantic Ocean,Neuston net,0.00432,Low
43.76,-63.03,1991,8,Atlantic Ocean,Neuston net,0.00432,Low
17.15,-80.35,2000,12,Atlantic Ocean,Neuston net,0.0,Low
23.5167,-35.6167,2014,11,Atlantic Ocean,Grab sample,0.004,Low
32.04,-68.36,2000,4,Atlantic Ocean,Neuston net,0.051296,Low
41.57,-69.4,1993,8,Atlantic Ocean,Neuston net,0.0,Low
39.799333,6.61,2013,6,Atlantic Ocean,Neuston net,2.179487,High
43.2,-68.81,2007,9,Atlantic Ocean,Neuston net,0.006404,Low
-6.99,-115.83,2001,12,Pacific Ocean,Neuston net,0.00216,Low
33.5053,-143.057217,2019,12,Pacific Ocean,Manta net,1.582836,High
32.58,-64.67,1999,4,Atlantic Ocean,Neuston net,0.058316,Low
36.086,28.22,2019,3,Atlantic Ocean,Manta net,0.6,High
14.92,-71.71,2000,12,Atlantic Ocean,Neuston net,0.0,Low
30.78,-133.3967,2018,12,Pacific Ocean,Manta net,7.162585,High
25.38,-77.55,1993,4,Atlantic Ocean,Neuston net,0.0,Low
31.27,-63.55,1999,4,Atlantic Ocean,Neuston net,0.00864,Low
39.78,-68.61,2006,10,Atlantic Ocean,Neuston net,0.00216,Low
-27.02234,-89.46628,2015,10,Pacific Ocean,AVANI net,0.01426,Low
17.83,-74.96,2001,12,Atlantic Ocean,Neuston net,0.0162,Low
17.2,-79.51,2006,2,Atlantic Ocean,Neuston net,0.058316,Low
23.83,-81.97,1996,5,Atlantic Ocean,Neuston net,0.0,Low
-37.3047,-12.643,2017,1,Atlantic Ocean,Grab sample,0.001,Low
14.42,-62.08,1993,12,Atlantic Ocean,Neuston net,0.0,Low
16.98,-61.87,2001,4,Atlantic Ocean,Neuston net,0.00216,Low
18.66,-114.51,2002,12,Pacific Ocean,Neuston net,0.0,Low
24.73,-139.58,2006,6,Pacific Ocean,Neuston net,0.0,Low
40.221389,18.566667,2021,6,Atlantic Ocean,Manta net,0.365369,High
32.35,-155.1,2012,10,Pacific Ocean,Neuston net,0.01366,Low
29.3311,-133.2188,2015,9,Pacific Ocean,Manta net,2.8162,High
57.956333,-2.413833,2019,1,Atlantic Ocean,Neuston net,0.020834,Low
10.33,-156.71,2011,7,Pacific Ocean,Neuston net,0.00216,Low
-3.0,-82.0,2017,10,Pacific Ocean,Plankton net,0.3,High
24.98,-79.8,1998,3,Atlantic Ocean,Neuston net,0.0,Low
50.657083,-139.807333,2019,3,Pacific Ocean,Neuston net,0.0,Low
43.6248,7.1989,2013,7,Atlantic Ocean,Manta net,0.60918,High
12.93,-64.9,2000,12,Atlantic Ocean,Neuston net,0.0,Low
16.26,-55.52,2014,12,Atlantic Ocean,Grab sample,0.013,Low
30.833,-136.933,1973,2,Pacific Ocean,Neuston net,0.06,Low
6.42,-148.97,2010,7,Pacific Ocean,Neuston net,0.0,Low
26.6,-142.77,2004,2,Pacific Ocean,Neuston net,0.0,Low
26.05,-141.2,2012,10,Pacific Ocean,Neuston net,8.075432,High
26.18,-73.23,1995,5,Atlantic Ocean,Neuston net,0.025916,Low
29.96,-68.44,1992,5,Atlantic Ocean,Neuston net,0.071276,Low
32.0517,-137.7057,2009,8,Pacific Ocean,Manta net,3.381,High
37.29,-141.1,2019,8,Pacific Ocean,Manta net,6.183973,High
34.56,-66.13,2001,7,Atlantic Ocean,Neuston net,0.030236,Low
56.215333,-2.586667,2020,1,Atlantic Ocean,Neuston net,0.056008,Low
16.5,-73.45,1995,12,Atlantic Ocean,Neuston net,0.0054,Low
25.35,-141.11,2011,10,Pacific Ocean,Neuston net,0.0,Low
27.84,-140.77,2005,5,Pacific Ocean,Neuston net,0.0024,Low
25.1,-75.15,1998,4,Atlantic Ocean,Neuston net,0.114472,High
42.8,-59.9,2015,6,Atlantic Ocean,Grab sample,0.004,Low
47.41,-56.17,1989,7,Atlantic Ocean,Neuston net,0.0,Low
43.78,-68.73,2005,6,Atlantic Ocean,Neuston net,0.072056,Low
34.7179,33.678,2014,8,Atlantic Ocean,Manta net,0.645262,High
32.109,-148.10945,2015,8,Pacific Ocean,Manta net,0.382203,High
35.68,-64.56,2001,10,Atlantic Ocean,Neuston net,0.187904,High
32.42,-57.05,2003,10,Atlantic Ocean,Neuston net,0.0048,Low
41.408333,9.28,2011,9,Atlantic Ocean,Manta net,0.200586,High
-26.48213,-105.37127,2015,11,Pacific Ocean,Neuston net,0.06136,Low
-20.8268,-28.2509,2010,9,Atlantic Ocean,Neuston net,0.043782,Low
14.1598,-51.9606,2014,12,Atlantic Ocean,Grab sample,0.004,Low
28.55,-56.75,2000,10,Atlantic Ocean,Neuston net,0.0024,Low
21.96,-60.0,2006,10,Atlantic Ocean,Neuston net,0.284988,High
43.089667,6.281833,2016,10,Atlantic Ocean,Manta net,0.258954,High
20.6,-154.81,2008,11,Pacific Ocean,Neuston net,0.0,Low
-25.5538,-122.2008,2011,4,Pacific Ocean,Manta net,0.077869,Low
18.33,-75.02,2008,4,Atlantic Ocean,Neuston net,0.0048,Low
16.78,-62.62,1996,12,Atlantic Ocean,Neuston net,0.01512,Low
13.12,-61.55,1991,11,Atlantic Ocean,Neuston net,0.00216,Low
15.7515,-45.3803,2014,12,Atlantic Ocean,Grab sample,0.001,Low
43.72,-125.65,2002,8,Pacific Ocean,Neuston net,0.0,Low
43.35,-62.98,1993,7,Atlantic Ocean,Neuston net,0.0,Low
69.39075,15.91445,2019,8,Arctic Ocean,Manta net,0.003263,Low
33.47,-151.63,2007,7,Pacific Ocean,Neuston net,0.00864,Low
35.375,-148.85,2015,8,Pacific Ocean,Manta net,1.234553,High
23.91,-70.19,2000,2,Atlantic Ocean,Neuston net,0.001964,Low
41.48,-65.35,1998,7,Atlantic Ocean,Neuston net,0.00648,Low
41.263153,1.963507,2021,1,Atlantic Ocean,Manta net,0.276,High
41.42,-70.72,1995,7,Atlantic Ocean,Neuston net,0.0,Low
39.800667,7.819333,2013,6,Atlantic Ocean,Neuston net,6.08365,High
44.086533,-129.018767,2019,12,Pacific Ocean,Manta net,0.057427,Low
58.1435,-14.517167,2019,9,Atlantic Ocean,Neuston net,0.0,Low
10.33,-156.71,2003,12,Pacific Ocean,Neuston net,0.0,Low
40.16,-157.42,2012,10,Pacific Ocean,Neuston net,0.0,Low
18.88,-77.67,1996,4,Atlantic Ocean,Neuston net,0.00864,Low
11.88,-62.24,2003,12,Atlantic Ocean,Neuston net,0.003084,Low
17.48,-63.72,2007,11,Atlantic Ocean,Neuston net,0.0,Low
15.3929,-57.7041,2014,12,Atlantic Ocean,Grab sample,0.025,Low
29.38,-77.35,1998,2,Atlantic Ocean,Neuston net,0.00432,Low
42.76,-70.06,1999,6,Atlantic Ocean,Neuston net,0.0,Low
56.5415,-6.5745,2016,1,Atlantic Ocean,Neuston net,0.056776,Low
33.09,-156.27,2010,7,Pacific Ocean,Neuston net,0.00266,Low
26.97,-58.23,1993,10,Atlantic Ocean,Neuston net,0.00864,Low
29.928016,-14.721467,2015,11,Atlantic Ocean,Intake seawater pump,0.5,High
41.0974,10.9881,2014,10,Atlantic Ocean,Manta net,0.230147,High
46.23,-124.1466,2016,9,Pacific Ocean,Grab sample,0.003,Low
-32.835,-3.6837,2010,11,Atlantic Ocean,Neuston net,0.068135,Low
20.1283,-22.1283,2014,11,Atlantic Ocean,Grab sample,0.007,Low
26.18,-79.77,1997,2,Atlantic Ocean,Neuston net,0.001964,Low
25.08,-84.15,2007,2,Atlantic Ocean,Neuston net,0.0,Low
31.65,-65.5,1997,4,Atlantic Ocean,Neuston net,0.135492,High
39.91,-70.25,2000,7,Atlantic Ocean,Neuston net,0.028076,Low
42.810483,6.178633,2017,7,Atlantic Ocean,Manta net,0.066572,Low
21.0161,-156.6399,2015,11,Pacific Ocean,Grab sample,0.006,Low
33.02,-152.9,2008,12,Pacific Ocean,Neuston net,0.0,Low
21.15,-142.77,2007,10,Pacific Ocean,Neuston net,0.0,Low
26.13,-78.81,1999,3,Atlantic Ocean,Neuston net,0.00648,Low
57.721,-2.681833,2014,11,Atlantic Ocean,Neuston net,0.0,Low
86.75014,-140.88221,2016,8,Arctic Ocean,CTD rosette sampler,0.0,Low
20.14,-148.94,2009,11,Pacific Ocean,Neuston net,0.0,Low
36.41115,-148.81945,2015,8,Pacific Ocean,Manta net,3.531028,High
25.14,-83.73,2008,2,Atlantic Ocean,Neuston net,0.0,Low
24.77,-79.73,1997,3,Atlantic Ocean,Neuston net,0.0,Low
35.95,-63.82,1991,10,Atlantic Ocean,Neuston net,0.075592,Low
41.79,-69.43,2005,8,Atlantic Ocean,Neuston net,0.0,Low
40.77,-70.34,2001,6,Atlantic Ocean,Neuston net,0.0,Low
26.14,-143.12,2003,11,Pacific Ocean,Neuston net,0.0,Low
30.018732,-142.726,2015,8,Pacific Ocean,Manta net,5.572512,High
28.43,-60.28,1995,11,Atlantic Ocean,Neuston net,0.00864,Low
21.05,-58.9,1994,10,Atlantic Ocean,Neuston net,0.0072,Low
20.23,-71.02,2001,3,Atlantic Ocean,Neuston net,0.0072,Low
59.3415,-153.5498,2013,7,Pacific Ocean,Grab sample,0.014,Low
20.68,-71.58,1991,12,Atlantic Ocean,Neuston net,0.0,Low
32.84,-147.81,2004,7,Pacific Ocean,Neuston net,0.0,Low
38.1169,-138.933,2009,8,Pacific Ocean,Manta net,7.366,High
41.29,-71.13,2002,8,Atlantic Ocean,Neuston net,0.0,Low
45.38,-51.97,1992,7,Atlantic Ocean,Neuston net,0.00432,Low
58.8365,-0.671333,2022,1,Atlantic Ocean,Neuston net,0.043806,Low
-34.635167,21.006,2018,12,Indian Ocean,Manta net,0.049826,Low
6.25,-146.51,2003,2,Pacific Ocean,Neuston net,0.00216,Low
2.89,-137.24,2008,2,Pacific Ocean,Neuston net,0.003084,Low
0.5,-89.0,2017,10,Pacific Ocean,Plankton net,0.62,High
15.11,-60.49,1999,11,Atlantic Ocean,Neuston net,0.0,Low
37.341667,-0.961667,2015,3,Atlantic Ocean,Manta net,0.216,High
44.39,-60.26,2000,7,Atlantic Ocean,Neuston net,0.0108,Low
57.1016,-135.4066,2015,1,Pacific Ocean,Grab sample,0.0,Low
55.910333,-4.9195,2017,11,Atlantic Ocean,Neuston net,0.243518,High
15.94,-162.49,2009,7,Pacific Ocean,Neuston net,0.0,Low
24.15,-83.9,1996,3,Atlantic Ocean,Neuston net,0.0,Low
25.37,-82.42,1993,1,Atlantic Ocean,Neuston net,0.00432,Low
26.15,-58.6,2007,10,Atlantic Ocean,Neuston net,0.007164,Low
27.961,-64.1088,2014,5,Atlantic Ocean,Grab sample,0.005,Low
31.32,-67.87,1991,5,Atlantic Ocean,Neuston net,0.075592,Low
-33.9352,-35.503,2011,1,Atlantic Ocean,Neuston net,0.040881,Low
4.41,-145.74,2009,4,Pacific Ocean,Neuston net,0.0,Low
18.2081,-103.7606,2015,5,Pacific Ocean,Grab sample,0.002,Low
33.9854,-119.6378,2015,3,Pacific Ocean,Grab sample,0.002,Low
-45.396667,-73.646667,2016,1,Pacific Ocean,Manta net,0.0,Low
10.52,-64.7,1997,12,Atlantic Ocean,Neuston net,0.0,Low
25.94,-146.58,2005,2,Pacific Ocean,Neuston net,0.326132,High
34.08,-70.0,1996,5,Atlantic Ocean,Neuston net,0.065808,Low
35.995067,-6.937667,2013,8,Atlantic Ocean,Manta net,0.270514,High
58.363333,-5.414,2014,1,Atlantic Ocean,Neuston net,0.035147,Low
25.49,-56.09,2005,10,Atlantic Ocean,Neuston net,0.075968,Low
22.12,-65.82,2001,5,Atlantic Ocean,Neuston net,0.0,Low
21.28,-72.72,1993,12,Atlantic Ocean,Neuston net,0.0,Low
21.18,-73.64,2003,4,Atlantic Ocean,Neuston net,0.0,Low
28.58,-67.93,1990,5,Atlantic Ocean,Neuston net,0.151428,High
17.946139,-76.756472,2017,9,Atlantic Ocean,Manta net,1.24,High
43.140333,-129.188333,2019,12,Pacific Ocean,Manta net,0.036529,Low
55.832167,-4.957833,2018,10,Atlantic Ocean,Neuston net,0.0,Low
-43.976782,14.111344,2017,3,Atlantic Ocean,Neuston net,0.0,Low
15.78,-75.5,1991,12,Atlantic Ocean,Neuston net,0.0,Low
14.52,-61.54,2001,12,Atlantic Ocean,Neuston net,0.00216,Low
20.67,-59.49,2005,4,Atlantic Ocean,Neuston net,0.01512,Low
20.61,-155.0,2007,3,Pacific Ocean,Neuston net,0.0,Low
19.82,-75.51,2001,2,Atlantic Ocean,Neuston net,0.0,Low
16.22,-74.47,1989,12,Atlantic Ocean,Neuston net,0.0,Low
16.73,-77.91,2006,4,Atlantic Ocean,Neuston net,0.00432,Low
30.15,-77.71,2000,4,Atlantic Ocean,Neuston net,0.0,Low
24.31,-59.95,1996,11,Atlantic Ocean,Neuston net,0.078292,Low
34.83,-65.0,2007,5,Atlantic Ocean,Neuston net,0.04976,Low
41.285,2.741667,2017,8,Atlantic Ocean,Manta net,1.107242,High
42.36,-70.31,1997,7,Atlantic Ocean,Neuston net,0.001964,Low
14.71,-157.43,2008,6,Pacific Ocean,Neuston net,0.0072,Low
17.3802,-46.6763,2014,12,Atlantic Ocean,Grab sample,0.031,Low
24.28,-143.99,2012,1,Pacific Ocean,Neuston net,0.00216,Low
27.8261,-82.5675,2016,6,Atlantic Ocean,Van Dorn sampler,6000.0,High
38.9387,-76.5281,2015,10,Atlantic Ocean,Grab sample,0.023,Low
41.397303,2.21315,2020,12,Atlantic Ocean,Manta net,0.863333,High
44.3202,-68.3129,2014,10,Atlantic Ocean,Grab sample,0.001,Low
43.505,7.3053,2014,6,Atlantic Ocean,Manta net,4.082247,High
29.771,-162.6273,2009,7,Pacific Ocean,Neuston net,1.033613,High
-2.70125,-10.23524,2016,12,Atlantic Ocean,Neuston net,0.0,Low
6.39,-144.23,2003,4,Pacific Ocean,Neuston net,0.0054,Low
16.86,-73.25,2004,12,Atlantic Ocean,Neuston net,0.0,Low
12.6352,-61.3617,2014,3,Atlantic Ocean,Grab sample,0.005,Low
17.707,-31.3917,2014,12,Atlantic Ocean,Grab sample,0.001,Low
25.98,-78.57,1991,4,Atlantic Ocean,Neuston net,0.0,Low
7.43,-149.9,2010,11,Pacific Ocean,Neuston net,0.00648,Low
27.82,-78.9,2002,5,Atlantic Ocean,Neuston net,0.060476,Low
24.49,-80.79,2003,2,Atlantic Ocean,Neuston net,0.0,Low
24.77,-75.62,1996,2,Atlantic Ocean,Neuston net,0.0216,Low
58.4935,-6.162,2018,1,Atlantic Ocean,Neuston net,0.006135,Low
16.67,-79.33,2006,4,Atlantic Ocean,Neuston net,0.0,Low
30.998325,-136.3185,2015,8,Pacific Ocean,Manta net,1.808096,High
23.1833,-106.4207,2015,5,Pacific Ocean,Grab sample,0.008,Low
22.3,-56.52,2002,11,Atlantic Ocean,Neuston net,0.0108,Low
20.64,-73.66,2001,2,Atlantic Ocean,Neuston net,0.0,Low
31.9,-57.12,1991,10,Atlantic Ocean,Neuston net,0.035996,Low
-41.000367,26.837433,2017,5,Indian Ocean,Neuston net,0.0,Low
12.6,-69.35,1997,12,Atlantic Ocean,Neuston net,0.0,Low
31.06,-143.46,2011,5,Pacific Ocean,Neuston net,0.00216,Low
26.13,-73.02,2006,2,Atlantic Ocean,Neuston net,0.0216,Low
31.09,-72.85,2001,4,Atlantic Ocean,Neuston net,0.00648,Low
28.7118,-14.0116,2015,2,Atlantic Ocean,Grab sample,0.017,Low
32.62,-64.7,1996,5,Atlantic Ocean,Neuston net,0.018,Low
40.97,-70.53,1994,6,Atlantic Ocean,Neuston net,0.00648,Low
37.8,24.4,2015,6,Atlantic Ocean,Manta net,0.1,High
14.12,-157.12,2009,7,Pacific Ocean,Neuston net,0.0,Low
33.47,-151.63,2005,11,Pacific Ocean,Neuston net,0.00864,Low
17.2826,-87.8114,2013,12,Atlantic Ocean,Grab sample,0.239,High
21.32,-72.38,1991,12,Atlantic Ocean,Neuston net,0.0,Low
31.13,-73.41,2000,4,Atlantic Ocean,Neuston net,0.00432,Low
33.43,-65.8,2007,5,Atlantic Ocean,Neuston net,0.264748,High
34.002287,10.087773,2019,4,Atlantic Ocean,Manta net,2.415224,High
42.39,-69.75,2002,8,Atlantic Ocean,Neuston net,0.0,Low
22.0117,-160.8771,2008,1,Pacific Ocean,Neuston net,0.041997,Low
2.367,-111.05,1987,9,Pacific Ocean,Manta net,0.012,Low
19.43,-145.47,2004,11,Pacific Ocean,Neuston net,0.00432,Low
19.11,-76.56,2000,12,Atlantic Ocean,Neuston net,0.00648,Low
16.03,-57.87,1986,10,Atlantic Ocean,Neuston net,0.0,Low
28.0462,-131.4639,2015,9,Pacific Ocean,Manta net,0.843368,High
25.35,-141.11,2010,10,Pacific Ocean,Neuston net,0.0,Low
44.1738,8.9859,2010,7,Atlantic Ocean,Neuston net,1.806665,High
29.67,-55.17,1992,10,Atlantic Ocean,Neuston net,0.028076,Low
32.84,-147.81,2012,4,Pacific Ocean,Neuston net,0.0,Low
41.72,-62.6,1994,7,Atlantic Ocean,Neuston net,0.0,Low
3.367,-110.85,2006,10,Pacific Ocean,Manta net,0.0,Low
16.73,-63.68,1992,11,Atlantic Ocean,Neuston net,0.0,Low
25.35,-141.11,2003,11,Pacific Ocean,Neuston net,0.0,Low
28.03,-77.98,2007,4,Atlantic Ocean,Neuston net,0.079912,Low
27.9528,-82.6416,2016,6,Atlantic Ocean,Van Dorn sampler,0.0,Low
20.91,-58.99,2000,11,Atlantic Ocean,Neuston net,0.00864,Low
20.67,-73.29,2000,5,Atlantic Ocean,Neuston net,0.0072,Low
17.94647,-76.75131,2017,11,Atlantic Ocean,Manta net,0.32,High
5.28,-146.64,2007,12,Pacific Ocean,Neuston net,0.0,Low
18.38,-75.45,1993,12,Atlantic Ocean,Neuston net,0.0,Low
21.15,-142.77,2005,12,Pacific Ocean,Neuston net,0.0,Low
28.42,-75.53,1998,2,Atlantic Ocean,Neuston net,0.0,Low
20.14,-148.94,2011,7,Pacific Ocean,Neuston net,0.0,Low
31.43,-67.13,1991,5,Atlantic Ocean,Neuston net,0.023684,Low
39.738333,-16.203333,2014,8,Atlantic Ocean,Manta net,0.176196,High
44.04,-61.96,1999,7,Atlantic Ocean,Neuston net,0.0,Low
44.415875,8.761267,2018,9,Atlantic Ocean,Manta net,0.171119,High
16.68,-83.53,1994,4,Atlantic Ocean,Neuston net,0.00432,Low
16.1,-61.9,1995,12,Atlantic Ocean,Neuston net,0.00216,Low
40.68,-128.9,2004,12,Pacific Ocean,Neuston net,2.611356,High
41.2018,-71.5603,2015,9,Atlantic Ocean,Grab sample,0.006,Low
38.18,1.581667,2013,10,Atlantic Ocean,Manta net,1.374084,High
33.26,-156.98,2003,8,Pacific Ocean,Neuston net,0.0144,Low
-26.0422,-119.432,2011,4,Pacific Ocean,Manta net,0.303663,High
19.43,-145.47,2012,7,Pacific Ocean,Neuston net,0.254948,High
16.5,-82.18,1993,3,Atlantic Ocean,Neuston net,0.0,Low
16.305,-61.7983,2016,6,Atlantic Ocean,Grab sample,0.018,Low
42.502667,-9.549333,2020,7,Atlantic Ocean,Manta net,0.03682,Low
20.21,-154.478,2019,1,Pacific Ocean,Manta net,5.476374,High
35.7185,-139.7649,2009,8,Pacific Ocean,Manta net,2.911,High
31.92,-64.41,2001,4,Atlantic Ocean,Neuston net,0.0,Low
33.38,-156.38,2008,12,Pacific Ocean,Neuston net,0.0,Low
17.41,-63.33,1996,12,Atlantic Ocean,Neuston net,0.019208,Low
12.77,-61.62,2003,12,Atlantic Ocean,Neuston net,0.013332,Low
22.11,-141.71,2009,2,Pacific Ocean,Neuston net,0.0,Low
25.1,-73.28,1997,5,Atlantic Ocean,Neuston net,0.01296,Low
34.56,-63.5,2001,10,Atlantic Ocean,Neuston net,0.052788,Low
39.12,-66.41,1989,6,Atlantic Ocean,Neuston net,0.0036,Low
36.896,15.2445,2021,6,Atlantic Ocean,Manta net,0.014728,Low
-24.1104,-33.9573,2010,8,Atlantic Ocean,Neuston net,0.484645,High
14.3452,-61.6716,2016,3,Atlantic Ocean,Grab sample,0.008,Low
30.17,-140.7383,2018,11,Pacific Ocean,Manta net,2.236627,High
27.61,-82.7832,2017,4,Atlantic Ocean,Van Dorn sampler,1000.0,High
42.17,-69.48,2006,7,Atlantic Ocean,Neuston net,0.0,Low
57.736333,-2.4315,2021,1,Atlantic Ocean,Neuston net,0.0,Low
16.28,-160.37,2012,3,Pacific Ocean,Neuston net,0.0,Low
27.84,-140.77,2006,12,Pacific Ocean,Neuston net,0.0024,Low
25.77,-77.15,1992,4,Atlantic Ocean,Neuston net,0.0,Low
36.02,-68.43,1995,6,Atlantic Ocean,Neuston net,0.01296,Low
39.93,-69.93,1998,10,Atlantic Ocean,Neuston net,0.0,Low
42.24,-63.23,2002,6,Atlantic Ocean,Neuston net,0.0,Low
51.774333,-141.4485,2019,3,Pacific Ocean,Neuston net,0.0,Low
9.55,-155.93,2012,11,Pacific Ocean,Neuston net,0.022564,Low
23.15,-144.69,2009,5,Pacific Ocean,Neuston net,0.0,Low
24.37,-147.78,2008,5,Pacific Ocean,Neuston net,0.892728,High
21.35,-110.61,2002,12,Pacific Ocean,Neuston net,0.0,Low
33.58,-66.13,1996,5,Atlantic Ocean,Neuston net,0.062636,Low
36.748733,-7.631667,2019,7,Atlantic Ocean,Manta net,0.132975,High
42.9,-64.04,1990,8,Atlantic Ocean,Neuston net,0.00216,Low
-27.01098,-83.49613,2015,10,Pacific Ocean,AVANI net,0.019015,Low
16.97,-62.68,1989,12,Atlantic Ocean,Neuston net,0.0,Low
29.37,-139.91,2008,7,Pacific Ocean,Neuston net,0.0,Low
24.5,-82.93,1998,1,Atlantic Ocean,Neuston net,0.0,Low
24.1,-82.88,2000,1,Atlantic Ocean,Neuston net,0.00432,Low
20.3411,-21.7833,2014,11,Atlantic Ocean,Grab sample,0.008,Low
40.35,-70.97,2007,8,Atlantic Ocean,Neuston net,0.00432,Low
39.753333,7.79,2011,9,Atlantic Ocean,Manta net,0.137465,High
60.5627,-145.743,2015,12,Pacific Ocean,Grab sample,0.012,Low
31.7684,-148.69475,2015,8,Pacific Ocean,Manta net,1.820322,High
16.58,-70.03,1994,12,Atlantic Ocean,Neuston net,0.00648,Low
24.02,-83.89,2002,3,Atlantic Ocean,Neuston net,0.0,Low
25.68,-57.85,1997,11,Atlantic Ocean,Neuston net,0.0072,Low
24.78,-71.63,1990,4,Atlantic Ocean,Neuston net,0.038876,Low
40.82,-68.98,1996,8,Atlantic Ocean,Neuston net,0.0,Low
42.39,-68.5,2003,6,Atlantic Ocean,Neuston net,0.00864,Low
19.95,-156.16,2004,4,Pacific Ocean,Neuston net,0.0,Low
38.42905,-9.14605,2019,2,Atlantic Ocean,Neuston net,0.517937,High
32.005,-159.0086,2009,9,Pacific Ocean,Neuston net,4.480892,High
-18.333633,2.062467,2020,3,Atlantic Ocean,Manta net,0.015583,Low
43.707433,4.620917,2018,8,Atlantic Ocean,Manta net,0.185185,High
43.4473,8.3581,2010,7,Atlantic Ocean,Neuston net,0.574977,High
27.8524,-82.4093,2017,7,Atlantic Ocean,Plankton net,4.9,High
28.96625,-140.07585,2015,8,Pacific Ocean,Manta net,1.549515,High
27.8589,-82.4686,2016,10,Atlantic Ocean,Van Dorn sampler,0.0,Low
26.86,-56.69,2000,10,Atlantic Ocean,Neuston net,0.067476,Low
56.936833,-6.542167,2022,1,Atlantic Ocean,Neuston net,0.016824,Low
55.953167,-2.277333,2018,1,Atlantic Ocean,Neuston net,0.047649,Low
36.278,25.2,2017,7,Atlantic Ocean,Manta net,0.742857,High
15.78,-74.1,1995,12,Atlantic Ocean,Neuston net,0.007856,Low
29.8048,-39.3083,2013,6,Atlantic Ocean,Neuston net,1.74051,High
38.44652,-9.04146,2018,11,Atlantic Ocean,Neuston net,0.063986,Low
31.906977,-14.029951,2015,11,Atlantic Ocean,Intake seawater pump,1.0,High
55.4295,-4.946167,2021,3,Atlantic Ocean,Neuston net,0.334232,High
28.6,-79.03,1997,2,Atlantic Ocean,Neuston net,0.0,Low
56.031,-2.434667,2020,1,Atlantic Ocean,Neuston net,0.116082,High
12.51,-61.52,1999,12,Atlantic Ocean,Neuston net,0.0,Low
30.14545,-133.79635,2015,8,Pacific Ocean,Manta net,3.964444,High
27.524033,-144.989817,2019,11,Pacific Ocean,Manta net,4.383277,High
29.999692,-137.7505,2015,8,Pacific Ocean,Manta net,3.444226,High
24.48,-73.72,1998,4,Atlantic Ocean,Neuston net,0.041036,Low
19.31,-59.94,2005,4,Atlantic Ocean,Neuston net,0.0216,Low
20.31,-72.45,2008,4,Atlantic Ocean,Neuston net,0.008376,Low
19.8,-143.03,2009,6,Pacific Ocean,Neuston net,0.0,Low
40.3,-70.18,1992,10,Atlantic Ocean,Neuston net,0.0,Low
22.99,-148.78,2012,5,Pacific Ocean,Neuston net,0.0,Low
16.75,-74.58,1991,3,Atlantic Ocean,Neuston net,0.00432,Low
12.95,-60.15,1995,11,Atlantic Ocean,Neuston net,0.0,Low
30.1401,-15.876,2015,9,Atlantic Ocean,Grab sample,0.0,Low
36.773149,2.820132,2018,1,Atlantic Ocean,Manta net,0.798811,High
-13.164437,1.844426,2015,11,Atlantic Ocean,Intake seawater pump,2.0,High
35.88,-58.98,1991,10,Atlantic Ocean,Neuston net,0.073436,Low
36.575833,-4.313533,2013,8,Atlantic Ocean,Manta net,0.974583,High
41.3031,9.2425,2014,10,Atlantic Ocean,Manta net,0.742726,High
32.40965,-148.92375,2015,8,Pacific Ocean,Manta net,1.674705,High
16.7131,-87.8549,2015,3,Atlantic Ocean,Grab sample,0.0,Low
22.93,-84.85,2001,3,Atlantic Ocean,Neuston net,0.00432,Low
35.41,-67.67,2000,10,Atlantic Ocean,Neuston net,0.037436,Low
42.91,-70.47,2004,9,Atlantic Ocean,Neuston net,0.025916,Low
80.56276,8.03511,2016,8,Arctic Ocean,CTD rosette sampler,63.0,High
25.94,-146.58,2012,10,Pacific Ocean,Neuston net,0.378224,High
-34.49927,14.63222,2017,7,Atlantic Ocean,Neuston net,0.011877,Low
24.83,-74.42,1990,4,Atlantic Ocean,Neuston net,0.0,Low
32.6,-77.15,1996,5,Atlantic Ocean,Neuston net,0.038876,Low
2.0,-92.0,2017,10,Pacific Ocean,Plankton net,0.52,High
26.05,-141.2,2005,2,Pacific Ocean,Neuston net,0.00216,Low
23.98,-81.55,1996,3,Atlantic Ocean,Neuston net,0.00432,Low
43.02,-60.77,2000,7,Atlantic Ocean,Neuston net,0.00288,Low
67.456083,13.457433,2019,8,Arctic Ocean,Manta net,0.022234,Low
33.42,-58.63,2005,10,Atlantic Ocean,Neuston net,0.034864,Low
-17.11,-140.77,2012,12,Pacific Ocean,Neuston net,0.003008,Low
18.48,-59.33,1994,11,Atlantic Ocean,Neuston net,0.0,Low
17.3148,-45.4998,2014,12,Atlantic Ocean,Grab sample,0.016,Low
30.33,-67.79,1992,5,Atlantic Ocean,Neuston net,0.092872,High
13.65,-62.47,1992,12,Atlantic Ocean,Neuston net,0.00864,Low
27.6934,-82.5559,2017,5,Atlantic Ocean,Van Dorn sampler,0.0,Low
31.72,-144.77,2004,12,Pacific Ocean,Neuston net,0.0,Low
25.1291,-80.3896,2015,3,Atlantic Ocean,Grab sample,0.003,Low
36.6123,-141.197,2009,8,Pacific Ocean,Manta net,3.992,High
25.5636,-136.3904,2014,5,Pacific Ocean,Grab sample,0.103,High
27.9185,-82.5379,2017,6,Atlantic Ocean,Van Dorn sampler,0.0,Low
3.88,-102.27,2006,10,Pacific Ocean,Manta net,0.007,Low
16.83,-81.52,1994,4,Atlantic Ocean,Neuston net,0.0,Low
17.3,-64.4,1992,11,Atlantic Ocean,Neuston net,0.00864,Low
25.78,-76.62,1992,4,Atlantic Ocean,Neuston net,0.0108,Low
22.68,-58.76,2008,11,Atlantic Ocean,Neuston net,0.00388,Low
17.55,-158.31,2012,3,Pacific Ocean,Neuston net,0.011996,Low
32.6775,34.920833,2014,7,Atlantic Ocean,Manta net,324.0,High
21.42,-142.07,2004,4,Pacific Ocean,Neuston net,0.0,Low
23.35,-144.31,2007,8,Pacific Ocean,Neuston net,0.0,Low
30.03,-145.4,2019,7,Pacific Ocean,Manta net,1.36212,High
31.01,-78.76,2001,5,Atlantic Ocean,Neuston net,0.0,Low
25.27,-68.75,1998,2,Atlantic Ocean,Neuston net,0.0,Low
41.0398,-156.2367,2011,11,Pacific Ocean,Neuston net,1.028671,High
18.97,-143.47,2004,10,Pacific Ocean,Neuston net,0.0108,Low
27.8524,-82.4093,2017,5,Atlantic Ocean,Van Dorn sampler,1000.0,High
23.35,-60.12,1996,11,Atlantic Ocean,Neuston net,0.602352,High
56.049333,-2.983167,2021,12,Atlantic Ocean,Neuston net,0.007729,Low
14.53,-63.27,1991,12,Atlantic Ocean,Neuston net,0.0,Low
19.87,-59.71,1999,11,Atlantic Ocean,Neuston net,0.0,Low
16.731,-34.8859,2014,11,Atlantic Ocean,Grab sample,0.02,Low
25.68,-57.85,1997,11,Atlantic Ocean,Neuston net,0.25054,High
23.65,-149.74,2008,4,Pacific Ocean,Neuston net,0.0,Low
29.16,-78.63,2003,5,Atlantic Ocean,Neuston net,0.0,Low
20.67,-70.06,2007,3,Atlantic Ocean,Neuston net,0.0072,Low
43.2,-69.34,2006,9,Atlantic Ocean,Neuston net,0.0,Low
42.377821,3.158952,2021,3,Atlantic Ocean,Manta net,0.158,High
19.95,-156.16,2011,11,Pacific Ocean,Neuston net,0.0,Low
41.6,-56.83,1992,7,Atlantic Ocean,Neuston net,0.001964,Low
6.42,-148.97,2009,4,Pacific Ocean,Neuston net,0.0,Low
14.4436,-58.4658,2014,12,Atlantic Ocean,Grab sample,0.019,Low
30.73,-61.47,1996,10,Atlantic Ocean,Neuston net,0.025916,Low
30.997658,-137.898,2015,8,Pacific Ocean,Manta net,3.315935,High
20.29,-57.26,2002,11,Atlantic Ocean,Neuston net,0.00216,Low
39.8933,-76.5354,2016,10,Atlantic Ocean,Grab sample,0.003,Low
40.38,-157.49,2003,7,Pacific Ocean,Neuston net,0.172552,High
16.97,-58.55,2007,10,Atlantic Ocean,Neuston net,0.003092,Low
15.6716,-48.4532,2014,12,Atlantic Ocean,Grab sample,0.005,Low
16.588833,-24.488667,2019,4,Atlantic Ocean,Manta net,0.014859,Low
-31.9295,-6.989,2010,11,Atlantic Ocean,Neuston net,0.208787,High
19.96,-146.64,2012,7,Pacific Ocean,Neuston net,0.398492,High
24.53,-83.46,2003,2,Atlantic Ocean,Neuston net,0.00958,Low
24.25,-74.48,1997,5,Atlantic Ocean,Neuston net,0.0216,Low
32.005742,-138.792,2015,8,Pacific Ocean,Manta net,6.000392,High
39.753333,-13.928333,2014,8,Atlantic Ocean,Manta net,0.394657,High
24.73,-139.58,2005,7,Pacific Ocean,Neuston net,0.0,Low
28.0106,-82.6078,2016,8,Atlantic Ocean,Van Dorn sampler,2000.0,High
35.17,-64.68,1995,5,Atlantic Ocean,Neuston net,0.12316,High
20.35,-154.67,2012,10,Pacific Ocean,Neuston net,1.1026,High
16.53,-79.06,1987,12,Atlantic Ocean,Neuston net,0.00216,Low
18.53,-80.8,2004,4,Atlantic Ocean,Neuston net,0.0,Low
16.2,-65.93,2007,11,Atlantic Ocean,Neuston net,0.0,Low
23.59,-65.74,2001,5,Atlantic Ocean,Neuston net,0.049368,Low
57.0428,-135.325,2015,1,Pacific Ocean,Grab sample,0.002,Low
2.83,-128.61,2002,12,Pacific Ocean,Neuston net,0.0,Low
27.6081,-82.5712,2016,9,Atlantic Ocean,Van Dorn sampler,0.0,Low
25.6,-77.13,1993,5,Atlantic Ocean,Neuston net,0.00216,Low
40.48,-69.35,1997,7,Atlantic Ocean,Neuston net,0.032396,Low
39.67,-70.42,1993,10,Atlantic Ocean,Neuston net,0.0,Low
41.555833,-8.880167,2015,9,Atlantic Ocean,Manta net,0.007725,Low
40.58,-157.79,2008,6,Pacific Ocean,Neuston net,0.043748,Low
18.78,-77.71,2000,12,Atlantic Ocean,Neuston net,0.053996,Low
27.0671,-144.2697,2014,9,Pacific Ocean,Grab sample,0.017,Low
21.0,-72.92,1993,2,Atlantic Ocean,Neuston net,0.0,Low
25.55,-74.22,1992,5,Atlantic Ocean,Neuston net,0.0216,Low
38.1171,15.5872,2014,7,Atlantic Ocean,Manta net,0.970529,High
-29.8994,-97.9295,2011,4,Pacific Ocean,Neuston net,0.666079,High
41.39,-70.92,2003,6,Atlantic Ocean,Neuston net,0.0054,Low
39.6665,18.366333,2013,5,Atlantic Ocean,Neuston net,0.815927,High
57.054333,-6.4475,2016,1,Atlantic Ocean,Neuston net,0.011824,Low
20.22,-70.42,1992,2,Atlantic Ocean,Neuston net,0.0096,Low
43.032833,6.193,2016,10,Atlantic Ocean,Manta net,1.341711,High
-27.05727,-109.32259,2015,10,Pacific Ocean,Neuston net,0.04602,Low
5.79,-147.72,2004,5,Pacific Ocean,Neuston net,0.0,Low
17.52,-78.16,2003,12,Atlantic Ocean,Neuston net,0.0072,Low
12.2,-67.43,1996,12,Atlantic Ocean,Neuston net,0.0,Low
12.08,-62.0,1993,12,Atlantic Ocean,Neuston net,0.0,Low
21.42,-142.07,2011,3,Pacific Ocean,Neuston net,0.0,Low
31.51,-70.29,2005,4,Atlantic Ocean,Neuston net,0.01512,Low
10.69,-65.44,2000,12,Atlantic Ocean,Neuston net,0.0,Low
26.2,-78.47,1993,3,Atlantic Ocean,Neuston net,0.00864,Low
20.59,-72.0,2000,5,Atlantic Ocean,Neuston net,0.030236,Low
9.55,-146.63,2003,4,Pacific Ocean,Neuston net,0.0,Low
28.41,-140.21,2008,7,Pacific Ocean,Neuston net,0.0,Low
31.06,-143.46,2009,10,Pacific Ocean,Neuston net,0.00216,Low
49.625417,-142.804583,2019,3,Pacific Ocean,Neuston net,0.0,Low
14.55,-59.0,2014,12,Atlantic Ocean,Grab sample,0.017,Low
29.983,-144.933,1973,2,Pacific Ocean,Neuston net,0.001,Low
24.18,-81.8,2001,3,Atlantic Ocean,Neuston net,0.00216,Low
36.44,-75.5,2008,5,Atlantic Ocean,Neuston net,0.0,Low
37.83,-63.73,1989,10,Atlantic Ocean,Neuston net,0.043196,Low
41.575135,2.553135,2021,1,Atlantic Ocean,Manta net,0.371333,High
58.967167,-3.523167,2014,1,Atlantic Ocean,Neuston net,0.021416,Low
16.3,-78.8,1998,12,Atlantic Ocean,Neuston net,0.0,Low
14.17,-66.37,1994,12,Atlantic Ocean,Neuston net,0.005184,Low
20.15,-59.66,1998,11,Atlantic Ocean,Neuston net,0.00432,Low
35.9828,-139.7593,2009,8,Pacific Ocean,Manta net,4.703,High
43.26,-66.17,1992,5,Atlantic Ocean,Neuston net,0.0,Low
42.43,-70.43,2002,7,Atlantic Ocean,Neuston net,0.0,Low
57.777833,-2.864,2019,1,Atlantic Ocean,Neuston net,0.007937,Low
20.14,-148.94,2003,11,Pacific Ocean,Neuston net,0.00432,Low
23.16,-71.29,2006,2,Atlantic Ocean,Neuston net,0.064796,Low
11.44,-156.82,2005,3,Pacific Ocean,Neuston net,0.00432,Low
38.641,-142.2665,2007,9,Pacific Ocean,Neuston net,0.276349,High
35.4,-65.87,1994,5,Atlantic Ocean,Neuston net,0.064796,Low
36.429167,-4.747,2014,6,Atlantic Ocean,Manta net,0.267825,High
44.2,-64.07,2001,8,Atlantic Ocean,Neuston net,0.0,Low
16.2418,-48.6233,2014,11,Atlantic Ocean,Grab sample,0.037,Low
41.373055,2.191604,2020,11,Atlantic Ocean,Manta net,0.195333,High
23.5707,-164.4812,2008,1,Pacific Ocean,Neuston net,0.013241,Low
43.253077,5.361748,2018,10,Atlantic Ocean,Manta net,0.078947,Low
36.4484,-150.7282,2015,8,Pacific Ocean,Manta net,4.08012,High
30.93,-73.48,2000,4,Atlantic Ocean,Neuston net,0.0,Low
42.53,-70.51,2007,8,Atlantic Ocean,Neuston net,0.0,Low
58.416333,-5.322667,2018,1,Atlantic Ocean,Neuston net,0.0,Low
27.33,-142.18,2008,12,Pacific Ocean,Neuston net,0.003324,Low
24.2567,-20.63,2014,11,Atlantic Ocean,Grab sample,0.006,Low
33.663333,-141.171667,2019,12,Pacific Ocean,Manta net,3.692509,High
13.98,-158.97,2002,4,Pacific Ocean,Neuston net,0.01944,Low
15.35,-72.53,1995,12,Atlantic Ocean,Neuston net,0.020736,Low
13.27,-61.72,2002,12,Atlantic Ocean,Neuston net,0.0,Low
31.00334,-143.2895,2015,8,Pacific Ocean,Manta net,5.982011,High
23.43,-157.12,2003,7,Pacific Ocean,Neuston net,0.002096,Low
20.3828,-86.8746,2014,2,Atlantic Ocean,Grab sample,0.0,Low
28.9,-69.57,1992,5,Atlantic Ocean,Neuston net,0.0,Low
31.68,-64.67,1991,5,Atlantic Ocean,Neuston net,0.02,Low
57.047,-2.026833,2018,1,Atlantic Ocean,Neuston net,0.010299,Low
19.62,-146.5,2008,5,Pacific Ocean,Neuston net,0.00216,Low
14.94,-65.03,2000,12,Atlantic Ocean,Neuston net,0.0,Low
19.57,-59.48,1992,11,Atlantic Ocean,Neuston net,0.0,Low
30.017,-145.033,1973,2,Pacific Ocean,Neuston net,0.0,Low
24.91,-74.4,1990,4,Atlantic Ocean,Neuston net,0.0,Low
33.06,-148.13,2009,4,Pacific Ocean,Neuston net,0.0,Low
31.796333,-143.933667,2019,12,Pacific Ocean,Manta net,15.049329,High
-14.7732,-38.9879,2015,7,Atlantic Ocean,Grab sample,0.0,Low
18.27,-64.47,1997,12,Atlantic Ocean,Neuston net,0.00216,Low
26.6839,-77.173,2015,3,Atlantic Ocean,Grab sample,0.019,Low
25.58,-75.0,1991,4,Atlantic Ocean,Neuston net,0.029696,Low
33.08,-147.02,2008,3,Pacific Ocean,Neuston net,0.0,Low
41.63,-63.53,1996,7,Atlantic Ocean,Neuston net,0.00432,Low
40.666667,2.538333,2014,8,Atlantic Ocean,Manta net,0.466447,High
43.14,-69.57,1997,7,Atlantic Ocean,Neuston net,0.0,Low
3.48,-143.62,2012,4,Pacific Ocean,Neuston net,0.0,Low
15.4,-59.36,2005,11,Atlantic Ocean,Neuston net,0.0,Low
20.79,-60.83,2001,4,Atlantic Ocean,Neuston net,0.0,Low
36.5084,-145.0356,2007,9,Pacific Ocean,Neuston net,1.611358,High
36.716517,2.788723,2018,1,Atlantic Ocean,Manta net,0.918063,High
56.138,-4.895167,2018,10,Atlantic Ocean,Neuston net,0.099189,High
88.3172,-125.31,2016,8,Arctic Ocean,Intake seawater pump,0.4,High
18.78,-77.82,2002,4,Atlantic Ocean,Neuston net,0.01296,Low
19.7333,-43.1167,2014,12,Atlantic Ocean,Grab sample,0.005,Low
21.42,-142.07,2012,2,Pacific Ocean,Neuston net,0.0,Low
30.6528,-140.6128,2010,10,Pacific Ocean,Manta net,2.471,High
27.8589,-82.4686,2017,5,Atlantic Ocean,Van Dorn sampler,0.0,Low
39.94,-71.2,2008,9,Atlantic Ocean,Neuston net,0.0,Low
54.690667,-4.212167,2021,9,Atlantic Ocean,Neuston net,0.0,Low
20.18,-69.92,1992,12,Atlantic Ocean,Neuston net,0.0,Low
38.51,-72.17,2000,10,Atlantic Ocean,Neuston net,0.0,Low
16.87,-77.07,2000,12,Atlantic Ocean,Neuston net,0.0,Low
17.28,-79.45,1992,3,Atlantic Ocean,Neuston net,0.00508,Low
17.25,-80.3,1996,2,Atlantic Ocean,Neuston net,0.0,Low
12.98,-61.5,1999,12,Atlantic Ocean,Neuston net,0.01296,Low
30.000033,-137.3055,2015,8,Pacific Ocean,Manta net,3.184928,High
-16.61,-149.32,2003,3,Pacific Ocean,Neuston net,0.00432,Low
-17.5095,-149.655667,2016,6,Pacific Ocean,Manta net,0.064316,Low
36.31,-64.8,2007,10,Atlantic Ocean,Neuston net,0.034888,Low
40.92,-70.63,2006,6,Atlantic Ocean,Neuston net,0.047516,Low
38.504,1.319167,2018,6,Atlantic Ocean,Manta net,0.197876,High
56.303833,-2.5265,2018,1,Atlantic Ocean,Neuston net,0.094325,High
19.51,-144.23,2009,6,Pacific Ocean,Neuston net,0.0,Low
17.33,-77.64,2000,3,Atlantic Ocean,Neuston net,0.00216,Low
18.97,-85.53,2001,3,Atlantic Ocean,Neuston net,0.009,Low
15.8,-65.3,1989,12,Atlantic Ocean,Neuston net,0.0,Low
26.34,-79.09,2006,3,Atlantic Ocean,Neuston net,0.0072,Low
39.9,-157.2,2008,6,Pacific Ocean,Neuston net,0.0,Low
25.1705,-32.33525,2019,5,Atlantic Ocean,Manta net,0.848419,High
35.7633,-138.5103,2008,2,Pacific Ocean,Neuston net,3.379847,High
40.71,-70.08,2007,7,Atlantic Ocean,Neuston net,0.00432,Low
-20.1871,-70.1806,2015,12,Pacific Ocean,Grab sample,0.0,Low
27.729,-82.4987,2016,6,Atlantic Ocean,Van Dorn sampler,2000.0,High
26.67,-59.82,1998,10,Atlantic Ocean,Neuston net,0.26134,High
34.0573,-141.3898,2009,8,Pacific Ocean,Manta net,0.476,High
32.55,-62.74,1996,10,Atlantic Ocean,Neuston net,0.0144,Low
34.12,-65.28,1997,10,Atlantic Ocean,Neuston net,0.038876,Low
46.4553,-63.2936,2015,6,Atlantic Ocean,Grab sample,0.002,Low
1.09,-126.58,2002,12,Pacific Ocean,Neuston net,0.0,Low
29.00774,-137.451,2015,7,Pacific Ocean,Manta net,0.918348,High
24.57,-80.62,1996,5,Atlantic Ocean,Neuston net,0.00432,Low
43.5275,6.9827,2013,7,Atlantic Ocean,Manta net,0.55322,High
57.630167,-1.7055,2016,1,Atlantic Ocean,Neuston net,0.027538,Low
16.5,-76.25,1997,12,Atlantic Ocean,Neuston net,0.0,Low
27.9687,-82.5621,2016,8,Atlantic Ocean,Van Dorn sampler,0.0,Low
31.82,-79.12,1996,5,Atlantic Ocean,Neuston net,0.0,Low
39.005,0.77834,2014,10,Atlantic Ocean,Manta net,1.859711,High
56.5275,-5.8305,2022,1,Atlantic Ocean,Neuston net,0.0,Low
33.56,-152.27,2011,12,Pacific Ocean,Neuston net,0.0,Low
12.9,-70.12,1996,12,Atlantic Ocean,Neuston net,0.0,Low
18.64,-64.56,2003,12,Atlantic Ocean,Neuston net,0.00216,Low
18.3031,-64.2331,2016,1,Atlantic Ocean,Grab sample,0.0,Low
15.51,-60.35,1996,11,Atlantic Ocean,Neuston net,0.0,Low
15.07,-58.31,2007,10,Atlantic Ocean,Neuston net,0.0,Low
18.46,-157.58,2009,3,Pacific Ocean,Neuston net,0.0108,Low
36.7,-65.03,1999,10,Atlantic Ocean,Neuston net,0.01296,Low
41.16,-70.98,1997,7,Atlantic Ocean,Neuston net,0.00648,Low
41.6,-66.48,1989,7,Atlantic Ocean,Neuston net,0.01728,Low
38.071667,-26.491667,2013,10,Atlantic Ocean,Manta net,0.469528,High
54.05,-135.29,2002,7,Pacific Ocean,Neuston net,0.0,Low
-1.0,-86.0,2017,10,Pacific Ocean,Plankton net,0.6,High
19.85,-78.88,2003,3,Atlantic Ocean,Neuston net,0.01512,Low
10.89,-65.43,1999,12,Atlantic Ocean,Neuston net,0.0048,Low
16.74,-62.3,2007,4,Atlantic Ocean,Neuston net,0.0,Low
15.68,-62.83,1991,2,Atlantic Ocean,Neuston net,0.00216,Low
19.85,-60.53,2000,4,Atlantic Ocean,Neuston net,0.045356,Low
32.4129,-119.961,2009,8,Pacific Ocean,Manta net,0.097,High
40.62,-71.52,1993,10,Atlantic Ocean,Neuston net,0.0,Low
40.38,-157.49,2009,8,Pacific Ocean,Neuston net,0.44862,High
24.52,-148.47,2012,6,Pacific Ocean,Neuston net,0.012792,Low
29.98,-140.0,2004,12,Pacific Ocean,Neuston net,0.0,Low
26.27,-79.03,1994,3,Atlantic Ocean,Neuston net,0.0,Low
26.17,-79.31,2008,3,Atlantic Ocean,Neuston net,0.00432,Low
24.44,-82.89,2001,1,Atlantic Ocean,Neuston net,0.0096,Low
33.38,-64.03,1994,10,Atlantic Ocean,Neuston net,0.00216,Low
40.95,-70.63,1992,10,Atlantic Ocean,Neuston net,0.0,Low
35.171667,-9.4025,2018,11,Atlantic Ocean,Manta net,0.004919,Low
80.56276,8.03511,2016,8,Arctic Ocean,CTD rosette sampler,167.0,High
22.99,-148.78,2004,10,Pacific Ocean,Neuston net,0.0,Low
24.67,-75.56,1999,2,Atlantic Ocean,Neuston net,0.069188,Low
21.4,-59.45,2001,10,Atlantic Ocean,Neuston net,0.00864,Low
26.74,-64.47,2005,5,Atlantic Ocean,Neuston net,0.103672,High
31.62,-144.34,2019,7,Pacific Ocean,Manta net,8.049147,High
34.967,-128.983,1972,11,Pacific Ocean,Neuston net,0.003,Low
33.3579,-133.4494,2018,10,Pacific Ocean,Manta net,9.238534,High
16.67,-80.97,1998,4,Atlantic Ocean,Neuston net,0.0,Low
10.75,-65.8,1991,12,Atlantic Ocean,Neuston net,0.00216,Low
17.38,-66.73,2006,12,Atlantic Ocean,Neuston net,0.0024,Low
16.07,-63.2,1995,12,Atlantic Ocean,Neuston net,0.0,Low
28.04,-140.48,2011,10,Pacific Ocean,Neuston net,0.0,Low
42.1665,16.166667,2013,5,Atlantic Ocean,Neuston net,2.964015,High
58.0805,-6.171667,2020,1,Atlantic Ocean,Neuston net,0.0,Low
59.609,-151.349,2014,5,Pacific Ocean,Grab sample,0.0,Low
23.2,-74.45,1994,2,Atlantic Ocean,Neuston net,0.0,Low
30.4502,-64.2169,2015,5,Atlantic Ocean,Grab sample,0.021,Low
20.3743,-26.7,2014,11,Atlantic Ocean,Grab sample,0.011,Low
38.08,-68.59,2000,10,Atlantic Ocean,Neuston net,0.010796,Low
34.68,-61.33,2002,10,Atlantic Ocean,Neuston net,0.017672,Low
-25.8243,-10.2767,2011,1,Atlantic Ocean,Neuston net,5.623906,High
17.47,-70.87,1997,3,Atlantic Ocean,Neuston net,0.0,Low
18.08,-67.48,1997,3,Atlantic Ocean,Neuston net,0.016196,Low
8.38,-151.97,2008,11,Pacific Ocean,Neuston net,0.003456,Low
31.96,-65.11,2001,5,Atlantic Ocean,Neuston net,0.028076,Low
35.92,-59.23,2005,10,Atlantic Ocean,Neuston net,0.0364,Low
45.6604,-123.9305,2014,12,Pacific Ocean,Grab sample,0.0,Low
55.475,-4.751,2014,11,Atlantic Ocean,Neuston net,0.0,Low
19.18,-68.49,2006,12,Atlantic Ocean,Neuston net,0.01512,Low
15.83,-60.37,1995,11,Atlantic Ocean,Neuston net,0.0054,Low
28.72,-140.03,2003,10,Pacific Ocean,Neuston net,0.0,Low
33.000318,-135.284,2015,8,Pacific Ocean,Manta net,2.307641,High
16.88,-159.15,2007,12,Pacific Ocean,Neuston net,0.0,Low
41.89,-69.17,2000,8,Atlantic Ocean,Neuston net,0.00432,Low
41.91,-69.5,1991,7,Atlantic Ocean,Neuston net,0.00216,Low
58.026167,-5.617167,2020,1,Atlantic Ocean,Neuston net,0.036716,Low
73.196817,-0.64925,2018,6,Arctic Ocean,Manta net,0.026251,Low
12.52,-156.96,2010,7,Pacific Ocean,Neuston net,0.0072,Low
55.620167,-4.819,2014,11,Atlantic Ocean,Neuston net,0.0,Low
-21.88205,-40.857183,2018,8,Atlantic Ocean,Manta net,0.061073,Low
18.58,-83.39,2007,12,Atlantic Ocean,Neuston net,0.004704,Low
15.045,-51.3683,2014,12,Atlantic Ocean,Grab sample,0.021,Low
24.59,-143.47,2008,12,Pacific Ocean,Neuston net,0.041396,Low
26.21,-144.53,2008,10,Pacific Ocean,Neuston net,0.060476,Low
24.32,-109.8,2002,11,Pacific Ocean,Neuston net,0.0,Low
32.422,-119.9844,2009,8,Pacific Ocean,Manta net,0.115,High
34.43,-65.55,1996,10,Atlantic Ocean,Neuston net,0.2743,High
40.67,-71.23,1993,10,Atlantic Ocean,Neuston net,0.0108,Low
36.9,-63.38,1989,10,Atlantic Ocean,Neuston net,0.084232,High
25.7248,-149.7316,2014,9,Pacific Ocean,Grab sample,0.011,Low
24.79,-76.07,1992,4,Atlantic Ocean,Neuston net,0.00432,Low
29.09,-61.55,2002,5,Atlantic Ocean,Neuston net,0.00216,Low
31.17,-66.78,1999,4,Atlantic Ocean,Neuston net,0.097192,High
18.63,-59.64,2001,10,Atlantic Ocean,Neuston net,0.0108,Low
30.01,-76.53,2008,4,Atlantic Ocean,Neuston net,0.0,Low
31.535,-64.2677,2010,1,Atlantic Ocean,Neuston net,0.514732,High
11.09,-156.77,2008,11,Pacific Ocean,Neuston net,0.043196,Low
3.48,-143.62,2004,5,Pacific Ocean,Neuston net,0.017284,Low
19.96,-146.64,2005,3,Pacific Ocean,Neuston net,0.00216,Low
10.98,-63.17,1996,12,Atlantic Ocean,Neuston net,0.0,Low
15.2,-63.7,1991,11,Atlantic Ocean,Neuston net,0.00432,Low
13.45,-61.73,1993,12,Atlantic Ocean,Neuston net,0.0,Low
25.95,-77.27,1997,5,Atlantic Ocean,Neuston net,0.0,Low
33.09,-156.27,2003,12,Pacific Ocean,Neuston net,0.0,Low
27.9418,-82.4585,2016,6,Atlantic Ocean,Van Dorn sampler,0.0,Low
41.016205,-147.426105,2015,8,Pacific Ocean,Manta net,0.3235,High
38.52,-65.8,1995,5,Atlantic Ocean,Neuston net,0.017548,Low
6.84,-149.44,2007,5,Pacific Ocean,Neuston net,0.0,Low
23.52,-141.63,2004,4,Pacific Ocean,Neuston net,0.0,Low
28.54,-140.09,2012,10,Pacific Ocean,Neuston net,0.081536,High
25.71,-75.96,1993,5,Atlantic Ocean,Neuston net,0.01512,Low
25.89,-77.83,1995,3,Atlantic Ocean,Neuston net,0.00648,Low
32.8994,-140.2976,2009,8,Pacific Ocean,Manta net,1.314,High
40.91,-70.25,2001,6,Atlantic Ocean,Neuston net,0.0,Low
39.1,-64.55,1992,5,Atlantic Ocean,Neuston net,0.00648,Low
32.35,-155.1,2005,4,Pacific Ocean,Neuston net,0.0,Low
43.675083,10.149633,2019,6,Atlantic Ocean,Manta net,0.270538,High
2.19,-135.73,2009,8,Pacific Ocean,Neuston net,0.0,Low
19.43,-64.95,2007,5,Atlantic Ocean,Neuston net,0.0,Low
23.47,-73.92,1993,2,Atlantic Ocean,Neuston net,0.00864,Low
28.34,-69.21,2000,4,Atlantic Ocean,Neuston net,0.069116,Low
38.7963,20.4245,2014,7,Atlantic Ocean,Manta net,3.014027,High
46.4322,-63.3183,2015,6,Atlantic Ocean,Grab sample,0.002,Low
15.4,-56.4333,2014,12,Atlantic Ocean,Grab sample,0.012,Low
43.077833,5.980667,2015,10,Atlantic Ocean,Manta net,0.065303,Low
36.387908,-153.6577,2015,8,Pacific Ocean,Manta net,5.317466,High
-27.10722,-109.22171,2015,10,Pacific Ocean,Neuston net,0.05625,Low
18.25,-78.69,2000,12,Atlantic Ocean,Neuston net,0.00432,Low
38.38,-72.59,2006,6,Atlantic Ocean,Neuston net,0.0,Low
42.27,-69.73,2003,7,Atlantic Ocean,Neuston net,0.088552,High
42.16,-65.95,1989,8,Atlantic Ocean,Neuston net,0.079912,Low
20.61,-155.0,2012,10,Pacific Ocean,Neuston net,2.653828,High
32.76,-150.21,2011,12,Pacific Ocean,Neuston net,0.0,Low
-25.9512,-120.4278,2011,4,Pacific Ocean,Neuston net,0.08233,High
6.97,-85.93,2001,11,Pacific Ocean,Neuston net,0.00216,Low
12.17,-78.15,1992,3,Atlantic Ocean,Neuston net,0.0,Low
27.0786,-131.5791,2014,7,Pacific Ocean,Grab sample,0.013,Low
24.73,-139.58,2007,2,Pacific Ocean,Neuston net,0.0,Low
28.04,-140.48,2010,10,Pacific Ocean,Neuston net,0.0,Low
32.066667,-152.482917,2015,8,Pacific Ocean,Manta net,0.424833,High
42.36,-61.88,1995,7,Atlantic Ocean,Neuston net,0.00216,Low
44.65,-59.35,1996,7,Atlantic Ocean,Neuston net,0.0108,Low
42.35,-70.39,2002,7,Atlantic Ocean,Neuston net,0.0,Low
57.837167,-2.691333,2019,1,Atlantic Ocean,Neuston net,0.0,Low
0.59,-155.1,2012,12,Pacific Ocean,Neuston net,0.005412,Low
20.57,-154.86,2003,11,Pacific Ocean,Neuston net,0.0,Low
30.52,-75.7,2003,5,Atlantic Ocean,Neuston net,0.06126,Low
24.9,-79.67,1992,1,Atlantic Ocean,Neuston net,0.0,Low
21.87,-69.53,1990,4,Atlantic Ocean,Neuston net,0.00648,Low
38.2,-68.85,1995,10,Atlantic Ocean,Neuston net,0.010796,Low
40.32,-69.42,1998,8,Atlantic Ocean,Neuston net,0.0,Low
38.805,10.258,2013,6,Atlantic Ocean,Neuston net,2.054082,High
27.8524,-82.4093,2016,10,Atlantic Ocean,Van Dorn sampler,0.0,Low
17.37,-65.1,2000,12,Atlantic Ocean,Neuston net,0.0054,Low
15.1767,-53.2772,2014,12,Atlantic Ocean,Grab sample,0.005,Low
25.68,-143.09,2007,8,Pacific Ocean,Neuston net,0.0,Low
30.998768,-142.365,2015,8,Pacific Ocean,Manta net,3.394001,High
6.84,-149.44,2005,10,Pacific Ocean,Neuston net,0.0,Low
41.2838,-154.2545,2011,11,Pacific Ocean,Neuston net,2.578952,High
20.5448,-86.8805,2014,2,Atlantic Ocean,Grab sample,0.002,Low
22.98,-58.13,1991,10,Atlantic Ocean,Neuston net,0.00864,Low
31.61,-67.18,1999,4,Atlantic Ocean,Neuston net,0.24298,High
40.34,-70.84,2006,10,Atlantic Ocean,Neuston net,0.00948,Low
37.033,11.8219,2014,8,Atlantic Ocean,Manta net,0.649689,High
-23.1695,-132.9715,2016,5,Pacific Ocean,Manta net,0.007359,Low
-29.3441,-99.7966,2011,4,Pacific Ocean,Manta net,0.363335,High
-12.7582,-38.6358,2015,5,Atlantic Ocean,Grab sample,0.003,Low
47.907658,-9.041244,2020,11,Atlantic Ocean,Manta net,0.0,Low
60.6345,-0.6095,2021,1,Atlantic Ocean,Neuston net,0.056059,Low
20.57,-154.86,2011,11,Pacific Ocean,Neuston net,0.0108,Low
56.026833,-3.282,2018,12,Atlantic Ocean,Neuston net,0.029075,Low
16.0667,-52.3833,2015,2,Atlantic Ocean,Grab sample,0.062,Low
23.6,-83.7,2001,3,Atlantic Ocean,Neuston net,0.031196,Low
33.481667,-143.121667,2019,12,Pacific Ocean,Manta net,3.187498,High
38.77,-69.1,1992,6,Atlantic Ocean,Neuston net,0.056156,Low
40.910469,0.833376,2021,4,Atlantic Ocean,Manta net,18.319333,High
18.48,-64.25,1993,12,Atlantic Ocean,Neuston net,0.0,Low
26.14,-143.12,2009,11,Pacific Ocean,Neuston net,0.0,Low
26.28,-74.82,1991,4,Atlantic Ocean,Neuston net,0.02638,Low
24.5459,-81.4125,2015,6,Atlantic Ocean,Grab sample,0.001,Low
23.65,-75.72,1996,3,Atlantic Ocean,Neuston net,0.101512,High
22.22,-67.83,1998,2,Atlantic Ocean,Neuston net,0.00432,Low
20.55,-69.09,2007,2,Atlantic Ocean,Neuston net,0.0072,Low
28.11,-71.53,2000,6,Atlantic Ocean,Neuston net,0.226824,High
41.18,-68.37,1991,6,Atlantic Ocean,Neuston net,0.009388,Low
43.2475,5.2803,2018,10,Atlantic Ocean,Manta net,0.112094,High
12.52,-156.96,2011,7,Pacific Ocean,Neuston net,0.0072,Low
16.88,-159.15,2006,2,Pacific Ocean,Neuston net,0.0,Low
33.72,-65.38,1994,5,Atlantic Ocean,Neuston net,0.045004,Low
35.228333,-7.22,2014,7,Atlantic Ocean,Manta net,0.503652,High
44.18,-61.41,2005,7,Atlantic Ocean,Neuston net,0.0,Low
44.96,-61.25,2001,8,Atlantic Ocean,Neuston net,0.0,Low
84.40488,17.45691,2016,9,Arctic Ocean,CTD rosette sampler,21.0,High
15.25,-157.55,2004,12,Pacific Ocean,Neuston net,0.0,Low
15.25,-157.55,2012,7,Pacific Ocean,Neuston net,0.0,Low
36.569333,-22.954333,2019,7,Atlantic Ocean,Manta net,0.244066,High
17.948306,-76.83425,2017,9,Atlantic Ocean,Manta net,3.01,High
43.145167,-129.186833,2019,12,Pacific Ocean,Manta net,0.044413,Low
55.345667,-4.883333,2019,11,Atlantic Ocean,Neuston net,0.0,Low
14.1,-60.78,1993,11,Atlantic Ocean,Neuston net,0.0,Low
41.379079,2.194423,2021,4,Atlantic Ocean,Manta net,0.635333,High
88.6113,-121.77868,2016,8,Arctic Ocean,CTD rosette sampler,21.0,High
31.58,-64.77,1994,10,Atlantic Ocean,Neuston net,0.0,Low
34.913333,-27.57,2013,9,Atlantic Ocean,Manta net,0.824934,High
18.3596,-64.8114,2016,5,Atlantic Ocean,Grab sample,0.0,Low
26.17,-78.08,1999,4,Atlantic Ocean,Neuston net,0.00216,Low
16.71,-80.47,2000,3,Atlantic Ocean,Neuston net,0.00648,Low
57.3195,-1.703167,2018,1,Atlantic Ocean,Neuston net,0.005113,Low
32.78,-142.17,2019,8,Pacific Ocean,Manta net,4.697453,High
32.1014,-135.4803,2009,8,Pacific Ocean,Manta net,3.907,High
5.79,-147.72,2012,4,Pacific Ocean,Neuston net,0.0,Low
27.778,-82.5203,2017,5,Atlantic Ocean,Van Dorn sampler,0.0,Low
33.525,-151.11665,2015,8,Pacific Ocean,Manta net,0.953208,High
28.8011,-143.0573,2010,10,Pacific Ocean,Manta net,0.064,Low
18.83,-75.97,1998,12,Atlantic Ocean,Neuston net,0.0,Low
29.43,-63.68,1995,10,Atlantic Ocean,Neuston net,0.025916,Low
33.26,-156.98,2010,7,Pacific Ocean,Neuston net,0.0,Low
33.9484,-130.8887,2018,10,Pacific Ocean,Manta net,0.558433,High
36.1594,-157.5585,2008,2,Pacific Ocean,Neuston net,0.223863,High
18.57,-76.82,2003,2,Atlantic Ocean,Neuston net,0.01512,Low
31.06,-143.46,2003,10,Pacific Ocean,Neuston net,0.0,Low
33.00406,-134.7215,2015,8,Pacific Ocean,Manta net,5.728249,High
32.35,-64.5,1997,10,Atlantic Ocean,Neuston net,0.11876,High
56.194,-4.763833,2018,10,Atlantic Ocean,Neuston net,0.287517,High
14.3367,-57.6733,2014,12,Atlantic Ocean,Grab sample,0.007,Low
22.76,-141.69,2007,10,Pacific Ocean,Neuston net,0.0,Low
41.397303,2.21315,2020,10,Atlantic Ocean,Manta net,0.453333,High
27.38,-70.87,1995,5,Atlantic Ocean,Neuston net,0.243828,High
-14.92,-147.0,2003,3,Pacific Ocean,Neuston net,0.00432,Low
19.24,-143.41,2008,5,Pacific Ocean,Neuston net,0.0,Low
16.72,-74.38,1997,12,Atlantic Ocean,Neuston net,0.0,Low
42.238333,5.475,2018,6,Atlantic Ocean,Manta net,1.21601,High
8.64,-148.13,2003,2,Pacific Ocean,Neuston net,0.00432,Low
18.76,-77.02,2003,4,Atlantic Ocean,Neuston net,0.388768,High
26.6,-142.77,2012,1,Pacific Ocean,Neuston net,0.0,Low
23.74,-80.69,1993,1,Atlantic Ocean,Neuston net,0.0,Low
55.326667,-5.866333,2016,1,Atlantic Ocean,Neuston net,0.0,Low
57.835,-3.4535,2022,1,Atlantic Ocean,Neuston net,0.0,Low
32.76,-150.21,2004,7,Pacific Ocean,Neuston net,0.0,Low
16.13,-162.0,2007,12,Pacific Ocean,Neuston net,0.00648,Low
26.87,-71.95,1993,5,Atlantic Ocean,Neuston net,0.086392,High
40.4782,-74.0163,2014,9,Atlantic Ocean,Grab sample,0.002,Low
46.07,-56.87,1989,8,Atlantic Ocean,Neuston net,0.00432,Low
31.0,-137.0,1972,10,Pacific Ocean,Neuston net,0.007,Low
25.85,-73.37,1994,3,Atlantic Ocean,Neuston net,0.0108,Low
37.186667,0.304833,2014,8,Atlantic Ocean,Manta net,0.800166,High
-26.41981,-105.35823,2015,11,Pacific Ocean,Neuston net,0.08181,High
28.989643,-143.5405,2015,7,Pacific Ocean,Manta net,0.951916,High
43.025,6.406667,2017,7,Atlantic Ocean,Manta net,0.809039,High
12.95,-156.94,2008,6,Pacific Ocean,Neuston net,0.0216,Low
33.62,-60.78,2002,10,Atlantic Ocean,Neuston net,0.0108,Low
16.85,-61.44,1998,11,Atlantic Ocean,Neuston net,0.0,Low
24.65,-59.05,2000,11,Atlantic Ocean,Neuston net,0.005892,Low
37.6899,-76.3422,2016,11,Atlantic Ocean,Grab sample,0.0,Low
11.44,-156.82,2006,11,Pacific Ocean,Neuston net,0.00432,Low
40.16,-157.42,2004,12,Pacific Ocean,Neuston net,0.0,Low
16.28,-77.12,1996,12,Atlantic Ocean,Neuston net,0.017672,Low
25.28,-147.0,2009,10,Pacific Ocean,Neuston net,2.712124,High
29.98,-140.0,2012,10,Pacific Ocean,Neuston net,0.646904,High
25.04,-79.91,1995,3,Atlantic Ocean,Neuston net,0.01728,Low
25.65,-75.57,1996,4,Atlantic Ocean,Neuston net,0.125268,High
32.9298,-140.3454,2009,8,Pacific Ocean,Manta net,32.765,High
39.76,-65.0,1992,5,Atlantic Ocean,Neuston net,0.0,Low
-33.2383,-32.0515,2011,1,Atlantic Ocean,Neuston net,0.782976,High
31.72,-144.77,2012,5,Pacific Ocean,Neuston net,0.056532,Low
44.24,-61.74,1997,7,Atlantic Ocean,Neuston net,0.046796,Low
44.12,-61.48,1994,7,Atlantic Ocean,Neuston net,0.0036,Low
-27.9168,-30.5185,2017,11,Atlantic Ocean,Intake seawater pump,9.0,High
24.55,-58.47,1997,10,Atlantic Ocean,Neuston net,0.001964,Low
24.69,-58.22,2007,10,Atlantic Ocean,Neuston net,0.0,Low
39.62,-68.58,1996,8,Atlantic Ocean,Neuston net,0.0,Low
36.56,-4.195,2013,10,Atlantic Ocean,Manta net,0.555693,High
42.74,-70.31,1990,8,Atlantic Ocean,Neuston net,0.0,Low
28.28735,-150.41955,2015,8,Pacific Ocean,Manta net,0.472955,High
-28.8929,-102.5777,2011,4,Pacific Ocean,Manta net,0.405544,High
8.876874,-20.188637,2015,11,Atlantic Ocean,Intake seawater pump,0.0,Low
15.73,-65.04,2000,12,Atlantic Ocean,Neuston net,0.00432,Low
21.32,-70.17,1990,4,Atlantic Ocean,Neuston net,0.013504,Low
27.46,-71.95,2000,6,Atlantic Ocean,Neuston net,0.0216,Low
32.079,-64.6316,2010,1,Atlantic Ocean,Neuston net,0.654493,High
32.3648,-64.7126,2014,6,Atlantic Ocean,Grab sample,0.006,Low
2.733,-101.633,1987,9,Pacific Ocean,Manta net,0.0,Low
20.53,-73.21,2001,3,Atlantic Ocean,Neuston net,0.025916,Low
36.9575,-122.0247,2015,3,Pacific Ocean,Grab sample,0.002,Low
17.94561,-76.75758,2017,12,Atlantic Ocean,Manta net,0.69,High
17.37,-83.52,1998,4,Atlantic Ocean,Neuston net,0.0,Low
25.32,-110.55,2002,11,Pacific Ocean,Neuston net,0.0,Low
18.4599,-66.093,2013,12,Atlantic Ocean,Grab sample,0.173,High
12.22,-61.73,1995,12,Atlantic Ocean,Neuston net,0.0,Low
10.760339,-61.441728,2015,10,Atlantic Ocean,Hand picking,0.222222,High
35.85,-65.93,1992,5,Atlantic Ocean,Neuston net,0.00216,Low
37.9,-58.8,1991,10,Atlantic Ocean,Neuston net,0.00292,Low
55.939,-4.6325,2017,11,Atlantic Ocean,Neuston net,0.029243,Low
78.511,16.09,2020,7,Arctic Ocean,Manta net,0.005661,Low
32.059167,34.748333,2013,11,Atlantic Ocean,Manta net,0.572597,High
35.63,-62.01,1999,10,Atlantic Ocean,Neuston net,0.00216,Low
-2.01,-151.63,2012,12,Pacific Ocean,Neuston net,0.0,Low
17.38,-63.32,1996,12,Atlantic Ocean,Neuston net,0.00432,Low
25.95,-76.3,1991,4,Atlantic Ocean,Neuston net,0.0,Low
25.95,-77.65,1993,5,Atlantic Ocean,Neuston net,0.0,Low
38.819,1.314,2012,8,Atlantic Ocean,Manta net,0.831617,High
43.06,-70.41,2003,7,Atlantic Ocean,Neuston net,0.0,Low
71.335,-96.838333,2016,8,Arctic Ocean,Manta net,0.0,Low
33.56,-152.27,2003,12,Pacific Ocean,Neuston net,0.0,Low
3.14,-143.71,2002,3,Pacific Ocean,Neuston net,0.0,Low
28.16,-78.61,2004,2,Atlantic Ocean,Neuston net,0.0,Low
27.9456,-82.6943,2017,4,Atlantic Ocean,Van Dorn sampler,0.0,Low
26.51,-55.72,2005,10,Atlantic Ocean,Neuston net,0.145348,High
42.22,-70.26,2001,7,Atlantic Ocean,Neuston net,0.0,Low
43.183,5.3908,2019,6,Atlantic Ocean,Manta net,0.020408,Low
18.73,-75.51,2000,3,Atlantic Ocean,Neuston net,0.0,Low
16.48,-65.9,1989,12,Atlantic Ocean,Neuston net,0.00432,Low
23.0055,-29.5747,2014,11,Atlantic Ocean,Grab sample,0.007,Low
33.1,-156.49,2005,4,Pacific Ocean,Neuston net,0.0,Low
24.03,-138.44,2009,2,Pacific Ocean,Neuston net,0.0,Low
30.45,-55.7,1992,10,Atlantic Ocean,Neuston net,0.19442,High
32.7643,-117.1701,2014,3,Pacific Ocean,Grab sample,0.041,Low
44.277375,8.462589,2018,9,Atlantic Ocean,Manta net,0.390936,High
17.5129,-48.5499,2014,12,Atlantic Ocean,Grab sample,0.009,Low
28.02,-66.62,2000,4,Atlantic Ocean,Neuston net,0.109792,High
29.68,-62.51,2002,5,Atlantic Ocean,Neuston net,0.069116,Low
41.397303,2.21315,2021,5,Atlantic Ocean,Manta net,5.009333,High
34.56,-66.08,1996,5,Atlantic Ocean,Neuston net,0.146868,High
56.576167,-1.867333,2019,1,Atlantic Ocean,Neuston net,0.008518,Low
39.7,-70.6,2000,7,Atlantic Ocean,Neuston net,0.0,Low
11.44,-156.82,2012,11,Pacific Ocean,Neuston net,0.233112,High
-27.3323,-26.8913,2010,11,Atlantic Ocean,Neuston net,0.058641,Low
10.2836,-109.2155,2016,3,Pacific Ocean,Grab sample,0.003,Low
13.47,-63.22,1994,12,Atlantic Ocean,Neuston net,0.0,Low
27.78,-77.14,2002,2,Atlantic Ocean,Neuston net,0.01728,Low
25.15,-80.08,1997,5,Atlantic Ocean,Neuston net,0.00648,Low
51.0522,1.5486,2018,7,Atlantic Ocean,Intake seawater pump,84.0,High
84.40488,17.45691,2016,9,Arctic Ocean,CTD rosette sampler,21.0,High
13.69,-156.87,2012,7,Pacific Ocean,Neuston net,0.0,Low
20.35,-154.67,2005,3,Pacific Ocean,Neuston net,0.0,Low
12.0,-61.5,1991,11,Atlantic Ocean,Neuston net,0.0,Low
29.04,-74.91,2007,4,Atlantic Ocean,Neuston net,0.027492,Low
21.22,-57.73,1999,11,Atlantic Ocean,Neuston net,0.0,Low
40.71,-70.31,2006,7,Atlantic Ocean,Neuston net,0.001272,Low
20.61,-155.0,2005,7,Pacific Ocean,Neuston net,0.0,Low
15.2118,-49.8204,2014,12,Atlantic Ocean,Grab sample,0.044,Low
24.78,-75.62,1996,2,Atlantic Ocean,Neuston net,0.056156,Low
11.63,-63.42,1998,12,Atlantic Ocean,Neuston net,0.0,Low
17.92,-59.75,1992,11,Atlantic Ocean,Neuston net,0.010284,Low
25.69,-141.14,2008,10,Pacific Ocean,Neuston net,0.0,Low
37.37,-69.42,1992,6,Atlantic Ocean,Neuston net,0.025916,Low
38.888833,8.561833,2021,9,Atlantic Ocean,Manta net,0.702357,High
55.562333,-145.97625,2019,3,Pacific Ocean,Neuston net,0.017936,Low
32.823667,35.035,2015,2,Atlantic Ocean,Manta net,0.977288,High
24.16,-81.99,2005,3,Atlantic Ocean,Neuston net,0.01512,Low
31.76,-67.43,2001,4,Atlantic Ocean,Neuston net,0.1553,High
42.72,-69.59,2008,7,Atlantic Ocean,Neuston net,0.0,Low
57.282333,-1.661333,2021,1,Atlantic Ocean,Neuston net,0.026947,Low
17.55,-158.31,2004,4,Pacific Ocean,Neuston net,0.0024,Low
14.25,-75.4,1992,2,Atlantic Ocean,Neuston net,0.00216,Low
37.67,-67.93,1995,10,Atlantic Ocean,Neuston net,0.00432,Low
38.534,10.869,2013,6,Atlantic Ocean,Neuston net,1.952381,High
-7.25475,-6.57884,2016,12,Atlantic Ocean,Neuston net,0.013441,Low
17.32,-59.93,1993,11,Atlantic Ocean,Neuston net,0.0,Low
29.75,-77.4,2001,4,Atlantic Ocean,Neuston net,0.0,Low
60.5188,-147.3523,2015,12,Pacific Ocean,Grab sample,0.006,Low
7.43,-149.9,2011,11,Pacific Ocean,Neuston net,0.00648,Low
33.1373,-159.246,2009,9,Pacific Ocean,Neuston net,0.725397,High
42.04,-60.66,2005,7,Atlantic Ocean,Neuston net,0.0,Low
27.61,-82.7832,2016,9,Atlantic Ocean,Van Dorn sampler,670.0,High
24.21,-149.32,2009,5,Pacific Ocean,Neuston net,0.0,Low
65.683,-18.0861,2015,6,Arctic Ocean,Grab sample,0.005,Low
16.85,-77.25,1993,3,Atlantic Ocean,Neuston net,0.0,Low
24.24,-81.83,2000,1,Atlantic Ocean,Neuston net,0.0,Low
25.18,-75.02,1992,4,Atlantic Ocean,Neuston net,0.049368,Low
16.67,-85.41,2007,12,Atlantic Ocean,Neuston net,0.011364,Low
31.07,-69.71,1997,4,Atlantic Ocean,Neuston net,0.01728,Low
56.799167,1.650167,2015,1,Atlantic Ocean,Neuston net,0.009711,Low
12.97,-63.28,1996,12,Atlantic Ocean,Neuston net,0.00648,Low
16.16,-57.97,2003,11,Atlantic Ocean,Neuston net,0.0,Low
13.77,-60.57,2000,11,Atlantic Ocean,Neuston net,0.0,Low
24.37,-147.78,2007,2,Pacific Ocean,Neuston net,0.892728,High
73.6265,-81.3629,2015,7,Arctic Ocean,Grab sample,0.03,Low
24.62,-71.25,2007,2,Atlantic Ocean,Neuston net,0.0,Low
36.698,-145.17075,2015,8,Pacific Ocean,Manta net,7.350979,High
41.33,-66.12,1995,7,Atlantic Ocean,Neuston net,0.00648,Low
43.6688,7.2327,2013,7,Atlantic Ocean,Manta net,2.94383,High
-25.9165,-35.0814,2010,11,Atlantic Ocean,Neuston net,0.095501,High
19.43,-145.47,2012,10,Pacific Ocean,Neuston net,0.34034,High
18.9927,-112.0843,2016,4,Pacific Ocean,Grab sample,0.0,Low
16.22,-86.29,1987,12,Atlantic Ocean,Neuston net,0.0,Low
25.94,-146.58,2005,7,Pacific Ocean,Neuston net,0.326132,High
30.46,-80.76,2005,4,Atlantic Ocean,Neuston net,0.0,Low
50.4787,-8.8549,2018,5,Atlantic Ocean,Intake seawater pump,35.0,High
24.15,-83.52,2002,1,Atlantic Ocean,Neuston net,0.00216,Low
23.62,-80.38,1997,4,Atlantic Ocean,Neuston net,0.0,Low
38.46124,-8.99428,2019,2,Atlantic Ocean,Neuston net,1.577503,High
-26.5353,-114.8312,2011,4,Pacific Ocean,Neuston net,0.008287,Low
5.5532,-87.0449,2016,6,Pacific Ocean,Grab sample,0.0,Low
17.73,-86.53,1991,12,Atlantic Ocean,Neuston net,0.0108,Low
28.990773,-135.6835,2015,7,Pacific Ocean,Manta net,0.86557,High
26.14,-143.12,2004,3,Pacific Ocean,Neuston net,0.01728,Low
5.9,-157.42,2012,11,Pacific Ocean,Neuston net,0.006176,Low
22.11,-71.66,2008,3,Atlantic Ocean,Neuston net,0.007004,Low
40.02,-70.38,1989,7,Atlantic Ocean,Neuston net,0.01728,Low
50.38,-128.33,2002,7,Pacific Ocean,Neuston net,0.0,Low
16.44,-64.53,1998,12,Atlantic Ocean,Neuston net,0.0,Low
13.85,-61.32,1999,12,Atlantic Ocean,Neuston net,0.0,Low
29.37,-139.91,2008,12,Pacific Ocean,Neuston net,0.0,Low
30.25,-73.59,1997,4,Atlantic Ocean,Neuston net,0.0,Low
32.279667,34.825,2014,12,Atlantic Ocean,Manta net,2.017974,High
15.94,-162.49,2010,6,Pacific Ocean,Neuston net,0.0,Low
34.0553,-139.9837,2009,8,Pacific Ocean,Manta net,0.576,High
39.95,-69.02,2001,9,Atlantic Ocean,Neuston net,0.0,Low
39.2345,7.625,2020,9,Atlantic Ocean,Manta net,2.082767,High
41.397303,2.21315,2021,4,Atlantic Ocean,Manta net,3.161333,High
60.489333,0.114,2014,1,Atlantic Ocean,Neuston net,0.0,Low
11.38,-59.92,1993,11,Atlantic Ocean,Neuston net,0.0,Low
28.1,-76.25,2005,2,Atlantic Ocean,Neuston net,0.00216,Low
27.61,-82.7832,2017,7,Atlantic Ocean,Plankton net,5.4,High
25.5607,-62.4387,2010,1,Atlantic Ocean,Neuston net,7.014418,High
39.4,19.898,2014,10,Atlantic Ocean,Manta net,0.783333,High
47.1722,-122.603,2014,12,Pacific Ocean,Grab sample,0.019,Low
11.44,-156.82,2005,10,Pacific Ocean,Neuston net,0.00432,Low
14.71,-157.43,2008,11,Pacific Ocean,Neuston net,0.0072,Low
2.89,-137.24,2006,11,Pacific Ocean,Neuston net,0.003084,Low
17.17,-78.28,1992,3,Atlantic Ocean,Neuston net,0.0036,Low
15.55,-71.17,2003,12,Atlantic Ocean,Neuston net,0.00864,Low
30.5864,-139.65,2015,8,Pacific Ocean,Manta net,3.951364,High
25.53,-76.12,1993,4,Atlantic Ocean,Neuston net,0.0,Low
66.518333,-54.061667,2016,7,Arctic Ocean,Manta net,0.108545,High
10.33,-156.71,2004,5,Pacific Ocean,Neuston net,0.0,Low
19.15,-69.56,2000,3,Atlantic Ocean,Neuston net,0.0,Low
23.15,-144.69,2009,10,Pacific Ocean,Neuston net,0.0,Low
26.9801,-147.644,2010,10,Pacific Ocean,Manta net,0.371,High
26.6,-142.77,2004,10,Pacific Ocean,Neuston net,0.0,Low
40.43,-70.05,1995,10,Atlantic Ocean,Neuston net,0.0,Low
42.572667,6.349183,2019,7,Atlantic Ocean,Manta net,0.081207,High
35.6865,-139.2023,2009,9,Pacific Ocean,Neuston net,0.496439,High
39.45,-70.68,1993,8,Atlantic Ocean,Neuston net,0.00216,Low
42.16,-70.24,2002,7,Atlantic Ocean,Neuston net,0.0,Low
17.94886,-76.82269,2017,11,Atlantic Ocean,Manta net,1.34,High
15.0837,-53.0038,2014,12,Atlantic Ocean,Grab sample,0.001,Low
18.6108,-48.1852,2014,12,Atlantic Ocean,Grab sample,0.003,Low
17.2708,-24.5118,2014,11,Atlantic Ocean,Grab sample,0.01,Low
28.08,-78.0,1995,5,Atlantic Ocean,Neuston net,0.01728,Low
42.33,-70.43,1993,9,Atlantic Ocean,Neuston net,0.0,Low
42.82,-63.57,1989,8,Atlantic Ocean,Neuston net,0.00166,Low
41.37,-70.98,1992,6,Atlantic Ocean,Neuston net,0.00648,Low
30.02665,-139.0718,2015,8,Pacific Ocean,Manta net,5.938225,High
21.59,-69.1,2004,2,Atlantic Ocean,Neuston net,0.05554,Low
28.1244,-15.4155,2014,11,Atlantic Ocean,Grab sample,0.003,Low
42.82,-68.95,1997,6,Atlantic Ocean,Neuston net,0.0,Low
42.904833,5.9265,2015,8,Atlantic Ocean,Manta net,0.188984,High
25.6,-77.67,1994,2,Atlantic Ocean,Neuston net,0.118792,High
26.98,-72.55,1999,4,Atlantic Ocean,Neuston net,0.343412,High
24.789167,-16.351067,2018,6,Atlantic Ocean,Manta net,0.004347,Low
39.83,-66.33,2002,10,Atlantic Ocean,Neuston net,0.0,Low
35.638,24.672,2017,7,Atlantic Ocean,Manta net,0.490476,High
24.63,-76.02,2002,4,Atlantic Ocean,Neuston net,0.0,Low
39.42,-70.57,2008,8,Atlantic Ocean,Neuston net,0.0036,Low
41.1,-68.92,1992,9,Atlantic Ocean,Neuston net,0.0,Low
27.95,-151.25,2019,6,Pacific Ocean,Manta net,0.897587,High
18.07,-60.15,1995,11,Atlantic Ocean,Neuston net,0.0,Low
27.84,-140.77,2005,11,Pacific Ocean,Neuston net,0.0024,Low
27.778,-82.5203,2016,10,Atlantic Ocean,Van Dorn sampler,2000.0,High
56.369,-2.652333,2019,11,Atlantic Ocean,Neuston net,0.005502,Low
28.72,-59.85,1998,10,Atlantic Ocean,Neuston net,0.034556,Low
39.94,-69.34,2003,7,Atlantic Ocean,Neuston net,0.037436,Low
44.853967,4.83905,2018,8,Atlantic Ocean,Manta net,0.219686,High
-20.8803,-5.9975,2011,1,Atlantic Ocean,Neuston net,0.046156,Low
13.05,-63.12,1989,12,Atlantic Ocean,Neuston net,0.0,Low
13.723365,-23.066972,2015,11,Atlantic Ocean,Intake seawater pump,0.5,High
30.53885,-133.942,2015,9,Pacific Ocean,Manta net,1.688752,High
42.079707,-27.473114,2020,11,Atlantic Ocean,Manta net,0.406509,High
36.55,-1.376667,2014,8,Atlantic Ocean,Manta net,0.111338,High
42.377821,3.158952,2020,12,Atlantic Ocean,Manta net,1.769333,High
20.6,-154.81,2009,3,Pacific Ocean,Neuston net,0.0,Low
33.7558,-162.7216,2008,2,Pacific Ocean,Neuston net,0.560793,High
20.673,-25.3273,2014,11,Atlantic Ocean,Grab sample,0.006,Low
40.68,-128.9,2005,4,Pacific Ocean,Neuston net,2.611356,High
39.6,-69.48,1997,6,Atlantic Ocean,Neuston net,0.00216,Low
1.466,-88.683,1999,10,Pacific Ocean,Manta net,0.0,Low
17.67,-76.62,1998,4,Atlantic Ocean,Neuston net,0.0,Low
17.0,-75.54,2000,12,Atlantic Ocean,Neuston net,0.00216,Low
27.9185,-82.5379,2016,10,Atlantic Ocean,Van Dorn sampler,0.0,Low
57.731,-6.221833,2022,1,Atlantic Ocean,Neuston net,0.102695,High
20.14,-148.94,2010,10,Pacific Ocean,Neuston net,0.0,Low
24.8516,-152.3562,2014,9,Pacific Ocean,Grab sample,0.008,Low
41.196633,4.989317,2018,5,Atlantic Ocean,Manta net,0.149156,High
57.3001,-133.7169,2015,7,Pacific Ocean,Grab sample,0.003,Low
14.9,-69.45,1992,12,Atlantic Ocean,Neuston net,0.0,Low
28.07,-58.82,2001,10,Atlantic Ocean,Neuston net,0.041036,Low
32.5498,-165.8103,2008,2,Pacific Ocean,Neuston net,0.451976,High
32.84,-147.81,2004,12,Pacific Ocean,Neuston net,0.0,Low
44.04,-68.39,1999,10,Atlantic Ocean,Neuston net,0.0,Low
50.3377,-5.1835,2016,10,Atlantic Ocean,Grab sample,0.0,Low
54.393333,10.196333,2020,9,Atlantic Ocean,Manta net,0.0,Low
16.28,-160.37,2011,7,Pacific Ocean,Neuston net,0.0,Low
22.04,-74.58,2003,2,Atlantic Ocean,Neuston net,0.0,Low
22.34,-58.71,2007,4,Atlantic Ocean,Neuston net,0.034696,Low
39.629333,2.124517,2018,4,Atlantic Ocean,Manta net,0.019915,Low
42.8195,8.3553,2010,7,Atlantic Ocean,Neuston net,0.320454,High
20.85,-157.7,2002,4,Pacific Ocean,Neuston net,0.004112,Low
41.1221,-150.226,2015,8,Pacific Ocean,Manta net,0.117227,High
65.485,39.4665,2019,10,Arctic Ocean,Neuston net,0.0,Low
2.89,-137.24,2008,6,Pacific Ocean,Neuston net,0.003084,Low
-1.2195,-8.882333,2019,3,Atlantic Ocean,Manta net,0.019253,Low
18.28,-58.25,2007,10,Atlantic Ocean,Neuston net,0.002232,Low
30.40345,-133.91565,2015,9,Pacific Ocean,Manta net,9.113516,High
31.001293,-140.612,2015,8,Pacific Ocean,Manta net,6.471148,High
29.13,-64.94,2001,5,Atlantic Ocean,Neuston net,0.043196,Low
17.98,-75.4,1996,2,Atlantic Ocean,Neuston net,0.194384,High
33.1,-149.63,2006,4,Pacific Ocean,Neuston net,0.00216,Low
5.79,-147.72,2011,4,Pacific Ocean,Neuston net,0.0,Low
17.32,-76.67,1996,4,Atlantic Ocean,Neuston net,0.01296,Low
15.927167,-44.325,2020,12,Atlantic Ocean,Manta net,0.003562,Low
24.28,-143.99,2012,5,Pacific Ocean,Neuston net,0.0,Low
27.0,-145.1,1972,10,Pacific Ocean,Neuston net,0.0,Low
38.12,11.846,2013,6,Atlantic Ocean,Neuston net,4.239766,High
57.758667,-3.385333,2019,1,Atlantic Ocean,Neuston net,0.010294,Low
81.5187,15.6088,2016,9,Arctic Ocean,Intake seawater pump,1.0,High
25.6,-79.93,2003,5,Atlantic Ocean,Neuston net,0.0,Low
31.56,-72.78,1999,4,Atlantic Ocean,Neuston net,0.01944,Low
16.67,-58.75,1994,11,Atlantic Ocean,Neuston net,0.0216,Low
30.15,-15.8551,2015,9,Atlantic Ocean,Grab sample,0.0,Low
42.78,-66.57,1992,5,Atlantic Ocean,Neuston net,0.0,Low
19.24,-143.41,2006,7,Pacific Ocean,Neuston net,0.0,Low
17.02,-72.57,1994,12,Atlantic Ocean,Neuston net,0.005892,Low
19.8183,-36.2083,2014,12,Atlantic Ocean,Grab sample,0.003,Low
26.82,-72.94,2000,6,Atlantic Ocean,Neuston net,0.414688,High
41.88,-70.44,2006,9,Atlantic Ocean,Neuston net,0.0,Low
44.170333,-4.6805,2015,7,Atlantic Ocean,Manta net,0.104779,High
24.21,-149.32,2009,10,Pacific Ocean,Neuston net,0.0,Low
32.2027,-156.8332,2011,11,Pacific Ocean,Neuston net,0.352969,High
29.42,-60.52,1995,10,Atlantic Ocean,Neuston net,0.025916,Low
30.0,-144.0,1973,2,Pacific Ocean,Neuston net,0.004,Low
28.19,-71.64,1999,2,Atlantic Ocean,Neuston net,0.01728,Low
32.000485,-135.12,2015,8,Pacific Ocean,Manta net,4.783011,High
40.2,-68.83,2007,10,Atlantic Ocean,Neuston net,0.00216,Low
6.42,-148.97,2009,7,Pacific Ocean,Neuston net,0.0,Low
25.88,-77.38,1993,5,Atlantic Ocean,Neuston net,0.0,Low
27.6081,-82.5712,2016,6,Atlantic Ocean,Van Dorn sampler,2000.0,High
36.3438,-127.6827,2018,9,Pacific Ocean,Manta net,0.128412,High
23.52,-141.63,2011,3,Pacific Ocean,Neuston net,0.0,Low
28.0261,-82.5812,2016,6,Atlantic Ocean,Van Dorn sampler,4000.0,High
25.7,-59.81,2001,4,Atlantic Ocean,Neuston net,0.028796,Low
34.7,-64.77,2002,5,Atlantic Ocean,Neuston net,0.058316,Low
73.233333,-66.781667,2016,7,Arctic Ocean,Manta net,0.0,Low
88.7435,-12.546,2016,8,Arctic Ocean,Intake seawater pump,0.0,Low
27.79,-72.69,2005,2,Atlantic Ocean,Neuston net,0.027488,Low
40.42,-70.47,1998,8,Atlantic Ocean,Neuston net,0.0,Low
43.93,-64.54,1992,5,Atlantic Ocean,Neuston net,0.0,Low
16.3,-77.18,2008,12,Atlantic Ocean,Neuston net,0.00184,Low
17.22,-77.6,2007,12,Atlantic Ocean,Neuston net,0.00948,Low
15.0295,-55.487,2014,11,Atlantic Ocean,Grab sample,0.043,Low
30.000377,-138.7795,2015,8,Pacific Ocean,Manta net,9.972925,High
33.02,-152.9,2009,4,Pacific Ocean,Neuston net,0.0,Low
38.782,15.9225,2021,9,Atlantic Ocean,Manta net,7.011284,High
39.545167,8.174,2021,9,Atlantic Ocean,Manta net,0.347719,High
41.705283,9.4801,2018,5,Atlantic Ocean,Manta net,0.0336,Low
40.910469,0.833376,2021,1,Atlantic Ocean,Manta net,0.377333,High
42.58,-69.43,2001,9,Atlantic Ocean,Neuston net,0.02376,Low
56.65275,-144.314998,2019,2,Pacific Ocean,Neuston net,0.01483,Low
23.17,-73.78,1990,4,Atlantic Ocean,Neuston net,0.00648,Low
26.1,-73.65,1997,2,Atlantic Ocean,Neuston net,0.0108,Low
11.43,-64.6,2000,12,Atlantic Ocean,Neuston net,0.0,Low
-26.4893,-30.029,2010,11,Atlantic Ocean,Neuston net,0.145128,High
19.96,-146.64,2012,10,Pacific Ocean,Neuston net,0.38872,High
24.28,-143.99,2011,5,Pacific Ocean,Neuston net,0.00216,Low
17.55,-158.31,2004,11,Pacific Ocean,Neuston net,0.011996,Low
35.37085,-132.9414,2015,9,Pacific Ocean,Manta net,0.650244,High
38.42905,-9.14605,2019,1,Atlantic Ocean,Neuston net,0.099791,High
43.2,-68.7,1997,10,Atlantic Ocean,Neuston net,0.00432,Low
88.04016,10.04138,2016,9,Arctic Ocean,CTD rosette sampler,21.0,High
20.0,-70.8,1992,2,Atlantic Ocean,Neuston net,0.0,Low
20.03,-64.0,2005,5,Atlantic Ocean,Neuston net,0.025196,Low
27.9237,-82.4807,2017,6,Atlantic Ocean,Van Dorn sampler,1000.0,High
24.18,-81.87,1999,1,Atlantic Ocean,Neuston net,0.0,Low
26.1,-57.6,1991,10,Atlantic Ocean,Neuston net,0.032396,Low
25.22,-68.4,1998,2,Atlantic Ocean,Neuston net,0.01728,Low
32.152,34.783167,2014,2,Atlantic Ocean,Manta net,0.949201,High
40.78,-70.53,1998,7,Atlantic Ocean,Neuston net,0.016196,Low
16.48,-62.25,1997,12,Atlantic Ocean,Neuston net,0.009968,Low
15.4472,-44.9691,2014,11,Atlantic Ocean,Grab sample,0.01,Low
28.41,-140.21,2008,12,Pacific Ocean,Neuston net,0.0,Low
27.21,-79.7,2008,5,Atlantic Ocean,Neuston net,0.0,Low
22.4,-58.38,1992,10,Atlantic Ocean,Neuston net,0.01728,Low
26.9,-65.24,1999,5,Atlantic Ocean,Neuston net,0.0048,Low
40.93,-70.65,1989,10,Atlantic Ocean,Neuston net,0.00432,Low
37.7375,15.6405,2020,10,Atlantic Ocean,Manta net,0.33127,High
15.82,-76.35,1993,3,Atlantic Ocean,Neuston net,0.0,Low
-14.0,-146.31,2002,2,Pacific Ocean,Neuston net,0.0,Low
19.73,-146.63,2003,11,Pacific Ocean,Neuston net,0.0,Low
13.27,-61.47,1987,12,Atlantic Ocean,Neuston net,0.0,Low
31.06,-143.46,2010,10,Pacific Ocean,Neuston net,0.00216,Low
24.98,-71.78,1992,2,Atlantic Ocean,Neuston net,0.01296,Low
32.3488,-140.3044,2009,8,Pacific Ocean,Manta net,3.58,High
38.6421,-133.9901,2015,8,Pacific Ocean,Manta net,1.027045,High
36.2733,-73.1033,2014,6,Atlantic Ocean,Grab sample,0.01,Low
43.25,-64.78,1998,7,Atlantic Ocean,Neuston net,0.005404,Low
56.031167,-3.560333,2020,11,Atlantic Ocean,Neuston net,0.0,Low
18.97,-143.47,2005,2,Pacific Ocean,Neuston net,0.0108,Low
27.46875,-130.78575,2015,9,Pacific Ocean,Manta net,1.434491,High
23.4624,-109.4078,2016,4,Pacific Ocean,Grab sample,0.003,Low
23.91,-81.3,1997,5,Atlantic Ocean,Neuston net,0.0,Low
38.1515,-137.4531,2007,9,Pacific Ocean,Neuston net,2.695271,High
32.77,-74.83,2004,5,Atlantic Ocean,Neuston net,0.00432,Low
12.8247,-60.3716,2016,2,Atlantic Ocean,Grab sample,0.019,Low
29.35,-78.98,1998,2,Atlantic Ocean,Neuston net,0.00166,Low
43.11,-64.37,2001,6,Atlantic Ocean,Neuston net,0.0108,Low
13.5,-63.35,1989,12,Atlantic Ocean,Neuston net,0.0,Low
23.52,-141.63,2012,2,Pacific Ocean,Neuston net,0.0,Low
41.13,-71.26,2008,8,Atlantic Ocean,Neuston net,0.00864,Low
20.27,-156.47,2009,3,Pacific Ocean,Neuston net,0.0,Low
-26.99274,-80.58564,2015,10,Pacific Ocean,AVANI net,0.038025,Low
10.32,-64.93,1994,12,Atlantic Ocean,Neuston net,0.00432,Low
18.02,-64.07,1996,12,Atlantic Ocean,Neuston net,0.0,Low
24.05,-58.13,1992,10,Atlantic Ocean,Neuston net,0.01296,Low
31.6353,-53.9019,2015,5,Atlantic Ocean,Grab sample,0.004,Low
18.84,-60.37,2007,4,Atlantic Ocean,Neuston net,0.0061,Low
27.89,-60.05,1998,10,Atlantic Ocean,Neuston net,0.164148,High
26.07,-78.04,2003,3,Atlantic Ocean,Neuston net,0.00682,Low
25.01,-83.51,1993,1,Atlantic Ocean,Neuston net,0.0,Low
32.2614,-116.9911,2014,8,Pacific Ocean,Grab sample,0.004,Low
13.69,-156.87,2005,3,Pacific Ocean,Neuston net,0.018584,Low
24.28,-143.99,2004,10,Pacific Ocean,Neuston net,0.00216,Low
38.92,-69.73,1995,10,Atlantic Ocean,Neuston net,0.014396,Low
9.55,-155.93,2005,10,Pacific Ocean,Neuston net,0.0054,Low
12.58,-62.77,1994,12,Atlantic Ocean,Neuston net,0.0,Low
14.6502,-51.9333,2014,11,Atlantic Ocean,Grab sample,0.007,Low
25.75,-77.1,1992,4,Atlantic Ocean,Neuston net,0.0,Low
22.34,-67.69,1999,2,Atlantic Ocean,Neuston net,0.00432,Low
20.988,-154.3769,2019,1,Pacific Ocean,Manta net,0.201166,High
17.58,-75.42,2003,12,Atlantic Ocean,Neuston net,0.00188,Low
24.87,-79.9,2002,2,Atlantic Ocean,Neuston net,0.0,Low
37.99,-63.15,2002,10,Atlantic Ocean,Neuston net,0.00864,Low
19.73,-146.63,2009,11,Pacific Ocean,Neuston net,0.0,Low
13.97,-61.22,1991,10,Atlantic Ocean,Neuston net,0.0,Low
24.9,-84.74,2008,2,Atlantic Ocean,Neuston net,0.0,Low
16.25,-63.96,1998,12,Atlantic Ocean,Neuston net,0.0,Low
24.6,-80.62,1992,1,Atlantic Ocean,Neuston net,0.0,Low
43.02,-64.72,2007,6,Atlantic Ocean,Neuston net,0.004056,Low
25.28,-147.0,2003,11,Pacific Ocean,Neuston net,0.0,Low
29.12,-71.35,1987,4,Atlantic Ocean,Neuston net,0.025916,Low
32.46245,-133.58405,2015,9,Pacific Ocean,Manta net,1.4442,High
40.98,-68.55,2004,8,Atlantic Ocean,Neuston net,0.0,Low
39.74,-70.08,2000,7,Atlantic Ocean,Neuston net,0.0,Low
35.53,-64.83,2002,5,Atlantic Ocean,Neuston net,0.034556,Low
36.27,-66.27,1997,10,Atlantic Ocean,Neuston net,0.01512,Low
41.25,-71.25,1993,10,Atlantic Ocean,Neuston net,0.0,Low
41.397303,2.21315,2021,5,Atlantic Ocean,Manta net,3.239333,High
3.48,-143.62,2004,12,Pacific Ocean,Neuston net,0.0,Low
23.94,-81.9,2003,1,Atlantic Ocean,Neuston net,0.00864,Low
37.508333,-0.878333,2015,3,Atlantic Ocean,Manta net,0.345,High
36.0488,-150.23055,2015,8,Pacific Ocean,Manta net,1.271783,High
19.66,-73.75,2000,2,Atlantic Ocean,Neuston net,0.01296,Low
36.24,-64.42,1992,5,Atlantic Ocean,Neuston net,0.144708,High
1.59,-156.49,2012,12,Pacific Ocean,Neuston net,0.0,Low
20.15,-68.87,2001,2,Atlantic Ocean,Neuston net,0.00432,Low
40.68,-128.9,2012,10,Pacific Ocean,Neuston net,0.001808,Low
36.37,-66.48,1987,6,Atlantic Ocean,Neuston net,0.028796,Low
43.026167,9.525333,2013,6,Atlantic Ocean,Neuston net,22.76848,High
7.43,-149.9,2004,5,Pacific Ocean,Neuston net,0.0,Low
42.15,-67.63,1998,7,Atlantic Ocean,Neuston net,0.0024,Low
19.97,-69.03,1997,2,Atlantic Ocean,Neuston net,0.0,Low
23.78,-59.05,2001,10,Atlantic Ocean,Neuston net,0.0072,Low
29.7453,-63.2167,2010,1,Atlantic Ocean,Neuston net,0.482059,High
31.9691,-117.1522,2016,7,Pacific Ocean,Grab sample,0.006,Low
44.08,-67.08,1994,9,Atlantic Ocean,Neuston net,0.0,Low
27.77,-59.55,1997,10,Atlantic Ocean,Neuston net,0.097192,High
32.76,-150.21,2012,4,Pacific Ocean,Neuston net,0.018184,Low
33.94,-64.48,1996,10,Atlantic Ocean,Neuston net,0.027956,Low
41.05,-68.95,2003,7,Atlantic Ocean,Neuston net,0.0,Low
41.0667,-149.7231,2015,8,Pacific Ocean,Manta net,0.124404,High
31.98985,-139.84,2015,8,Pacific Ocean,Manta net,9.431598,High
84.1428,-164.44,2016,9,Arctic Ocean,Intake seawater pump,0.0,Low
13.33,-65.68,1996,12,Atlantic Ocean,Neuston net,0.01296,Low
26.13,-75.22,1993,2,Atlantic Ocean,Neuston net,0.060476,Low
26.57,-71.36,2001,4,Atlantic Ocean,Neuston net,0.006172,Low
42.377821,3.158952,2021,1,Atlantic Ocean,Manta net,0.107333,High
28.04,-140.48,2004,1,Pacific Ocean,Neuston net,0.0,Low
40.82,-135.73,2003,7,Pacific Ocean,Neuston net,0.015948,Low
38.8394,-123.7676,2016,9,Pacific Ocean,Grab sample,0.001,Low
10.33,-156.71,2010,11,Pacific Ocean,Neuston net,0.00216,Low
16.13,-162.0,2008,6,Pacific Ocean,Neuston net,0.00648,Low
17.07,-78.72,1996,2,Atlantic Ocean,Neuston net,0.0,Low
17.0,-62.61,2006,12,Atlantic Ocean,Neuston net,0.00216,Low
40.23,-69.71,1989,5,Atlantic Ocean,Neuston net,0.0216,Low
11.87,-64.02,1997,12,Atlantic Ocean,Neuston net,0.0,Low
24.3578,-146.7665,2009,6,Pacific Ocean,Neuston net,0.354517,High
23.33,-74.8,2001,2,Atlantic Ocean,Neuston net,0.0,Low
26.77,-58.81,2007,10,Atlantic Ocean,Neuston net,0.0052,Low
-33.887333,26.934,2018,11,Indian Ocean,Manta net,0.057175,Low
17.11,-77.35,2006,4,Atlantic Ocean,Neuston net,0.0108,Low
16.4855,-31.8844,2014,11,Atlantic Ocean,Grab sample,0.001,Low
20.15,-147.77,2008,10,Pacific Ocean,Neuston net,0.0,Low
37.7,24.2,2015,6,Atlantic Ocean,Manta net,0.066667,Low
-37.0703,-12.2441,2017,1,Atlantic Ocean,Grab sample,0.001,Low
42.66,-70.42,1991,6,Atlantic Ocean,Neuston net,0.0,Low
56.025,-3.294167,2019,12,Atlantic Ocean,Neuston net,0.0,Low
33.26,-156.98,2003,12,Pacific Ocean,Neuston net,0.0,Low
28.54,-140.09,2005,5,Pacific Ocean,Neuston net,0.0,Low
34.0482,-142.0588,2009,8,Pacific Ocean,Manta net,4.666,High
41.12,-68.97,2002,8,Atlantic Ocean,Neuston net,0.0,Low
35.88,-58.53,2003,10,Atlantic Ocean,Neuston net,0.0072,Low
18.64,-68.26,2004,3,Atlantic Ocean,Neuston net,0.0,Low
28.83,-147.62,2019,7,Pacific Ocean,Manta net,0.836267,High
33.05,-60.87,1992,10,Atlantic Ocean,Neuston net,0.049676,Low
16.68,-81.38,1998,3,Atlantic Ocean,Neuston net,0.0,Low
17.35,-72.5,1989,12,Atlantic Ocean,Neuston net,0.0,Low
25.92,-77.53,1992,4,Atlantic Ocean,Neuston net,0.00864,Low
24.12,-80.76,2002,5,Atlantic Ocean,Neuston net,0.0,Low
26.95,-73.99,1995,5,Atlantic Ocean,Neuston net,0.01728,Low
55.9735,-4.816167,2018,10,Atlantic Ocean,Neuston net,0.6863,High
17.63,-76.68,1998,4,Atlantic Ocean,Neuston net,0.00864,Low
13.7,-63.73,1991,11,Atlantic Ocean,Neuston net,0.0,Low
26.32,-74.38,1994,2,Atlantic Ocean,Neuston net,0.01728,Low
-9.7335,-126.894533,2018,4,Pacific Ocean,Manta net,0.0,Low
26.92,-79.3,2007,4,Atlantic Ocean,Neuston net,0.01234,Low
35.83,-66.02,1995,10,Atlantic Ocean,Neuston net,0.009604,Low
15.1565,-51.1475,2014,11,Atlantic Ocean,Grab sample,0.0,Low
25.58,-76.5,1998,2,Atlantic Ocean,Neuston net,0.0,Low
13.32,-62.64,2003,12,Atlantic Ocean,Neuston net,0.0,Low
30.1622,-150.2365,2015,8,Pacific Ocean,Manta net,0.152902,High
27.778,-82.5203,2016,7,Atlantic Ocean,Van Dorn sampler,2000.0,High
35.53215,-132.90485,2015,9,Pacific Ocean,Manta net,0.894086,High
33.175,-77.24,2014,4,Atlantic Ocean,Grab sample,0.122,High
84.7648,14.101,2016,8,Arctic Ocean,Intake seawater pump,1.0,High
16.28,-160.37,2012,7,Pacific Ocean,Neuston net,0.055196,Low
26.47,-58.03,1999,11,Atlantic Ocean,Neuston net,0.064796,Low
20.57,-154.86,2004,4,Pacific Ocean,Neuston net,0.016616,Low
18.93,-74.64,1987,2,Atlantic Ocean,Neuston net,0.0,Low
40.7,-65.96,1998,9,Atlantic Ocean,Neuston net,0.0,Low
37.070333,-9.014833,2019,8,Atlantic Ocean,Manta net,0.801442,High
58.470333,-6.5,2014,1,Atlantic Ocean,Neuston net,0.02038,Low
-5.77,-111.26,2001,12,Pacific Ocean,Neuston net,0.0,Low
0.0,-82.0,2017,10,Pacific Ocean,Plankton net,0.35,High
41.01,-70.59,1991,6,Atlantic Ocean,Neuston net,0.0,Low
46.2292,-63.1242,2015,6,Atlantic Ocean,Grab sample,0.001,Low
42.450583,10.212333,2018,5,Atlantic Ocean,Manta net,0.083913,High
24.7788,-112.2569,2015,4,Pacific Ocean,Grab sample,0.004,Low
16.07,-61.95,1997,11,Atlantic Ocean,Neuston net,0.0,Low
27.0,-133.0,1972,10,Pacific Ocean,Neuston net,0.047,Low
-8.289957,-2.585943,2015,11,Atlantic Ocean,Intake seawater pump,0.5,High
16.8,-72.77,1993,12,Atlantic Ocean,Neuston net,0.0,Low
38.5197,-8.89348,2018,11,Atlantic Ocean,Neuston net,0.329469,High
-35.25582,13.65739,2017,7,Atlantic Ocean,Neuston net,0.003263,Low
13.39,-61.54,2004,11,Atlantic Ocean,Neuston net,0.00648,Low
18.97,-143.47,2011,7,Pacific Ocean,Neuston net,0.0108,Low
17.67,-63.58,1995,12,Atlantic Ocean,Neuston net,0.00432,Low
24.52,-148.47,2012,10,Pacific Ocean,Neuston net,0.494368,High
27.36,-67.77,1997,4,Atlantic Ocean,Neuston net,0.052796,Low
57.839667,-3.453167,2021,1,Atlantic Ocean,Neuston net,0.029313,Low
12.77,-61.41,1998,11,Atlantic Ocean,Neuston net,0.0,Low
30.997417,-141.8015,2015,8,Pacific Ocean,Manta net,5.076931,High
7.43,-149.9,2011,4,Pacific Ocean,Neuston net,0.00648,Low
19.25,-68.91,2008,4,Atlantic Ocean,Neuston net,0.0,Low
28.5446,-14.0644,2015,2,Atlantic Ocean,Grab sample,0.033,Low
4.41,-145.74,2009,7,Pacific Ocean,Neuston net,0.0,Low
10.141183,-28.419333,2018,7,Atlantic Ocean,Manta net,0.049996,Low
24.37,-147.78,2008,10,Pacific Ocean,Neuston net,0.892728,High
38.801667,15.844667,2021,9,Atlantic Ocean,Manta net,1.439939,High
24.59,-143.47,2009,5,Pacific Ocean,Neuston net,0.041396,Low
27.5737,-82.6868,2017,5,Atlantic Ocean,Van Dorn sampler,1000.0,High
20.6833,-35.2167,2014,12,Atlantic Ocean,Grab sample,0.028,Low
42.15,-69.27,1998,7,Atlantic Ocean,Neuston net,0.026992,Low
44.55,-62.69,1990,8,Atlantic Ocean,Neuston net,0.0,Low
21.15,-142.77,2006,7,Pacific Ocean,Neuston net,0.0,Low
35.6883,-71.4767,2014,6,Atlantic Ocean,Grab sample,0.006,Low
42.36,-63.82,2007,6,Atlantic Ocean,Neuston net,0.25054,High
-31.1353,-25.223,2011,1,Atlantic Ocean,Neuston net,4.594996,High
22.76,-141.69,2005,12,Pacific Ocean,Neuston net,0.0,Low
24.39,-83.21,2007,1,Atlantic Ocean,Neuston net,0.01296,Low
25.55,-75.68,1995,5,Atlantic Ocean,Neuston net,0.086392,High
23.37,-60.6,2001,4,Atlantic Ocean,Neuston net,0.0216,Low
43.18,-67.98,1992,5,Atlantic Ocean,Neuston net,0.0,Low
17.3211,-87.7892,2013,12,Atlantic Ocean,Grab sample,0.01,Low
12.22,-68.08,1992,12,Atlantic Ocean,Neuston net,0.00432,Low
33.38,-59.72,1993,10,Atlantic Ocean,Neuston net,0.01728,Low
36.1165,-4.254,2017,10,Atlantic Ocean,Intake seawater pump,212.0,High
-14.5,-146.43,2002,2,Pacific Ocean,Neuston net,0.00432,Low
17.46,-63.8,2002,11,Atlantic Ocean,Neuston net,0.0,Low
27.1974,-38.1324,2013,6,Atlantic Ocean,Neuston net,2.032809,High
32.8981,-140.3256,2009,8,Pacific Ocean,Manta net,16.44,High
56.023333,-3.298167,2022,11,Atlantic Ocean,Neuston net,0.220293,High
15.48,-76.05,1993,3,Atlantic Ocean,Neuston net,0.00648,Low
39.187167,10.924667,2021,9,Atlantic Ocean,Manta net,0.205191,High
17.54,-79.76,2007,12,Atlantic Ocean,Neuston net,0.010384,Low
15.0,-65.84,2000,12,Atlantic Ocean,Neuston net,0.01296,Low
14.83,-61.37,1997,12,Atlantic Ocean,Neuston net,0.0054,Low
12.95,-156.94,2007,4,Pacific Ocean,Neuston net,0.0216,Low
19.82,-79.6,2002,3,Atlantic Ocean,Neuston net,0.0036,Low
26.27,-21.49,2014,11,Atlantic Ocean,Grab sample,0.001,Low
39.9,-157.2,2008,12,Pacific Ocean,Neuston net,0.0,Low
12.32,-60.3,2000,11,Atlantic Ocean,Neuston net,0.00216,Low
28.72,-140.03,2010,10,Pacific Ocean,Neuston net,0.0,Low
26.1264,-80.0922,2015,6,Atlantic Ocean,Grab sample,0.007,Low
44.23,-60.83,1994,7,Atlantic Ocean,Neuston net,0.00216,Low
28.0,-80.02,1998,2,Atlantic Ocean,Neuston net,0.0,Low
31.1502,-159.979,2009,9,Pacific Ocean,Neuston net,3.090374,High
19.43,-145.47,2005,3,Pacific Ocean,Neuston net,0.00432,Low
16.68,-59.05,2005,11,Atlantic Ocean,Neuston net,0.004056,Low
31.72,-144.77,2011,10,Pacific Ocean,Neuston net,0.0,Low
88.04016,10.04138,2016,9,Arctic Ocean,CTD rosette sampler,0.0,Low
32.11,-66.59,1996,5,Atlantic Ocean,Neuston net,0.062636,Low
56.118667,-2.609833,2018,12,Atlantic Ocean,Neuston net,0.009461,Low
27.8589,-82.4686,2016,7,Atlantic Ocean,Van Dorn sampler,2000.0,High
0.683,-85.1,1987,11,Pacific Ocean,Manta net,0.032,Low
23.8,-108.52,2001,10,Pacific Ocean,Neuston net,0.00432,Low
39.98,-65.99,2002,6,Atlantic Ocean,Neuston net,0.0,Low
20.88,-59.15,1992,10,Atlantic Ocean,Neuston net,0.042252,Low
28.09,-65.04,1999,5,Atlantic Ocean,Neuston net,0.101512,High
41.150333,7.9905,2021,9,Atlantic Ocean,Manta net,0.148626,High
54.770583,-147.498167,2019,2,Pacific Ocean,Neuston net,0.078263,Low
15.6333,-51.0325,2014,11,Atlantic Ocean,Grab sample,0.068,Low
6.84,-149.44,2006,3,Pacific Ocean,Neuston net,0.0,Low
24.1,-82.25,1998,1,Atlantic Ocean,Neuston net,0.0,Low
32.47625,-133.46005,2015,9,Pacific Ocean,Manta net,0.91359,High
41.9,-68.55,1994,8,Atlantic Ocean,Neuston net,0.0,Low
39.75,-69.57,2004,8,Atlantic Ocean,Neuston net,0.002492,Low
11.72,-61.9,1992,11,Atlantic Ocean,Neuston net,0.0,Low
24.27,-82.21,2003,1,Atlantic Ocean,Neuston net,0.0,Low
28.06,-59.48,2007,10,Atlantic Ocean,Neuston net,0.026816,Low
30.12,-70.5,1991,5,Atlantic Ocean,Neuston net,0.057596,Low
32.00336,-140.348,2015,8,Pacific Ocean,Manta net,4.092073,High
39.0,-141.017,1972,4,Pacific Ocean,Neuston net,0.017,Low
18.46,-157.58,2009,7,Pacific Ocean,Neuston net,0.0108,Low
7.693,-81.7568,2016,5,Pacific Ocean,Grab sample,0.0,Low
28.04,-140.48,2011,2,Pacific Ocean,Neuston net,0.0,Low
27.57,-74.38,1987,4,Atlantic Ocean,Neuston net,0.0198,Low
42.61,-68.19,1992,8,Atlantic Ocean,Neuston net,0.00864,Low
68.823,-53.124,2021,7,Arctic Ocean,Manta net,0.054608,Low
23.89,-67.95,1999,2,Atlantic Ocean,Neuston net,0.0,Low
29.7322,-46.0428,2013,7,Atlantic Ocean,Neuston net,0.810466,High
38.777667,11.7445,2021,9,Atlantic Ocean,Manta net,0.182471,High
5.79,-147.72,2004,12,Pacific Ocean,Neuston net,0.0,Low
12.4856,-61.4597,2014,3,Atlantic Ocean,Grab sample,0.002,Low
24.6048,-146.387,2009,6,Pacific Ocean,Neuston net,0.028743,Low
27.6934,-82.5559,2016,10,Atlantic Ocean,Van Dorn sampler,2000.0,High
30.18,-59.48,1997,10,Atlantic Ocean,Neuston net,0.032396,Low
40.74,-70.52,2007,7,Atlantic Ocean,Neuston net,0.0,Low
49.4856,-124.3535,2015,9,Pacific Ocean,Grab sample,0.01,Low
88.6113,-121.77868,2016,8,Arctic Ocean,CTD rosette sampler,63.0,High
35.0319,-152.8238,2015,8,Pacific Ocean,Manta net,1.309742,High
-27.05913,-76.03883,2015,10,Pacific Ocean,Neuston net,0.047725,Low
16.2,-84.6,1994,3,Atlantic Ocean,Neuston net,0.0,Low
28.58695,-132.28805,2015,9,Pacific Ocean,Manta net,1.189007,High
24.73,-139.58,2005,12,Pacific Ocean,Neuston net,0.0,Low
23.35,-144.31,2006,5,Pacific Ocean,Neuston net,0.0,Low
41.79,-69.93,2014,11,Atlantic Ocean,Grab sample,0.001,Low
32.823667,35.035,2013,10,Atlantic Ocean,Manta net,0.810304,High
-20.8695,-161.8265,2016,9,Pacific Ocean,Manta net,0.006864,Low
29.18,-58.51,2004,10,Atlantic Ocean,Neuston net,0.00864,Low
23.06,-73.22,2004,4,Atlantic Ocean,Neuston net,0.028076,Low
-5.3,-25.7,2014,5,Atlantic Ocean,Grab sample,0.005,Low
27.33,-142.18,2009,5,Pacific Ocean,Neuston net,0.003324,Low
27.8524,-82.4093,2016,7,Atlantic Ocean,Van Dorn sampler,2000.0,High
60.3307,-148.02,2015,12,Pacific Ocean,Grab sample,0.006,Low
25.32,-83.73,1996,3,Atlantic Ocean,Neuston net,0.0,Low
24.14,-82.83,1993,1,Atlantic Ocean,Neuston net,0.00432,Low
22.0,-74.18,1996,4,Atlantic Ocean,Neuston net,0.0,Low
37.455,-0.876667,2015,3,Atlantic Ocean,Manta net,0.435,High
3.48,-143.62,2012,9,Pacific Ocean,Neuston net,0.0,Low
24.9,-58.1,1992,10,Atlantic Ocean,Neuston net,0.00864,Low
33.38,-64.87,1987,6,Atlantic Ocean,Neuston net,0.037436,Low
40.72,17.971,2021,7,Atlantic Ocean,Manta net,0.543033,High
44.273233,9.1401,2018,6,Atlantic Ocean,Manta net,0.343975,High
43.5743,7.393,2010,8,Atlantic Ocean,Neuston net,0.537604,High
14.12,-157.12,2003,12,Pacific Ocean,Neuston net,0.00864,Low
26.08,-79.48,2003,3,Atlantic Ocean,Neuston net,0.0,Low
24.62,-80.32,1996,2,Atlantic Ocean,Neuston net,0.0,Low
25.65,-65.7,2007,5,Atlantic Ocean,Neuston net,0.006392,Low
41.379079,2.194423,2021,2,Atlantic Ocean,Manta net,0.253333,High
11.09,-156.77,2009,3,Pacific Ocean,Neuston net,0.043196,Low
19.0051,-155.5729,2007,11,Pacific Ocean,Neuston net,0.617719,High
25.3371,-156.16475,2015,8,Pacific Ocean,Manta net,0.066203,Low
22.99,-148.78,2005,2,Pacific Ocean,Neuston net,0.0,Low
-26.45324,-105.36645,2015,11,Pacific Ocean,Neuston net,0.03068,Low
19.62,-146.5,2008,10,Pacific Ocean,Neuston net,0.00216,Low
14.8527,-60.5023,2014,12,Atlantic Ocean,Grab sample,0.001,Low
16.0,-32.0,2014,11,Atlantic Ocean,Grab sample,0.004,Low
27.6,-59.09,2006,10,Atlantic Ocean,Neuston net,0.00864,Low
39.644,19.985,2015,4,Atlantic Ocean,Manta net,0.346667,High
40.0225,17.990833,2020,10,Atlantic Ocean,Manta net,2.32681,High
43.063117,6.262567,2016,8,Atlantic Ocean,Manta net,0.756104,High
33.1,-156.49,2005,10,Pacific Ocean,Neuston net,0.0,Low
40.486,-151.25485,2015,8,Pacific Ocean,Manta net,0.182829,High
25.13,-82.92,1997,1,Atlantic Ocean,Neuston net,0.003084,Low
-9.71,-140.0,2012,12,Pacific Ocean,Neuston net,0.002072,Low
27.8524,-82.4093,2017,4,Atlantic Ocean,Plankton net,4.2,High
34.2444,30.0743,2014,8,Atlantic Ocean,Manta net,0.111524,High
25.42,-79.7,1998,3,Atlantic Ocean,Neuston net,0.0,Low
40.16,-62.65,2005,5,Atlantic Ocean,Neuston net,0.00432,Low
37.62,-65.65,2001,10,Atlantic Ocean,Neuston net,0.00432,Low
35.113602,-12.841339,2015,11,Atlantic Ocean,Intake seawater pump,0.0,Low
58.427167,-2.963333,2022,1,Atlantic Ocean,Neuston net,0.0,Low
33.09,-156.27,2004,5,Pacific Ocean,Neuston net,0.00266,Low
28.72,-140.03,2004,1,Pacific Ocean,Neuston net,0.00432,Low
24.95,-75.43,1995,5,Atlantic Ocean,Neuston net,0.25662,High
28.3,-71.18,1992,5,Atlantic Ocean,Neuston net,0.043196,Low
-41.0462,-51.8466,2018,4,Atlantic Ocean,Intake seawater pump,19.0,High
12.52,-156.96,2010,11,Pacific Ocean,Neuston net,0.0072,Low
32.65,-64.19,2008,10,Atlantic Ocean,Neuston net,0.043196,Low
35.13,-64.06,2001,6,Atlantic Ocean,Neuston net,0.0,Low
42.608167,-129.894717,2019,12,Pacific Ocean,Manta net,0.228787,High
43.025,9.7,2013,6,Atlantic Ocean,Neuston net,1.546392,High
55.4975,-4.8845,2019,11,Atlantic Ocean,Neuston net,0.0,Low
68.154,14.758667,2020,6,Arctic Ocean,Manta net,0.012515,Low
19.51,-144.23,2009,11,Pacific Ocean,Neuston net,0.0,Low
15.0333,-55.6667,2014,12,Atlantic Ocean,Grab sample,0.036,Low
29.000885,-141.609,2015,7,Pacific Ocean,Manta net,3.546383,High
24.37,-83.54,2008,1,Atlantic Ocean,Neuston net,0.0,Low
34.055,-142.0341,2009,8,Pacific Ocean,Manta net,1.883,High
32.3905,-125.8473,2014,9,Pacific Ocean,Grab sample,0.019,Low
36.9824,-122.9856,2015,7,Pacific Ocean,Grab sample,0.019,Low
41.403637,2.2193,2021,5,Atlantic Ocean,Manta net,1.199333,High
39.9,-157.2,2007,7,Pacific Ocean,Neuston net,0.0,Low
18.98,-75.08,2005,3,Atlantic Ocean,Neuston net,0.012,Low
16.62,-81.17,1998,2,Atlantic Ocean,Neuston net,0.0,Low
11.1,-64.52,1994,12,Atlantic Ocean,Neuston net,0.00432,Low
26.8,-60.96,1998,10,Atlantic Ocean,Neuston net,0.053996,Low
20.6485,-40.3213,2014,12,Atlantic Ocean,Grab sample,0.049,Low
31.54,-143.82,2006,12,Pacific Ocean,Neuston net,0.0,Low
31.75,-66.43,1995,5,Atlantic Ocean,Neuston net,0.048604,Low
-33.5729,-13.7057,2010,11,Atlantic Ocean,Neuston net,0.976803,High
12.6275,-70.800417,2018,2,Atlantic Ocean,Manta net,0.005394,Low
29.98,-140.0,2005,5,Pacific Ocean,Neuston net,0.0,Low
22.9,-107.51,2002,12,Pacific Ocean,Neuston net,0.0,Low
37.15,-64.07,2003,10,Atlantic Ocean,Neuston net,0.0,Low
13.69,-156.87,2011,11,Pacific Ocean,Neuston net,0.018584,Low
-0.51,-90.08,2001,12,Pacific Ocean,Neuston net,0.0,Low
17.932333,-76.843306,2017,9,Atlantic Ocean,Manta net,0.67,High
48.3688,-124.6248,2015,5,Pacific Ocean,Grab sample,0.002,Low
19.95,-156.16,2011,3,Pacific Ocean,Neuston net,0.0,Low
12.47,-62.47,1997,12,Atlantic Ocean,Neuston net,0.0,Low
18.28,-64.88,1996,12,Atlantic Ocean,Neuston net,0.0,Low
25.79,-79.34,2000,4,Atlantic Ocean,Neuston net,0.05554,Low
21.04,-65.5,2001,5,Atlantic Ocean,Neuston net,0.079192,Low
41.72,-69.73,1993,6,Atlantic Ocean,Neuston net,0.0,Low
64.962,10.401667,2019,7,Arctic Ocean,Manta net,0.007234,Low
82.4763,-149.69,2016,9,Arctic Ocean,Intake seawater pump,1.0,High
-32.607,-10.2,2010,11,Atlantic Ocean,Neuston net,2.197704,High
-2.987251,-10.544067,2015,11,Atlantic Ocean,Intake seawater pump,1.5,High
14.15,-70.94,1998,12,Atlantic Ocean,Neuston net,0.0,Low
16.47,-63.63,1989,12,Atlantic Ocean,Neuston net,0.00648,Low
25.69,-141.14,2009,2,Pacific Ocean,Neuston net,0.0,Low
25.82,-76.8,1997,5,Atlantic Ocean,Neuston net,0.01944,Low
38.44652,-9.04146,2018,10,Atlantic Ocean,Neuston net,0.075771,Low
10.760339,-61.441728,2015,11,Atlantic Ocean,Hand picking,1.111111,High
33.2,-60.55,1993,10,Atlantic Ocean,Neuston net,0.00216,Low
41.849824,3.147244,2021,5,Atlantic Ocean,Manta net,0.504,High
42.47,-69.25,2008,7,Atlantic Ocean,Neuston net,0.02522,Low
73.267833,19.7345,2020,7,Arctic Ocean,Manta net,0.05051,Low
29.006242,-142.305,2015,7,Pacific Ocean,Manta net,2.413153,High
34.17,-65.2,1989,6,Atlantic Ocean,Neuston net,0.285096,High
40.47,-63.68,1992,7,Atlantic Ocean,Neuston net,0.0,Low
52.554583,-143.020583,2019,3,Pacific Ocean,Neuston net,0.0,Low
13.69,-156.87,2012,11,Pacific Ocean,Neuston net,0.313744,High
11.8,-166.41,2002,4,Pacific Ocean,Neuston net,0.0,Low
-30.9504,-95.3477,2011,4,Pacific Ocean,Neuston net,0.061692,Low
18.93,-76.75,2002,3,Atlantic Ocean,Neuston net,0.00864,Low
25.51,-79.89,2004,2,Atlantic Ocean,Neuston net,0.045276,Low
25.1401,-151.9014,2018,11,Pacific Ocean,Manta net,3.656354,High
15.62,-64.13,1994,12,Atlantic Ocean,Neuston net,0.0,Low
-31.94,-28.6897,2011,1,Atlantic Ocean,Neuston net,1.120932,High
19.28,-80.55,2006,12,Atlantic Ocean,Neuston net,0.0,Low
29.23,-59.19,2000,10,Atlantic Ocean,Neuston net,0.0,Low
38.653411,-11.93308,2015,11,Atlantic Ocean,Intake seawater pump,0.0,Low
43.49,-59.55,1997,7,Atlantic Ocean,Neuston net,0.0243,Low
8.38,-151.97,2009,4,Pacific Ocean,Neuston net,0.003456,Low
28.7676,-151.50785,2015,8,Pacific Ocean,Manta net,0.173261,High
13.63,-70.97,1991,12,Atlantic Ocean,Neuston net,0.0,Low
31.07,-65.99,1997,4,Atlantic Ocean,Neuston net,0.675716,High
35.8934,-139.9825,2009,8,Pacific Ocean,Manta net,5.167,High
38.934833,17.934,2021,7,Atlantic Ocean,Manta net,0.232996,High
32.66775,-150.37115,2015,8,Pacific Ocean,Manta net,4.421236,High
40.38,-157.49,2010,7,Pacific Ocean,Neuston net,0.44862,High
25.23,-59.2,2000,4,Atlantic Ocean,Neuston net,0.028076,Low
-2.89,-141.53,2002,3,Pacific Ocean,Neuston net,0.0,Low
13.8,-72.48,1987,12,Atlantic Ocean,Neuston net,0.0096,Low
25.28,-147.0,2010,10,Pacific Ocean,Neuston net,2.712124,High
32.1733,-132.3321,2009,8,Pacific Ocean,Manta net,0.837,High
55.888833,-2.048,2020,1,Atlantic Ocean,Neuston net,0.0,Low
23.82,-75.17,1998,2,Atlantic Ocean,Neuston net,0.0,Low
18.68,-76.92,2004,4,Atlantic Ocean,Neuston net,0.01296,Low
15.95,-60.05,1991,10,Atlantic Ocean,Neuston net,0.0,Low
57.608833,-3.880333,2014,5,Atlantic Ocean,Neuston net,0.003221,Low
58.4715,-6.685167,2021,1,Atlantic Ocean,Neuston net,0.156827,High
38.8756,-76.2563,2016,7,Atlantic Ocean,Grab sample,0.007,Low
39.68,-69.25,1998,6,Atlantic Ocean,Neuston net,0.0,Low
43.2407,5.343,2019,6,Atlantic Ocean,Manta net,0.054113,Low
18.8,-75.43,1995,2,Atlantic Ocean,Neuston net,0.00648,Low
30.43,-78.7,2001,4,Atlantic Ocean,Neuston net,0.00432,Low
42.23,-69.37,2007,7,Atlantic Ocean,Neuston net,0.0,Low
60.4859,-148.2687,2015,12,Pacific Ocean,Grab sample,0.006,Low
31.746667,34.593,2014,5,Atlantic Ocean,Manta net,10.50759,High
16.13,-162.0,2006,10,Pacific Ocean,Neuston net,0.00648,Low
18.25,-76.13,1987,2,Atlantic Ocean,Neuston net,0.01512,Low
17.9,-64.62,1997,12,Atlantic Ocean,Neuston net,0.0,Low
24.75,-75.87,1991,4,Atlantic Ocean,Neuston net,0.0,Low
15.24,-74.62,1998,12,Atlantic Ocean,Neuston net,0.006644,Low
28.295,-115.5778,2015,4,Pacific Ocean,Grab sample,0.006,Low
27.9456,-82.6943,2016,8,Atlantic Ocean,Van Dorn sampler,0.0,Low
26.0283,-20.2733,2014,11,Atlantic Ocean,Grab sample,0.006,Low
31.46,-70.73,1996,5,Atlantic Ocean,Neuston net,0.0108,Low
32.0609,-47.6879,2013,7,Atlantic Ocean,Neuston net,0.894613,High
55.1984,-131.1537,2014,8,Pacific Ocean,Grab sample,0.007,Low
21.42,-142.07,2004,10,Pacific Ocean,Neuston net,0.0,Low
23.48,-60.95,1999,4,Atlantic Ocean,Neuston net,0.028076,Low
34.12,-58.17,1992,10,Atlantic Ocean,Neuston net,0.034556,Low
32.76,-150.21,2011,4,Pacific Ocean,Neuston net,0.0,Low
43.52,-63.88,1994,7,Atlantic Ocean,Neuston net,0.00432,Low
38.45935,-130.4462,2015,9,Pacific Ocean,Manta net,0.699219,High
33.8,-63.45,1994,10,Atlantic Ocean,Neuston net,0.047516,Low
34.67,-65.48,1992,5,Atlantic Ocean,Neuston net,0.045356,Low
41.39,-64.07,2001,6,Atlantic Ocean,Neuston net,0.0,Low
37.55,-63.92,2003,5,Atlantic Ocean,Neuston net,0.0,Low
19.8062,-25.2137,2014,11,Atlantic Ocean,Grab sample,0.165,High
22.8342,-18.9109,2014,11,Atlantic Ocean,Grab sample,0.015,Low
37.731,23.241,2015,11,Atlantic Ocean,Manta net,3.08,High
43.096667,6.378167,2016,6,Atlantic Ocean,Manta net,0.283673,High
29.7,-66.8,1991,5,Atlantic Ocean,Neuston net,0.062636,Low
18.4,-64.15,2007,11,Atlantic Ocean,Neuston net,0.0,Low
30.996977,-134.835,2015,8,Pacific Ocean,Manta net,2.78158,High
26.29,-57.33,2002,10,Atlantic Ocean,Neuston net,0.043196,Low
38.829667,-28.285,2019,6,Atlantic Ocean,Manta net,0.642699,High
1.95,-95.583,1987,10,Pacific Ocean,Manta net,0.038,Low
24.29,-110.11,2001,10,Pacific Ocean,Neuston net,0.0,Low
29.52,-60.5,1986,10,Atlantic Ocean,Neuston net,0.077776,Low
25.83,-72.87,1993,5,Atlantic Ocean,Neuston net,0.25926,High
39.66,-69.98,1995,6,Atlantic Ocean,Neuston net,0.01728,Low
37.11,-65.66,2002,5,Atlantic Ocean,Neuston net,0.01296,Low
44.252667,-11.822833,2019,6,Atlantic Ocean,Manta net,0.022518,Low
56.012,-3.480167,2021,12,Atlantic Ocean,Neuston net,0.06712,Low
22.4065,-153.7625,2019,1,Pacific Ocean,Manta net,0.501453,High
13.78,-62.95,2002,12,Atlantic Ocean,Neuston net,0.0,Low
13.77,-69.78,1995,12,Atlantic Ocean,Neuston net,0.0,Low
33.1,-149.63,2008,3,Pacific Ocean,Neuston net,0.00216,Low
26.6,-142.77,2011,2,Pacific Ocean,Neuston net,0.0,Low
27.61,-82.7832,2016,6,Atlantic Ocean,Van Dorn sampler,2000.0,High
28.5522,-50.1026,2010,2,Atlantic Ocean,Neuston net,0.355369,High
37.7882,-122.4913,2016,3,Pacific Ocean,Grab sample,0.002,Low
42.35,-70.24,2006,7,Atlantic Ocean,Neuston net,0.005892,Low
43.6545,7.238,2014,6,Atlantic Ocean,Manta net,4.76382,High
20.35,-154.67,2005,7,Pacific Ocean,Neuston net,0.0,Low
17.08,-63.98,2007,11,Atlantic Ocean,Neuston net,0.0,Low
32.37,-146.51,2009,10,Pacific Ocean,Neuston net,0.0,Low
36.87,-65.08,1991,10,Atlantic Ocean,Neuston net,0.051836,Low
-24.3825,-7.267,2011,1,Atlantic Ocean,Neuston net,0.604966,High
24.01,-73.71,2002,4,Atlantic Ocean,Neuston net,0.0036,Low
39.27,-68.78,1997,6,Atlantic Ocean,Neuston net,0.015428,Low
50.3226,-5.2224,2016,10,Atlantic Ocean,Grab sample,0.003,Low
19.91,-69.14,2000,5,Atlantic Ocean,Neuston net,0.028796,Low
28.63,-58.22,2004,10,Atlantic Ocean,Neuston net,0.0,Low
31.05,-70.44,2001,4,Atlantic Ocean,Neuston net,0.02356,Low
12.52,-156.96,2003,12,Pacific Ocean,Neuston net,0.0,Low
16.75,-60.28,1995,11,Atlantic Ocean,Neuston net,0.004548,Low
26.3461,-80.0731,2014,11,Atlantic Ocean,Grab sample,0.003,Low
30.7,-71.91,1997,4,Atlantic Ocean,Neuston net,0.00648,Low
31.3438,-71.3528,2013,11,Atlantic Ocean,Grab sample,0.061,Low
24.18,-83.73,1996,3,Atlantic Ocean,Neuston net,0.0,Low
42.16,-64.31,2003,6,Atlantic Ocean,Neuston net,0.025408,Low
12.33,-61.82,1993,11,Atlantic Ocean,Neuston net,0.0,Low
16.4215,-42.6645,2014,11,Atlantic Ocean,Grab sample,0.038,Low
29.008225,-136.2595,2015,7,Pacific Ocean,Manta net,0.864578,High
40.63,-69.88,1992,9,Atlantic Ocean,Neuston net,0.00216,Low
-1.07,-90.84,2001,12,Pacific Ocean,Neuston net,0.0,Low
23.98,-82.07,1997,1,Atlantic Ocean,Neuston net,0.00432,Low
25.49,-59.5,2006,10,Atlantic Ocean,Neuston net,0.034556,Low
40.083333,19.133333,2013,5,Atlantic Ocean,Neuston net,0.976801,High
43.052133,9.630333,2018,6,Atlantic Ocean,Manta net,0.10815,High
23.65,-149.74,2006,5,Pacific Ocean,Neuston net,0.0,Low
16.89,-76.7,2000,12,Atlantic Ocean,Neuston net,0.0,Low
41.2334,2.129,2014,10,Atlantic Ocean,Manta net,1.795128,High
20.57,-154.86,2010,10,Pacific Ocean,Neuston net,0.0108,Low
33.35,-150.87,2009,4,Pacific Ocean,Neuston net,0.0,Low
26.09,-76.7,1998,4,Atlantic Ocean,Neuston net,0.110152,High
27.6934,-82.5559,2016,7,Atlantic Ocean,Van Dorn sampler,0.0,Low
37.28,-64.84,2001,10,Atlantic Ocean,Neuston net,0.080972,High
16.47,-86.0,2001,3,Atlantic Ocean,Neuston net,0.0,Low
28.42,-70.18,1992,5,Atlantic Ocean,Neuston net,0.02376,Low
33.56,-152.27,2010,12,Pacific Ocean,Neuston net,0.0,Low
6.35,-162.49,2003,5,Pacific Ocean,Neuston net,0.0,Low
5.28,-146.64,2006,3,Pacific Ocean,Neuston net,0.0,Low
18.97,-143.47,2012,6,Pacific Ocean,Neuston net,0.017416,Low
25.02,-58.73,1994,10,Atlantic Ocean,Neuston net,0.0,Low
36.728415,2.795861,2018,11,Atlantic Ocean,Manta net,0.724014,High
43.14,-68.8,1992,8,Atlantic Ocean,Neuston net,0.00216,Low
34.0563,-140.7643,2009,8,Pacific Ocean,Manta net,7.784,High
40.2,-70.5,1992,6,Atlantic Ocean,Neuston net,0.0,Low
14.85,-62.38,1992,11,Atlantic Ocean,Neuston net,0.0,Low
24.52,-148.47,2005,2,Pacific Ocean,Neuston net,0.0,Low
26.1,-77.73,1996,2,Atlantic Ocean,Neuston net,0.053996,Low
25.212,-63.6839,2014,5,Atlantic Ocean,Grab sample,0.01,Low
11.1,-59.76,2003,11,Atlantic Ocean,Neuston net,0.0,Low
42.21,-70.25,2002,7,Atlantic Ocean,Neuston net,0.0,Low
39.494,20.166,2014,10,Atlantic Ocean,Manta net,0.7,High
15.5034,-52.455,2014,11,Atlantic Ocean,Grab sample,0.002,Low
29.05,-58.7,2000,10,Atlantic Ocean,Neuston net,0.224624,High
21.04,-61.12,1999,4,Atlantic Ocean,Neuston net,0.0108,Low
21.17,-68.83,1991,12,Atlantic Ocean,Neuston net,0.00864,Low
31.73,-68.77,1997,4,Atlantic Ocean,Neuston net,0.043196,Low
19.03,-80.42,2008,12,Atlantic Ocean,Neuston net,0.001456,Low
17.32,-78.7,1992,3,Atlantic Ocean,Neuston net,0.0,Low
26.05,-141.2,2005,7,Pacific Ocean,Neuston net,0.00216,Low
24.03,-74.04,1990,4,Atlantic Ocean,Neuston net,0.0,Low
34.93,-64.6,1995,5,Atlantic Ocean,Neuston net,0.384448,High
38.02,-66.8,2007,10,Atlantic Ocean,Neuston net,0.0,Low
15.35,-74.3,1991,12,Atlantic Ocean,Neuston net,0.0,Low
15.98,-62.23,2001,11,Atlantic Ocean,Neuston net,0.006912,Low
24.38,-82.71,2001,1,Atlantic Ocean,Neuston net,0.013744,Low
21.17,-71.41,2008,3,Atlantic Ocean,Neuston net,0.002204,Low
42.921,6.271667,2019,8,Atlantic Ocean,Manta net,0.360385,High
12.95,-156.94,2008,11,Pacific Ocean,Neuston net,0.0216,Low
39.593333,-18.65,2014,8,Atlantic Ocean,Manta net,0.45584,High
17.62,-64.97,1991,11,Atlantic Ocean,Neuston net,0.0,Low
15.6301,-40.5468,2014,12,Atlantic Ocean,Grab sample,0.029,Low
43.35,-68.12,2000,8,Atlantic Ocean,Neuston net,0.0,Low
14.12,-157.12,2010,6,Pacific Ocean,Neuston net,0.0,Low
9.9962,-85.7034,2014,3,Pacific Ocean,Grab sample,0.012,Low
17.52,-63.42,1996,12,Atlantic Ocean,Neuston net,0.0,Low
35.617,-127.9,1972,4,Pacific Ocean,Neuston net,0.003,Low
18.08,-68.22,1992,12,Atlantic Ocean,Neuston net,0.0,Low
25.41,-79.82,2006,3,Atlantic Ocean,Neuston net,0.0,Low
24.1,-77.03,1995,3,Atlantic Ocean,Neuston net,0.00216,Low
40.16,-157.42,2005,4,Pacific Ocean,Neuston net,0.0,Low
18.47,-75.09,2000,12,Atlantic Ocean,Neuston net,0.0243,Low
24.53,-76.09,1992,4,Atlantic Ocean,Neuston net,0.00648,Low
43.1094,3.1144,2014,9,Atlantic Ocean,Grab sample,0.002,Low
-12.1475,-77.0254,2015,10,Pacific Ocean,Grab sample,0.0,Low
17.87,-70.4,1989,12,Atlantic Ocean,Neuston net,0.0,Low
27.8524,-82.4093,2016,10,Atlantic Ocean,Plankton net,4.9,High
21.53,-65.82,2001,5,Atlantic Ocean,Neuston net,0.356372,High
30.97,-69.62,1991,5,Atlantic Ocean,Neuston net,0.0216,Low
16.36,-159.94,2009,7,Pacific Ocean,Neuston net,0.016196,Low
29.79,-64.82,2001,5,Atlantic Ocean,Neuston net,0.133908,High
32.47,-60.18,1992,10,Atlantic Ocean,Neuston net,0.01728,Low
17.58,-60.48,1998,11,Atlantic Ocean,Neuston net,0.00216,Low
27.99,-60.55,2008,11,Atlantic Ocean,Neuston net,0.007072,Low
25.33,-59.96,1996,10,Atlantic Ocean,Neuston net,0.107992,High
28.93,-70.54,1992,5,Atlantic Ocean,Neuston net,0.00648,Low
32.2,-65.57,2001,6,Atlantic Ocean,Neuston net,0.0,Low
17.55,-158.31,2011,4,Pacific Ocean,Neuston net,0.011996,Low
25.68,-143.09,2005,12,Pacific Ocean,Neuston net,0.0,Low
-12.41,-140.09,2012,12,Pacific Ocean,Neuston net,0.0,Low
41.28,-68.82,1993,7,Atlantic Ocean,Neuston net,0.0,Low
58.070317,23.41535,2019,6,Atlantic Ocean,Manta net,0.416986,High
33.56,-152.27,2004,5,Pacific Ocean,Neuston net,0.0,Low
11.509928,-21.746309,2015,11,Atlantic Ocean,Intake seawater pump,0.0,Low
31.72,-144.77,2012,10,Pacific Ocean,Neuston net,0.125584,High
42.53,-67.97,1997,7,Atlantic Ocean,Neuston net,0.0,Low
27.82,-79.99,2000,4,Atlantic Ocean,Neuston net,0.00216,Low
40.220556,18.498056,2020,12,Atlantic Ocean,Manta net,0.56057,High
42.604183,-129.898517,2019,12,Pacific Ocean,Manta net,0.0,Low
27.60835,-152.26665,2015,8,Pacific Ocean,Manta net,0.318286,High
16.8667,-48.25,2014,12,Atlantic Ocean,Grab sample,0.035,Low
32.4783,-119.1433,2009,8,Pacific Ocean,Manta net,0.123,High
35.52,-66.75,1987,5,Atlantic Ocean,Neuston net,0.01512,Low
12.19,-64.44,2000,12,Atlantic Ocean,Neuston net,0.0,Low
32.51375,-151.22505,2015,8,Pacific Ocean,Manta net,0.887341,High
60.0495,-149.4432,2015,7,Pacific Ocean,Grab sample,0.008,Low
24.07,-58.13,1991,10,Atlantic Ocean,Neuston net,0.0108,Low
43.34,-68.18,2004,9,Atlantic Ocean,Neuston net,0.00432,Low
-2.766667,-134.775,2017,4,Pacific Ocean,Manta net,0.0,Low
26.14,-143.12,2010,10,Pacific Ocean,Neuston net,0.0,Low
22.83,-71.55,1992,2,Atlantic Ocean,Neuston net,0.0072,Low
-23.987333,-120.3685,2016,5,Pacific Ocean,Manta net,0.009207,Low
16.88,-73.62,1997,12,Atlantic Ocean,Neuston net,0.0,Low
37.25,-74.35,2006,6,Atlantic Ocean,Neuston net,0.00864,Low
37.4,-69.43,1987,5,Atlantic Ocean,Neuston net,0.050396,Low
-31.5774,-92.3432,2011,4,Pacific Ocean,Neuston net,0.112423,High
15.57,-78.98,1993,3,Atlantic Ocean,Neuston net,0.0,Low
35.8993,-139.8726,2009,8,Pacific Ocean,Manta net,4.169,High
34.0,-62.45,1995,10,Atlantic Ocean,Neuston net,0.253088,High
57.858833,-3.266333,2022,1,Atlantic Ocean,Neuston net,0.094106,High
14.523833,-56.445833,2020,12,Atlantic Ocean,Manta net,0.015568,Low
28.35,-78.22,1997,2,Atlantic Ocean,Neuston net,0.004324,Low
54.741167,-3.892,2020,1,Atlantic Ocean,Neuston net,0.981702,High
32.35,-155.1,2005,10,Pacific Ocean,Neuston net,0.0,Low
32.279667,34.825,2015,5,Atlantic Ocean,Manta net,2.014531,High
14.7228,-54.846,2014,12,Atlantic Ocean,Grab sample,0.004,Low
24.05,-74.05,1993,2,Atlantic Ocean,Neuston net,0.00432,Low
31.796167,-143.985,2019,12,Pacific Ocean,Manta net,8.294706,High
32.004965,-134.608,2015,8,Pacific Ocean,Manta net,7.732587,High
29.14,-65.08,2007,5,Atlantic Ocean,Neuston net,0.04048,Low
30.03,-74.05,1997,4,Atlantic Ocean,Neuston net,0.01296,Low
22.11,-141.71,2009,6,Pacific Ocean,Neuston net,0.0,Low
27.7084,-82.6092,2017,5,Atlantic Ocean,Van Dorn sampler,0.0,Low
24.46,-76.27,1991,4,Atlantic Ocean,Neuston net,0.0108,Low
83.9565,17.018,2016,9,Arctic Ocean,Intake seawater pump,0.0,Low
19.9017,-70.9533,2016,3,Atlantic Ocean,Grab sample,0.036,Low
16.41,-62.08,2001,11,Atlantic Ocean,Neuston net,0.011176,Low
-27.01313,-107.57368,2015,10,Pacific Ocean,Neuston net,0.02557,Low
11.22,-62.23,1996,12,Atlantic Ocean,Neuston net,0.0,Low
13.6,-60.73,1994,11,Atlantic Ocean,Neuston net,0.0036,Low
32.4,-144.56,2019,8,Pacific Ocean,Manta net,5.70248,High
41.73,-64.74,1999,7,Atlantic Ocean,Neuston net,0.0,Low
60.967,-147.392,2016,9,Pacific Ocean,Grab sample,0.0,Low
5.89,-87.09,2001,11,Pacific Ocean,Neuston net,0.00432,Low
17.83,-78.32,1996,4,Atlantic Ocean,Neuston net,0.01296,Low
16.03,-60.29,1996,11,Atlantic Ocean,Neuston net,0.0,Low
27.15,-71.18,1992,5,Atlantic Ocean,Neuston net,0.041036,Low
27.37,-79.79,1994,5,Atlantic Ocean,Neuston net,0.0,Low
54.671,-144.292583,2019,3,Pacific Ocean,Neuston net,0.033507,Low
29.02,-65.72,1998,4,Atlantic Ocean,Neuston net,0.073436,Low
42.3,-67.95,1996,10,Atlantic Ocean,Neuston net,0.00216,Low
56.191167,-4.758167,2018,10,Atlantic Ocean,Neuston net,0.126244,High
14.19,-69.54,2004,12,Atlantic Ocean,Neuston net,0.0,Low
26.8595,-130.5453,2015,9,Pacific Ocean,Manta net,0.402258,High
27.97,-58.6,1997,11,Atlantic Ocean,Neuston net,0.176416,High
19.2901,-156.0478,2008,1,Pacific Ocean,Neuston net,0.117848,High
16.95,-82.05,2001,3,Atlantic Ocean,Neuston net,0.00216,Low
11.324,-15.6545,2015,3,Atlantic Ocean,Grab sample,0.002,Low
38.3638,-137.5601,2015,8,Pacific Ocean,Manta net,6.006095,High
32.584,34.9055,2014,1,Atlantic Ocean,Manta net,1.407055,High
24.52,-148.47,2011,10,Pacific Ocean,Neuston net,0.0,Low
25.7755,-81.3747,2016,12,Atlantic Ocean,Grab sample,0.001,Low
23.37,-57.27,1986,10,Atlantic Ocean,Neuston net,0.10318,High
39.11,-69.36,1995,6,Atlantic Ocean,Neuston net,0.019636,Low
15.25,-157.55,2005,3,Pacific Ocean,Neuston net,0.0,Low
32.13,-71.42,2004,5,Atlantic Ocean,Neuston net,0.01944,Low
-8.67,-130.27,2001,12,Pacific Ocean,Neuston net,0.0,Low
25.05,-56.9,2002,10,Atlantic Ocean,Neuston net,0.104392,High
42.9287,10.1732,2019,6,Atlantic Ocean,Manta net,0.329775,High
-25.053167,7.44,2019,3,Atlantic Ocean,Manta net,0.175767,High
25.35,-141.11,2004,3,Pacific Ocean,Neuston net,0.01296,Low
20.2988,-87.0054,2014,1,Atlantic Ocean,Grab sample,0.003,Low
36.630917,-144.388917,2015,8,Pacific Ocean,Manta net,5.533933,High
33.09,-156.27,2010,12,Pacific Ocean,Neuston net,0.00266,Low
16.6,-63.07,1989,12,Atlantic Ocean,Neuston net,0.0,Low
24.18,-81.0,1998,1,Atlantic Ocean,Neuston net,0.0,Low
37.18,-66.13,1991,10,Atlantic Ocean,Neuston net,0.153348,High
37.902,23.615,2015,11,Atlantic Ocean,Manta net,0.416667,High
58.1985,-7.1805,2018,1,Atlantic Ocean,Neuston net,0.0,Low
27.76,-68.42,1999,2,Atlantic Ocean,Neuston net,0.0036,Low
-23.4996,-39.2757,2010,8,Atlantic Ocean,Neuston net,0.288747,High
24.3364,-29.1592,2015,5,Atlantic Ocean,Grab sample,0.017,Low
39.1098,-130.1168,2015,9,Pacific Ocean,Manta net,0.340995,High
41.849824,3.147244,2021,2,Atlantic Ocean,Manta net,0.342,High
-26.1643,-117.5795,2011,4,Pacific Ocean,Neuston net,0.045423,Low
22.18,-70.23,2007,2,Atlantic Ocean,Neuston net,0.0,Low
41.1,-70.78,1998,8,Atlantic Ocean,Neuston net,0.0,Low
19.24,-156.55,2005,12,Pacific Ocean,Neuston net,0.0,Low
23.52,-141.63,2004,10,Pacific Ocean,Neuston net,0.0,Low
55.9945,-4.880833,2021,9,Atlantic Ocean,Neuston net,0.0,Low
15.02,-59.18,1995,11,Atlantic Ocean,Neuston net,0.0,Low
14.23,-61.18,1992,11,Atlantic Ocean,Neuston net,0.0,Low
30.2,-68.43,1994,5,Atlantic Ocean,Neuston net,0.030604,Low
45.52,-58.62,2001,8,Atlantic Ocean,Neuston net,0.0,Low
16.28,-160.37,2004,12,Pacific Ocean,Neuston net,0.0,Low
22.99,-148.78,2011,5,Pacific Ocean,Neuston net,0.0,Low
13.12,-69.81,1998,12,Atlantic Ocean,Neuston net,0.0,Low
30.999907,-135.9415,2015,8,Pacific Ocean,Manta net,1.964699,High
43.89,-64.4,1992,5,Atlantic Ocean,Neuston net,0.00648,Low
12.52,-68.68,1995,12,Atlantic Ocean,Neuston net,0.0,Low
60.086,-0.838,2021,1,Atlantic Ocean,Neuston net,0.0,Low
17.8017,-38.19,2014,12,Atlantic Ocean,Grab sample,0.006,Low
22.3413,-19.9525,2014,11,Atlantic Ocean,Grab sample,0.004,Low
33.06,-148.13,2009,10,Pacific Ocean,Neuston net,0.0,Low
31.54,-143.82,2008,7,Pacific Ocean,Neuston net,0.0,Low
17.1,-47.55,2015,2,Atlantic Ocean,Grab sample,0.011,Low
21.39,-81.96,2001,3,Atlantic Ocean,Neuston net,0.0216,Low
24.14,-81.98,2008,5,Atlantic Ocean,Neuston net,0.0,Low
40.910469,0.833376,2021,3,Atlantic Ocean,Manta net,0.326,High
